node,in_degree,out_degree,total_degree,in_degree_centrality,out_degree_centrality,degree_centrality,betweenness_centrality,inward_closeness,outward_closeness
1,25,33,58,0.013171759747102212,0.01738672286617492,0.030558482613277132,0.004208998788092232,0.25387436876320774,0.36268382368474644
2,5,0,5,0.0026343519494204425,0.0,0.0026343519494204425,0.0,0.22430349763320437,0.0
3,41,175,216,0.02160168598524763,0.09220231822971549,0.11380400421496312,0.016286829440952676,0.26901568896159245,0.44536359245187473
4,1,0,1,0.0005268703898840885,0.0,0.0005268703898840885,0.0,0.1945599172693419,0.0
5,0,1,1,0.0,0.0005268703898840885,0.0005268703898840885,0.0,0.0,0.0005268703898840885
6,49,45,94,0.025816649104320334,0.02370916754478398,0.04952581664910432,0.0028899078778117835,0.26878223594831946,0.34340677914569384
7,5,0,5,0.0026343519494204425,0.0,0.0026343519494204425,0.0,0.22161945327441354,0.0
8,62,28,90,0.032665964172813484,0.014752370916754477,0.04741833508956796,0.0049843250531752745,0.2744182485745246,0.35506710746604814
9,53,237,290,0.02792413066385669,0.12486828240252897,0.15279241306638566,0.0246854385597769,0.27645944352077967,0.44123583232671104
10,2,1,3,0.001053740779768177,0.0005268703898840885,0.0015806111696522653,0.0003691147855329223,0.1986742768420303,0.0005268703898840885
11,3,0,3,0.0015806111696522653,0.0,0.0015806111696522653,0.0,0.2230002598368709,0.0
12,33,141,174,0.01738672286617492,0.07428872497365648,0.09167544783983139,0.007850314802789738,0.2606396043964489,0.4297071051162744
13,3,0,3,0.0015806111696522653,0.0,0.0015806111696522653,0.0,0.22119802336564354,0.0
14,3,0,3,0.0015806111696522653,0.0,0.0015806111696522653,0.0,0.21742525334094914,0.0
15,4,0,4,0.002107481559536354,0.0,0.002107481559536354,0.0,0.22943295963985758,0.0
16,1,0,1,0.0005268703898840885,0.0,0.0005268703898840885,0.0,0.19841792842201755,0.0
17,2,0,2,0.001053740779768177,0.0,0.001053740779768177,0.0,0.21773048299000053,0.0
18,2,0,2,0.001053740779768177,0.0,0.001053740779768177,0.0,0.2024760844863495,0.0
19,27,105,132,0.01422550052687039,0.05532139093782929,0.06954689146469968,0.0074201075105723956,0.2509263272139725,0.3661337608863621
20,6,2,8,0.0031612223393045306,0.001053740779768177,0.004214963119072708,0.0006953626633881105,0.23299525816649105,0.001053740779768177
21,2,0,2,0.001053740779768177,0.0,0.001053740779768177,0.0,0.17704282019350512,0.0
22,3,0,3,0.0015806111696522653,0.0,0.0015806111696522653,0.0,0.2038899655799528,0.0
23,2,0,2,0.001053740779768177,0.0,0.001053740779768177,0.0,0.2079508568266508,0.0
24,1,0,1,0.0005268703898840885,0.0,0.0005268703898840885,0.0,0.19841792842201755,0.0
25,2,1,3,0.001053740779768177,0.0005268703898840885,0.0015806111696522653,4.314464641778905e-05,0.19124128325097872,0.0005268703898840885
26,18,15,33,0.009483667017913592,0.007903055848261327,0.01738672286617492,0.0008436937621087735,0.2584645868354215,0.33006146917342005
27,40,48,88,0.02107481559536354,0.025289778714436245,0.046364594309799785,0.005121376729420081,0.26464830238488757,0.384580551135101
28,1,0,1,0.0005268703898840885,0.0,0.0005268703898840885,0.0,0.19226861245852528,0.0
29,13,18,31,0.00684931506849315,0.009483667017913592,0.016332982086406742,0.0008097168626753546,0.23941772472902353,0.3203589361677909
30,15,13,28,0.007903055848261327,0.00684931506849315,0.014752370916754477,0.000809603768835711,0.24065790978330495,0.3306647619337443
31,1,0,1,0.0005268703898840885,0.0,0.0005268703898840885,0.0,0.17930252105958813,0.0
32,137,182,319,0.07218124341412012,0.0958904109589041,0.16807165437302424,0.04116792473108579,0.31788579872505657,0.4441607936507526
33,3,0,3,0.0015806111696522653,0.0,0.0015806111696522653,0.0,0.2306270345227416,0.0
34,40,37,77,0.02107481559536354,0.019494204425711273,0.04056902002107481,0.0014286535620889724,0.26218402643152944,0.3385230001009572
35,2,0,2,0.001053740779768177,0.0,0.001053740779768177,0.0,0.20907213756442652,0.0
36,16,86,102,0.008429926238145416,0.04531085353003161,0.053740779768177024,0.003689905196564079,0.23898667429869866,0.4055294580900056
37,1,0,1,0.0005268703898840885,0.0,0.0005268703898840885,0.0,0.178374560916094,0.0
38,6,37,43,0.0031612223393045306,0.019494204425711273,0.022655426765015804,0.0003967370512916326,0.22352181613503497,0.33187798799110535
39,7,0,7,0.0036880927291886192,0.0,0.0036880927291886192,0.0,0.23154518146286698,0.0
40,2,0,2,0.001053740779768177,0.0,0.001053740779768177,0.0,0.2031834245194896,0.0
41,55,178,233,0.028977871443624865,0.09378292939936775,0.12276080084299261,0.016368511900692908,0.28021115490752124,0.4224817637878363
42,120,160,280,0.06322444678609061,0.08429926238145416,0.1475237091675448,0.03524007525110205,0.30595330578641433,0.42980919756225117
43,3,1,4,0.0015806111696522653,0.0005268703898840885,0.002107481559536354,2.9125441382976303e-06,0.22123337849365246,0.24959532457774766
44,25,67,92,0.013171759747102212,0.03530031612223393,0.04847207586933614,0.0072409585493096095,0.2522204640807113,0.39603040992546307
45,1,0,1,0.0005268703898840885,0.0,0.0005268703898840885,0.0,0.18563337009759873,0.0
46,4,1,5,0.002107481559536354,0.0005268703898840885,0.0026343519494204425,2.281597100738638e-05,0.21901155196499467,0.0005268703898840885
47,5,5,10,0.0026343519494204425,0.0026343519494204425,0.005268703898840885,5.7926377263793394e-05,0.2115619739693398,0.264020273283642
48,48,35,83,0.025289778714436245,0.0184404636459431,0.04373024236037935,0.0025342081055588542,0.2703462873649521,0.3513433506582861
49,1,0,1,0.0005268703898840885,0.0,0.0005268703898840885,0.0,0.19841792842201755,0.0
50,45,34,79,0.02370916754478398,0.01791359325605901,0.04162276080084299,0.0017039018756006912,0.2653284379421303,0.35059436289525486
51,33,43,76,0.01738672286617492,0.022655426765015804,0.040042149631190724,0.0028092947269838593,0.2563255695650594,0.35120693312745394
52,46,31,77,0.02423603793466807,0.016332982086406742,0.04056902002107481,0.003523611573486331,0.2715313236918002,0.37223599023446813
53,10,66,76,0.005268703898840885,0.03477344573234984,0.040042149631190724,0.0026566518736928332,0.230451435930888,0.3820627059217561
54,3,2,5,0.0015806111696522653,0.001053740779768177,0.0026343519494204425,0.0003692443373777536,0.201688775705088,0.26298399658955013
55,2,0,2,0.001053740779768177,0.0,0.001053740779768177,0.0,0.1957467573199963,0.0
56,14,12,26,0.0073761854583772385,0.006322444678609061,0.0136986301369863,0.0016708163400060057,0.240907490192725,0.32548882917227695
57,4,6,10,0.002107481559536354,0.0031612223393045306,0.005268703898840885,2.421915642762486e-05,0.22207939523741405,0.28448921411220557
58,28,4,32,0.014752370916754477,0.002107481559536354,0.01685985247629083,0.0002910065321171418,0.2584645868354215,0.2903333192969853
59,18,0,18,0.009483667017913592,0.0,0.009483667017913592,0.0,0.25137225399763974,0.0
60,20,15,35,0.01053740779768177,0.007903055848261327,0.0184404636459431,0.0003700970160739454,0.2584645868354215,0.33507444203362013
61,22,7,29,0.011591148577449946,0.0036880927291886192,0.015279241306638566,0.0015330945808141217,0.25276936607000555,0.33414608654220823
62,36,41,77,0.018967334035827184,0.02160168598524763,0.04056902002107481,0.0022192892789243707,0.2671593414816965,0.3525758940829302
63,71,67,138,0.03740779768177028,0.03530031612223393,0.07270811380400422,0.009787683057072488,0.2830277763245021,0.39361769202339325
64,5,0,5,0.0026343519494204425,0.0,0.0026343519494204425,0.0,0.23074140448779132,0.0
65,5,0,5,0.0026343519494204425,0.0,0.0026343519494204425,0.0,0.22088300125783583,0.0
66,4,1,5,0.002107481559536354,0.0005268703898840885,0.0026343519494204425,1.6167460213748143e-06,0.22668460348215186,0.2574451277272684
67,62,146,208,0.032665964172813484,0.07692307692307691,0.1095890410958904,0.016328026765131523,0.2825973812875123,0.4182813670611596
68,32,31,63,0.01685985247629083,0.016332982086406742,0.033192834562697573,0.001398237148108628,0.26948381371036556,0.35646638670729364
69,14,39,53,0.0073761854583772385,0.02054794520547945,0.02792413066385669,0.000943058125072736,0.24336830530993722,0.35409413046379234
70,10,14,24,0.005268703898840885,0.0073761854583772385,0.012644889357218123,0.00024376712957611664,0.23293562037436458,0.33175626490730153
71,1,2,3,0.0005268703898840885,0.001053740779768177,0.0015806111696522653,8.338963854646599e-07,0.2057529206539726,0.28121668156995416
72,75,59,134,0.039515279241306635,0.03108535300316122,0.07060063224446786,0.01071297261103105,0.2913703950057511,0.39361769202339325
73,31,28,59,0.016332982086406742,0.014752370916754477,0.03108535300316122,0.0014117671110852588,0.2691715497315586,0.35161650389494953
74,42,43,85,0.022128556375131715,0.022655426765015804,0.04478398314014752,0.0026224407868090764,0.2715313236918002,0.3478305926820833
75,11,5,16,0.005795574288724973,0.0026343519494204425,0.008429926238145416,0.00013336130423697955,0.2343455711660379,0.2955508760887952
76,5,2,7,0.0026343519494204425,0.001053740779768177,0.0036880927291886192,0.0008934727782271224,0.22368324257904196,0.21840720904738806
77,1,0,1,0.0005268703898840885,0.0,0.0005268703898840885,0.0,0.21885702829239473,0.0
78,8,1,9,0.004214963119072708,0.0005268703898840885,0.004741833508956796,0.000535005098383763,0.22807564793160048,0.22599211899306873
79,9,11,20,0.004741833508956796,0.005795574288724973,0.01053740779768177,6.08863111792753e-05,0.22696145326657066,0.30651760632658676
80,14,10,24,0.0073761854583772385,0.005268703898840885,0.012644889357218123,0.00011320053900740769,0.24725390890722201,0.32713687387694673
81,12,3,15,0.006322444678609061,0.0015806111696522653,0.007903055848261327,0.00025412843108505226,0.2410324746234346,0.31555327272623673
82,3,0,3,0.0015806111696522653,0.0,0.0015806111696522653,0.0,0.22035995365836195,0.0
83,2,12,14,0.001053740779768177,0.006322444678609061,0.0073761854583772385,1.5672644457495258e-05,0.1952059222002816,0.31566339426618656
84,15,15,30,0.007903055848261327,0.007903055848261327,0.015806111696522653,0.0004692841360371295,0.24549014258212426,0.32904090806466263
85,21,10,31,0.011064278187565857,0.005268703898840885,0.016332982086406742,0.00044487799855959584,0.24991398323650899,0.3322436937629964
86,10,1,11,0.005268703898840885,0.0005268703898840885,0.005795574288724973,4.1968956276732564e-06,0.23553363489818516,0.2584012159033731
87,8,11,19,0.004214963119072708,0.005795574288724973,0.010010537407797681,7.82958486587706e-05,0.23328651510754214,0.32496262125732267
88,33,12,45,0.01738672286617492,0.006322444678609061,0.02370916754478398,0.002243537840832731,0.2748240726629223,0.3485006573953988
89,2,0,2,0.001053740779768177,0.0,0.001053740779768177,0.0,0.20155514063228555,0.0
90,27,17,44,0.01422550052687039,0.008956796628029505,0.023182297154899893,0.0005869906757825775,0.26344774303185153,0.3363203035024196
91,1,4,5,0.0005268703898840885,0.002107481559536354,0.0026343519494204425,2.836951082330271e-06,0.17685195844563006,0.26127482850079653
92,3,0,3,0.0015806111696522653,0.0,0.0015806111696522653,0.0,0.20542606717423012,0.0
93,5,5,10,0.0026343519494204425,0.0026343519494204425,0.005268703898840885,4.362268474885265e-05,0.22723898011086827,0.3082936115438847
94,5,5,10,0.0026343519494204425,0.0026343519494204425,0.005268703898840885,0.0004020158800897765,0.21117731583485008,0.28284348226071215
95,52,80,132,0.0273972602739726,0.04214963119072708,0.06954689146469968,0.008084275539968284,0.26307479888826174,0.36546806313929603
96,8,15,23,0.004214963119072708,0.007903055848261327,0.012118018967334035,0.0008072000060484085,0.2338148439037092,0.33108838077223923
97,72,39,111,0.03793466807165437,0.02054794520547945,0.05848261327713382,0.006655430594990054,0.2864303913912886,0.3713953833996131
98,9,2,11,0.004741833508956796,0.001053740779768177,0.005795574288724973,7.143955712969461e-06,0.24725390890722201,0.27220386887443804
99,14,9,23,0.0073761854583772385,0.004741833508956796,0.012118018967334035,0.0003238001211842291,0.2427325469366093,0.32030221539297365
100,3,1,4,0.0015806111696522653,0.0005268703898840885,0.002107481559536354,0.0005143721465816194,0.19845796447529698,0.2535838116820178
101,43,23,66,0.022655426765015804,0.012118018967334035,0.03477344573234984,0.0031603526138360774,0.2682390847786779,0.34249657564171054
102,21,11,32,0.011064278187565857,0.005795574288724973,0.01685985247629083,0.0002637151797567924,0.2532516188807142,0.3123389006456345
103,106,233,339,0.05584826132771338,0.12276080084299261,0.178609062170706,0.0298446228852284,0.2953528892795106,0.4253625470349201
104,5,5,10,0.0026343519494204425,0.0026343519494204425,0.005268703898840885,2.554189278310639e-05,0.21523747733920323,0.31505867512008273
105,90,219,309,0.04741833508956796,0.11538461538461538,0.16280295047418333,0.032538020441266906,0.30305942259404445,0.4613789626471602
106,2,1,3,0.001053740779768177,0.0005268703898840885,0.0015806111696522653,8.93510216254282e-06,0.2063011078315587,0.28056248643602905
107,1,0,1,0.0005268703898840885,0.0,0.0005268703898840885,0.0,0.21173608288947948,0.0
108,3,0,3,0.0015806111696522653,0.0,0.0015806111696522653,0.0,0.2122673549952697,0.0
109,24,7,31,0.012644889357218123,0.0036880927291886192,0.016332982086406742,0.0006153194390269989,0.2548492017754636,0.3354472302131495
110,2,1,3,0.001053740779768177,0.0005268703898840885,0.0015806111696522653,3.4551569066750185e-07,0.2135555480747737,0.29244534635297686
111,2,1,3,0.001053740779768177,0.0005268703898840885,0.0015806111696522653,9.074483223126021e-06,0.20574399387558312,0.0005268703898840885
112,4,0,4,0.002107481559536354,0.0,0.002107481559536354,0.0,0.20687703277823846,0.0
113,1,0,1,0.0005268703898840885,0.0,0.0005268703898840885,0.0,0.178374560916094,0.0
114,6,9,15,0.0031612223393045306,0.004741833508956796,0.007903055848261327,8.909434483393387e-05,0.2242230187435667,0.35161650389494953
115,4,0,4,0.002107481559536354,0.0,0.002107481559536354,0.0,0.21183247992243623,0.0
116,2,0,2,0.001053740779768177,0.0,0.001053740779768177,0.0,0.193106471114186,0.0
117,2,0,2,0.001053740779768177,0.0,0.001053740779768177,0.0,0.21436998025783516,0.0
118,10,17,27,0.005268703898840885,0.008956796628029505,0.01422550052687039,0.0007815277108104566,0.24178511310781692,0.3476968888217404
119,11,8,19,0.005795574288724973,0.004214963119072708,0.010010537407797681,0.0002335067307397361,0.2291443131130309,0.3075075493012944
120,12,5,17,0.006322444678609061,0.0026343519494204425,0.008956796628029505,0.000560872865393596,0.22937057261746244,0.2726551488379073
121,9,6,15,0.004741833508956796,0.0031612223393045306,0.007903055848261327,0.00012170356150605186,0.24426398256396958,0.3172132057758224
122,5,0,5,0.0026343519494204425,0.0,0.0026343519494204425,0.0,0.21701960921158173,0.0
123,5,0,5,0.0026343519494204425,0.0,0.0026343519494204425,0.0,0.22445250465491132,0.0
124,36,30,66,0.018967334035827184,0.015806111696522653,0.03477344573234984,0.0011320931688518702,0.2598378606469073,0.3453735991866199
125,4,3,7,0.002107481559536354,0.0015806111696522653,0.0036880927291886192,7.23038952171231e-05,0.23410939523137828,0.2702520036658971
126,4,0,4,0.002107481559536354,0.0,0.002107481559536354,0.0,0.20116301000848733,0.0
127,20,18,38,0.01053740779768177,0.009483667017913592,0.020021074815595362,0.000399900635639937,0.25463967927468906,0.32707772781405087
128,66,71,137,0.03477344573234984,0.03740779768177028,0.07218124341412012,0.010652797134705528,0.28097374952323567,0.3899691555377269
129,4,1,5,0.002107481559536354,0.0005268703898840885,0.0026343519494204425,8.490103945385237e-07,0.21987226447547098,0.2604847966219604
130,1,0,1,0.0005268703898840885,0.0,0.0005268703898840885,0.0,0.21885702829239473,0.0
131,21,30,51,0.011064278187565857,0.015806111696522653,0.026870389884088512,0.0019687527587534215,0.24607526209569397,0.35120693312745394
132,29,19,48,0.015279241306638566,0.010010537407797681,0.025289778714436245,0.0015431897187195788,0.26344774303185153,0.3503227948372415
133,2,2,4,0.001053740779768177,0.001053740779768177,0.002107481559536354,1.0919475683472382e-06,0.19205874114785867,0.2552655443120524
134,6,2,8,0.0031612223393045306,0.001053740779768177,0.004214963119072708,7.141326338706095e-06,0.22723898011086827,0.3079787048926652
135,20,8,28,0.01053740779768177,0.004214963119072708,0.014752370916754477,0.001686063682060045,0.25436085126562835,0.33414608654220823
136,3,0,3,0.0015806111696522653,0.0,0.0015806111696522653,0.0,0.2168678826146032,0.0
137,2,1,3,0.001053740779768177,0.0005268703898840885,0.0015806111696522653,1.618726558662223e-05,0.20016779614955096,0.0005268703898840885
138,2,0,2,0.001053740779768177,0.0,0.001053740779768177,0.0,0.1982938367374392,0.0
139,1,0,1,0.0005268703898840885,0.0,0.0005268703898840885,0.0,0.18493244918506804,0.0
140,14,14,28,0.0073761854583772385,0.0073761854583772385,0.014752370916754477,0.0003799017426176307,0.24311360274027746,0.3381433481382271
141,5,0,5,0.0026343519494204425,0.0,0.0026343519494204425,0.0,0.22570460448684512,0.0
142,29,26,55,0.015279241306638566,0.0136986301369863,0.028977871443624865,0.0025483856164153404,0.26909359677768324,0.36912199806968277
143,15,31,46,0.007903055848261327,0.016332982086406742,0.02423603793466807,0.0009497886289018824,0.23235313570226065,0.3665789083160112
144,63,75,138,0.033192834562697573,0.039515279241306635,0.07270811380400422,0.012726701792496404,0.2804648927477635,0.4006792718802913
145,8,23,31,0.004214963119072708,0.012118018967334035,0.016332982086406742,0.00021245471431390582,0.22255812926307553,0.3373865931629085
146,4,9,13,0.002107481559536354,0.004741833508956796,0.00684931506849315,5.4692007936948215e-05,0.22250483469189186,0.33206074018713566
147,7,4,11,0.0036880927291886192,0.002107481559536354,0.005795574288724973,1.9852367638970857e-05,0.20988935840825398,0.26398174705085586
148,3,0,3,0.0015806111696522653,0.0,0.0015806111696522653,0.0,0.20452309545038733,0.0
149,17,3,20,0.008956796628029505,0.0015806111696522653,0.01053740779768177,0.0006239930114314865,0.254082633216664,0.29872307010229776
150,1,0,1,0.0005268703898840885,0.0,0.0005268703898840885,0.0,0.19841792842201755,0.0
151,8,8,16,0.004214963119072708,0.004214963119072708,0.008429926238145416,0.0006290371855700975,0.23387369485863083,0.3212692084069464
152,13,8,21,0.00684931506849315,0.004214963119072708,0.011064278187565857,0.00011003233983257691,0.2418480452038887,0.3142923753543286
153,1,0,1,0.0005268703898840885,0.0,0.0005268703898840885,0.0,0.19841792842201755,0.0
154,19,6,25,0.010010537407797681,0.0031612223393045306,0.013171759747102212,0.00022776210804582354,0.25242602273114384,0.30824108238874
155,20,13,33,0.01053740779768177,0.00684931506849315,0.01738672286617492,0.00033187679999247997,0.2565378767734236,0.35195854329562554
156,2,0,2,0.001053740779768177,0.0,0.001053740779768177,0.0,0.20874385022415037,0.0
157,6,0,6,0.0031612223393045306,0.0,0.0031612223393045306,0.0,0.22903767765179975,0.0
158,4,0,4,0.002107481559536354,0.0,0.002107481559536354,0.0,0.22074396794551496,0.0
159,1,0,1,0.0005268703898840885,0.0,0.0005268703898840885,0.0,0.18652637488459858,0.0
160,6,10,16,0.0031612223393045306,0.005268703898840885,0.008429926238145416,0.0004187316137044713,0.22373710322016382,0.3266643034560338
161,11,12,23,0.005795574288724973,0.006322444678609061,0.012118018967334035,0.0003347624521433793,0.23416839457493455,0.3219553145647829
162,7,5,12,0.0036880927291886192,0.0026343519494204425,0.006322444678609061,3.221342708123639e-05,0.22060308396802955,0.2813041381650622
163,13,14,27,0.00684931506849315,0.0073761854583772385,0.01422550052687039,0.00024283825047493118,0.24771532649249275,0.3453735991866199
164,7,5,12,0.0036880927291886192,0.0026343519494204425,0.006322444678609061,0.0003902897935077749,0.23476002770928253,0.28156683463650045
165,3,0,3,0.0015806111696522653,0.0,0.0015806111696522653,0.0,0.2230002598368709,0.0
166,7,1,8,0.0036880927291886192,0.0005268703898840885,0.004214963119072708,9.943146948227459e-06,0.2295972793855548,0.2604847966219604
167,6,3,9,0.0031612223393045306,0.0015806111696522653,0.004741833508956796,4.419821410758017e-05,0.21659211880497445,0.25903019938996497
168,12,4,16,0.006322444678609061,0.002107481559536354,0.008429926238145416,0.00010830606187936035,0.2364326182374912,0.3066215105999178
169,1,0,1,0.0005268703898840885,0.0,0.0005268703898840885,0.0,0.2003401688480651,0.0
170,1,0,1,0.0005268703898840885,0.0,0.0005268703898840885,0.0,0.17944081841482112,0.0
171,1,1,2,0.0005268703898840885,0.0005268703898840885,0.001053740779768177,0.0,0.17924000572402402,0.2441385846881937
172,26,27,53,0.0136986301369863,0.01422550052687039,0.02792413066385669,0.002208651237012579,0.25724811452750285,0.3437983490192921
173,14,8,22,0.0073761854583772385,0.004214963119072708,0.011591148577449946,0.00011532218106518333,0.24904320280711348,0.34399446901302816
174,14,9,23,0.0073761854583772385,0.004741833508956796,0.012118018967334035,0.00014832430485304087,0.24837748988862346,0.3118543203826091
175,40,13,53,0.02107481559536354,0.00684931506849315,0.02792413066385669,0.0016143665051405595,0.2651769947697889,0.34308115162896174
176,45,115,160,0.02370916754478398,0.060590094836670175,0.08429926238145416,0.010134895015283984,0.27256679075193324,0.4031796105503711
177,14,5,19,0.0073761854583772385,0.0026343519494204425,0.010010537407797681,0.00016009344916254506,0.24607526209569397,0.3129332144161071
178,1,0,1,0.0005268703898840885,0.0,0.0005268703898840885,0.0,0.17601287768096507,0.0
179,2,0,2,0.001053740779768177,0.0,0.001053740779768177,0.0,0.2191662939941739,0.0
180,9,7,16,0.004741833508956796,0.0036880927291886192,0.008429926238145416,0.00011217039674583565,0.23685449647548823,0.3403060407335431
181,19,22,41,0.010010537407797681,0.011591148577449946,0.02160168598524763,0.0004529538087764597,0.24857682976814885,0.33903053083574125
182,3,0,3,0.0015806111696522653,0.0,0.0015806111696522653,0.0,0.21875413359174012,0.0
183,10,13,23,0.005268703898840885,0.00684931506849315,0.012118018967334035,0.001122537681982225,0.24096996620159242,0.329100766334276
184,17,7,24,0.008956796628029505,0.0036880927291886192,0.012644889357218123,0.0006118919085040981,0.25731935465891453,0.32252931227304604
185,12,6,18,0.006322444678609061,0.0031612223393045306,0.009483667017913592,0.0007240697734598771,0.25133356496438747,0.3209272507609571
186,3,1,4,0.0015806111696522653,0.0005268703898840885,0.002107481559536354,6.980403060543352e-06,0.2049812904640063,0.24156321438636869
187,1,3,4,0.0005268703898840885,0.0015806111696522653,0.002107481559536354,0.0005149276240617293,0.0005268703898840885,0.2590333166667947
188,4,0,4,0.002107481559536354,0.0,0.002107481559536354,0.0,0.22619836759826506,0.0
189,10,36,46,0.005268703898840885,0.018967334035827184,0.02423603793466807,0.00044444873672755793,0.2248741988560843,0.3561155339644715
190,8,2,10,0.004214963119072708,0.001053740779768177,0.005268703898840885,1.2030020542701797e-05,0.23607220266090964,0.28165450919189094
191,45,35,80,0.02370916754478398,0.0184404636459431,0.04214963119072708,0.002532557391280716,0.26144631110673616,0.3255474019326102
192,4,0,4,0.002107481559536354,0.0,0.002107481559536354,0.0,0.22046436491335283,0.0
193,39,55,94,0.02054794520547945,0.028977871443624865,0.04952581664910432,0.0034345098868693138,0.26137276784060204,0.3603718949281903
194,97,139,236,0.05110642781875658,0.0732349841938883,0.12434141201264488,0.019577507526843882,0.3000258926940072,0.4195424194201102
195,3,0,3,0.0015806111696522653,0.0,0.0015806111696522653,0.0,0.22337496022545902,0.0
196,1,0,1,0.0005268703898840885,0.0,0.0005268703898840885,0.0,0.19640778478245302,0.0
197,1,0,1,0.0005268703898840885,0.0,0.0005268703898840885,0.0,0.19640778478245302,0.0
198,8,7,15,0.004214963119072708,0.0036880927291886192,0.007903055848261327,0.00034836449878712124,0.2352950594260168,0.29926665219843096
199,43,59,102,0.022655426765015804,0.03108535300316122,0.053740779768177024,0.005584761263983903,0.27433722753863016,0.3730034871215495
200,1,0,1,0.0005268703898840885,0.0,0.0005268703898840885,0.0,0.19640778478245302,0.0
201,10,8,18,0.005268703898840885,0.004214963119072708,0.009483667017913592,0.000594116074278553,0.22796373642623657,0.29145592275487603
202,3,0,3,0.0015806111696522653,0.0,0.0015806111696522653,0.0,0.2143206090048969,0.0
203,5,3,8,0.0026343519494204425,0.0015806111696522653,0.004214963119072708,0.00010911508909201328,0.2303371813766337,0.3056889003953219
204,25,78,103,0.013171759747102212,0.0410958904109589,0.05426765015806111,0.0034524343701439145,0.25533943107264095,0.3860578131753127
205,1,1,2,0.0005268703898840885,0.0005268703898840885,0.001053740779768177,1.3678406186383556e-06,0.18722147686345764,0.20149999025835547
206,1,1,2,0.0005268703898840885,0.0005268703898840885,0.001053740779768177,0.0,0.21003168844334094,0.29348911624586554
207,1,0,1,0.0005268703898840885,0.0,0.0005268703898840885,0.0,0.21025306920453288,0.0
208,1,0,1,0.0005268703898840885,0.0,0.0005268703898840885,0.0,0.1941539921342087,0.0
209,28,23,51,0.014752370916754477,0.012118018967334035,0.026870389884088512,0.0008774421426037754,0.269640217548851,0.3514115991724
210,2,0,2,0.001053740779768177,0.0,0.001053740779768177,0.0,0.21511328809506758,0.0
211,20,28,48,0.01053740779768177,0.014752370916754477,0.025289778714436245,0.002818206448913133,0.25297582076595165,0.3586571991553361
212,63,73,136,0.033192834562697573,0.03846153846153846,0.07165437302423604,0.008599401678418729,0.27836434681645905,0.38887938790617266
213,1,0,1,0.0005268703898840885,0.0,0.0005268703898840885,0.0,0.18604160021976457,0.0
214,21,38,59,0.011064278187565857,0.020021074815595362,0.03108535300316122,0.0009540813848857628,0.24659771488145973,0.3508663523156546
215,8,3,11,0.004214963119072708,0.0015806111696522653,0.005795574288724973,2.630695197659374e-05,0.23452301607100967,0.3029248011620086
216,3,0,3,0.0015806111696522653,0.0,0.0015806111696522653,0.0,0.2169690100954214,0.0
217,1,0,1,0.0005268703898840885,0.0,0.0005268703898840885,0.0,0.19640778478245302,0.0
218,1,0,1,0.0005268703898840885,0.0,0.0005268703898840885,0.0,0.19640778478245302,0.0
219,6,7,13,0.0031612223393045306,0.0036880927291886192,0.00684931506849315,0.0001335905445369811,0.23062303044759005,0.3306647619337443
220,27,41,68,0.01422550052687039,0.02160168598524763,0.03582718651211802,0.0017751346055161002,0.2566087240191495,0.38005607406292335
221,23,12,35,0.012118018967334035,0.006322444678609061,0.0184404636459431,0.0017916574066729957,0.2547094818183499,0.3307252125300759
222,7,1,8,0.0036880927291886192,0.0005268703898840885,0.004214963119072708,6.834518385661385e-06,0.2321209567008095,0.21315740692111645
223,4,0,4,0.002107481559536354,0.0,0.002107481559536354,0.0,0.22321422026847262,0.0
224,30,23,53,0.015806111696522653,0.012118018967334035,0.02792413066385669,0.0020358629406382117,0.2608591211884729,0.3573112606240401
225,2,4,6,0.001053740779768177,0.002107481559536354,0.0031612223393045306,2.065165867292242e-05,0.22002846073249832,0.31003717438552103
226,4,1,5,0.002107481559536354,0.0005268703898840885,0.0026343519494204425,1.8272807335169594e-06,0.21385044641503806,0.24925143462930768
227,1,3,4,0.0005268703898840885,0.0015806111696522653,0.002107481559536354,5.289820392048071e-06,0.17886047924414636,0.29306122023967524
228,24,23,47,0.012644889357218123,0.012118018967334035,0.02476290832455216,0.001710809795682199,0.2606396043964489,0.34282109390553633
229,0,1,1,0.0,0.0005268703898840885,0.0005268703898840885,0.0,0.0,0.0005268703898840885
230,1,0,1,0.0005268703898840885,0.0,0.0005268703898840885,0.0,0.0005268703898840885,0.0
231,1,0,1,0.0005268703898840885,0.0,0.0005268703898840885,0.0,0.17548181864968174,0.0
232,2,1,3,0.001053740779768177,0.0005268703898840885,0.0015806111696522653,3.1660555080171495e-06,0.19273598624213656,0.28183002220587555
233,28,20,48,0.014752370916754477,0.01053740779768177,0.025289778714436245,0.0012607057550406773,0.2595475390148995,0.3501871685132627
234,25,31,56,0.013171759747102212,0.016332982086406742,0.029504741833508954,0.00231959598993802,0.2554096178321441,0.35520654084812786
235,2,3,5,0.001053740779768177,0.0015806111696522653,0.0026343519494204425,2.4511475144244025e-05,0.21345742928402028,0.27733664150536796
236,29,14,43,0.015279241306638566,0.0073761854583772385,0.022655426765015804,0.0008120855122329672,0.2671593414816965,0.3270186031344026
237,4,4,8,0.002107481559536354,0.002107481559536354,0.004214963119072708,2.453930220011114e-05,0.23819025626078963,0.32030221539297365
238,3,0,3,0.0015806111696522653,0.0,0.0015806111696522653,0.0,0.2194764349762411,0.0
239,9,7,16,0.004741833508956796,0.0036880927291886192,0.008429926238145416,0.00013144415041393715,0.2313119715392931,0.3006592841182508
240,1,0,1,0.0005268703898840885,0.0,0.0005268703898840885,0.0,0.20046964332168515,0.0
241,6,2,8,0.0031612223393045306,0.001053740779768177,0.004214963119072708,1.2310651667320626e-05,0.22640842828297766,0.26233568917336353
242,38,29,67,0.020021074815595362,0.015279241306638566,0.03530031612223393,0.0016567572136409522,0.28122887096650734,0.35381711569323593
243,4,1,5,0.002107481559536354,0.0005268703898840885,0.0026343519494204425,2.956076762609242e-05,0.22841204269256152,0.20134300640395272
244,7,6,13,0.0036880927291886192,0.0031612223393045306,0.00684931506849315,0.00019551057480868085,0.22229191140510535,0.3015111520899192
245,16,20,36,0.008429926238145416,0.01053740779768177,0.018967334035827184,0.0006271459040663887,0.23631235749576307,0.33563393553608817
246,1,0,1,0.0005268703898840885,0.0,0.0005268703898840885,0.0,0.18604160021976457,0.0
247,2,1,3,0.001053740779768177,0.0005268703898840885,0.0015806111696522653,1.576648695032984e-06,0.202744968290059,0.21572464971852076
248,9,5,14,0.004741833508956796,0.0026343519494204425,0.0073761854583772385,0.0010830645099289412,0.2295972793855548,0.276869744802497
249,97,168,265,0.05110642781875658,0.08851422550052686,0.13962065331928344,0.024577626606520037,0.3000258926940072,0.4336210240986374
250,42,53,95,0.022128556375131715,0.02792413066385669,0.05005268703898841,0.0037087062712120285,0.27819766157884446,0.3737741554833709
251,4,0,4,0.002107481559536354,0.0,0.002107481559536354,0.0,0.22630838625954824,0.0
252,46,40,86,0.02423603793466807,0.02107481559536354,0.04531085353003161,0.00379902603758958,0.2766240517038822,0.36897142821527945
253,1,0,1,0.0005268703898840885,0.0,0.0005268703898840885,0.0,0.17358330242478315,0.0
254,66,57,123,0.03477344573234984,0.030031612223393043,0.06480505795574289,0.00391132519237112,0.28097374952323567,0.3666532048114137
255,1,1,2,0.0005268703898840885,0.0005268703898840885,0.001053740779768177,0.0,0.18632047115968325,0.2644834667455431
256,21,5,26,0.011064278187565857,0.0026343519494204425,0.0136986301369863,0.00013817383724091883,0.24679420708455255,0.2877930182213674
257,13,20,33,0.00684931506849315,0.01053740779768177,0.01738672286617492,0.0009775987197529123,0.24096996620159242,0.3358208488100084
258,1,1,2,0.0005268703898840885,0.0005268703898840885,0.001053740779768177,0.0,0.16952749309858425,0.17849698199699213
259,8,12,20,0.004214963119072708,0.006322444678609061,0.01053740779768177,0.0005011121435336338,0.22718342045802942,0.32892125682536644
260,48,33,81,0.025289778714436245,0.01738672286617492,0.04267650158061117,0.004034866309052655,0.2647991421126647,0.35402483611340807
261,3,4,7,0.0015806111696522653,0.002107481559536354,0.0036880927291886192,3.7626109485898306e-06,0.21045983911060936,0.2838197227077997
262,2,0,2,0.001053740779768177,0.0,0.001053740779768177,0.0,0.20879068528141403,0.0
263,55,51,106,0.028977871443624865,0.026870389884088512,0.05584826132771338,0.004837105574538726,0.2867840091584384,0.3797369673676564
264,1,1,2,0.0005268703898840885,0.0005268703898840885,0.001053740779768177,4.275905813319584e-07,0.17024882625306667,0.0005268703898840885
265,9,0,9,0.004741833508956796,0.0,0.004741833508956796,0.0,0.23672858923919166,0.0
266,11,68,79,0.005795574288724973,0.03582718651211802,0.04162276080084299,0.003556987243602506,0.24178511310781692,0.37799141507302864
267,5,3,8,0.0026343519494204425,0.0015806111696522653,0.004214963119072708,4.189857573945556e-06,0.22662931455447327,0.2810419314182873
268,0,1,1,0.0,0.0005268703898840885,0.0005268703898840885,0.0,0.0,0.22895322643170865
269,6,3,9,0.0031612223393045306,0.0015806111696522653,0.004741833508956796,1.5071689518064636e-05,0.2298244347448282,0.29749496999498687
270,5,0,5,0.0026343519494204425,0.0,0.0026343519494204425,0.0,0.2230002598368709,0.0
271,11,8,19,0.005795574288724973,0.004214963119072708,0.010010537407797681,0.00013046754659388937,0.239788436044733,0.33163463107965446
272,20,21,41,0.01053740779768177,0.011064278187565857,0.02160168598524763,0.0006576079666850601,0.25228894642230254,0.3417202328181933
273,5,3,8,0.0026343519494204425,0.0015806111696522653,0.004214963119072708,4.241410437111687e-05,0.22055072149853794,0.2668633887799845
274,12,17,29,0.006322444678609061,0.008956796628029505,0.015279241306638566,0.0005768934295286407,0.22790782184776562,0.33763846818579973
275,1,1,2,0.0005268703898840885,0.0005268703898840885,0.001053740779768177,0.0,0.1748885405640766,0.0007024938531787846
276,10,12,22,0.005268703898840885,0.006322444678609061,0.011591148577449946,0.0002363738115759829,0.23241125304485755,0.3163810620041125
277,61,85,146,0.032139093782929395,0.04478398314014752,0.07692307692307691,0.007106399752876232,0.2728869866882057,0.39293373426140643
278,21,9,30,0.011064278187565857,0.004741833508956796,0.015806111696522653,0.00046252416978968775,0.2610790080565722,0.3259580022593721
279,2,0,2,0.001053740779768177,0.0,0.001053740779768177,0.0,0.2037171813264585,0.0
280,3,1,4,0.0015806111696522653,0.0005268703898840885,0.002107481559536354,3.869089204122972e-06,0.21132139860662733,0.27836081128473844
281,40,31,71,0.02107481559536354,0.016332982086406742,0.03740779768177028,0.002137198439035133,0.26800697711950977,0.368595540452224
282,18,18,36,0.009483667017913592,0.009483667017913592,0.018967334035827184,0.0015576020932696526,0.24718813239514242,0.349578147350631
283,32,31,63,0.01685985247629083,0.016332982086406742,0.033192834562697573,0.003589616561115362,0.2716901139395732,0.3665789083160112
284,5,0,5,0.0026343519494204425,0.0,0.0026343519494204425,0.0,0.22559517195133633,0.0
285,17,9,26,0.008956796628029505,0.004741833508956796,0.0136986301369863,0.000260454271857878,0.24890977489240299,0.3074030437620247
286,8,12,20,0.004214963119072708,0.006322444678609061,0.01053740779768177,0.0001459007267234329,0.22607790503000982,0.3187783105796503
287,1,0,1,0.0005268703898840885,0.0,0.0005268703898840885,0.0,0.19234809514246845,0.0
288,26,15,41,0.0136986301369863,0.007903055848261327,0.02160168598524763,0.0009293620484517346,0.2635224587842713,0.34334160420184384
289,40,40,80,0.02107481559536354,0.02107481559536354,0.04214963119072708,0.001994989321964788,0.262925916715716,0.34649816367353287
290,4,4,8,0.002107481559536354,0.002107481559536354,0.004214963119072708,4.5867587226859905e-05,0.21513780728718232,0.3050188690843897
291,11,7,18,0.005795574288724973,0.0036880927291886192,0.009483667017913592,0.0006384854646515334,0.24837748988862346,0.33108838077223923
292,2,0,2,0.001053740779768177,0.0,0.001053740779768177,0.0,0.1925072578194585,0.0
293,3,0,3,0.0015806111696522653,0.0,0.0015806111696522653,0.0,0.21601209013446201,0.0
294,14,15,29,0.0073761854583772385,0.007903055848261327,0.015279241306638566,0.0007310496548308239,0.2391712199931378,0.3437330253732691
295,4,1,5,0.002107481559536354,0.0005268703898840885,0.0026343519494204425,5.139254287858063e-07,0.22618797216975178,0.26029739748770003
296,35,29,64,0.0184404636459431,0.015279241306638566,0.03371970495258166,0.002051418315461943,0.2651013379952469,0.3548581625224628
297,69,69,138,0.03635405690200211,0.03635405690200211,0.07270811380400422,0.006125103498687534,0.2821682932503311,0.38449881244197986
298,18,14,32,0.009483667017913592,0.0073761854583772385,0.01685985247629083,0.000689145164511781,0.24851034759918172,0.33638283981768596
299,31,11,42,0.016332982086406742,0.005795574288724973,0.022128556375131715,0.0009867555125725271,0.2624802795687402,0.3169353385668387
300,10,7,17,0.005268703898840885,0.0036880927291886192,0.008956796628029505,0.0007506604447056155,0.2303371813766337,0.30594738923380943
301,1,1,2,0.0005268703898840885,0.0005268703898840885,0.001053740779768177,0.0,0.20155752487491113,0.28056248643602905
302,47,40,87,0.02476290832455216,0.02107481559536354,0.045837723919915696,0.003347829294191002,0.2733686936373464,0.3687458036158816
303,19,19,38,0.010010537407797681,0.010010537407797681,0.020021074815595362,0.0008437703632650025,0.24784747657331033,0.33909407920140866
304,4,1,5,0.002107481559536354,0.0005268703898840885,0.0026343519494204425,0.0005154375704108786,0.21252977805886103,0.2537616653863817
305,6,4,10,0.0031612223393045306,0.002107481559536354,0.005268703898840885,0.0005599038847804653,0.22541974519003893,0.2995143894932972
306,47,41,88,0.02476290832455216,0.02160168598524763,0.046364594309799785,0.0035530322168148545,0.272726794738286,0.3590843415124087
307,10,16,26,0.005268703898840885,0.008429926238145416,0.0136986301369863,0.0002096475380684225,0.23270227640203864,0.33770149571392855
308,81,84,165,0.04267650158061117,0.04425711275026343,0.0869336143308746,0.009501598497365106,0.29516524449597853,0.39157292479210287
309,41,36,77,0.02160168598524763,0.018967334035827184,0.04056902002107481,0.0026247173903840657,0.26639340300267783,0.33770149571392855
310,1,3,4,0.0005268703898840885,0.0015806111696522653,0.002107481559536354,1.618916823093404e-06,0.19744585415923085,0.2932037135396297
311,30,12,42,0.015806111696522653,0.006322444678609061,0.022128556375131715,0.0008643875736274924,0.2641968125315156,0.3300012609521188
312,13,9,22,0.00684931506849315,0.004741833508956796,0.011591148577449946,0.00037608929192254004,0.243240887349042,0.32796717051115215
313,14,10,24,0.0073761854583772385,0.005268703898840885,0.012644889357218123,0.0001759938376146177,0.2390481578783999,0.31363850772183
314,25,24,49,0.013171759747102212,0.012644889357218123,0.025816649104320334,0.0008346330947402009,0.257105752538279,0.3532643844052949
315,18,6,24,0.009483667017913592,0.0031612223393045306,0.012644889357218123,9.717875226396012e-05,0.2510619264180871,0.2956958013304209
316,32,18,50,0.01685985247629083,0.009483667017913592,0.026343519494204423,0.0011967111302254683,0.26093237564541993,0.3233363561285997
317,45,51,96,0.02370916754478398,0.026870389884088512,0.05057955742887249,0.0050908138324761215,0.27580296517463354,0.3806958991034333
318,23,17,40,0.012118018967334035,0.008956796628029505,0.02107481559536354,0.0012495359803811072,0.257105752538279,0.3416556964191719
319,18,14,32,0.009483667017913592,0.0073761854583772385,0.01685985247629083,0.0005973417457454822,0.25576113120653465,0.32241434905355826
320,1,0,1,0.0005268703898840885,0.0,0.0005268703898840885,0.0,0.16243324913584611,0.0
321,31,105,136,0.016332982086406742,0.05532139093782929,0.07165437302423604,0.006246861336783595,0.253182612990011,0.3892978077339176
322,11,6,17,0.005795574288724973,0.0031612223393045306,0.008956796628029505,5.781856199135299e-05,0.2473197204347459,0.30636188188645475
323,57,96,153,0.030031612223393043,0.05057955742887249,0.08061116965226554,0.008704895719600649,0.2776988014564675,0.40299998051671093
324,9,5,14,0.004741833508956796,0.0026343519494204425,0.0073761854583772385,0.0005336991353329492,0.23819025626078963,0.2940615917652008
325,77,76,153,0.04056902002107481,0.040042149631190724,0.08061116965226554,0.010468499145859948,0.29283964376720467,0.3892978077339176
326,7,5,12,0.0036880927291886192,0.0026343519494204425,0.006322444678609061,0.0011057559830035544,0.22123337849365246,0.2938705186061591
327,8,15,23,0.004214963119072708,0.007903055848261327,0.012118018967334035,0.00014444189244630355,0.22846820498483902,0.3298207680108506
328,5,2,7,0.0026343519494204425,0.001053740779768177,0.0036880927291886192,0.00011523818982558948,0.21060294416893482,0.27017128323469464
329,10,8,18,0.005268703898840885,0.004214963119072708,0.009483667017913592,0.00047571181008808475,0.22492863463406934,0.29530964945143895
330,1,0,1,0.0005268703898840885,0.0,0.0005268703898840885,0.0,0.19841792842201755,0.0
331,2,0,2,0.001053740779768177,0.0,0.001053740779768177,0.0,0.1978273988731425,0.0
332,17,12,29,0.008956796628029505,0.006322444678609061,0.015279241306638566,0.00022704759495673912,0.25133356496438747,0.32281707932539533
333,12,7,19,0.006322444678609061,0.0036880927291886192,0.010010537407797681,0.0001631212847464733,0.24134550381125724,0.3201888340777903
334,10,20,30,0.005268703898840885,0.01053740779768177,0.015806111696522653,0.000980571331163517,0.2414082072417096,0.346564542632091
335,10,18,28,0.005268703898840885,0.009483667017913592,0.014752370916754477,0.00031812184758550486,0.2321209567008095,0.32229946776046947
336,4,6,10,0.002107481559536354,0.0031612223393045306,0.005268703898840885,1.872971753678162e-05,0.22149706547636241,0.3001106357895679
337,41,39,80,0.02160168598524763,0.02054794520547945,0.04214963119072708,0.0019924329199541664,0.27433722753863016,0.37223599023446813
338,13,15,28,0.00684931506849315,0.007903055848261327,0.014752370916754477,0.001309156818018788,0.23505696677797633,0.32030221539297365
339,24,28,52,0.012644889357218123,0.014752370916754477,0.0273972602739726,0.0011681703741394265,0.2623320693600622,0.3512751286484495
340,6,2,8,0.0031612223393045306,0.001053740779768177,0.004214963119072708,1.7837805634186623e-05,0.22160271635424286,0.266706016886262
341,40,32,72,0.02107481559536354,0.01685985247629083,0.03793466807165437,0.002196535523057686,0.26100567125655627,0.3487694066974195
342,33,61,94,0.01738672286617492,0.032139093782929395,0.04952581664910432,0.0034525317391974645,0.257390634258543,0.370028004201169
343,33,15,48,0.01738672286617492,0.007903055848261327,0.025289778714436245,0.001585077193435273,0.258177324165974,0.3056889003953219
344,8,8,16,0.004214963119072708,0.004214963119072708,0.008429926238145416,8.341281024675847e-05,0.24745144864802673,0.3335300354976982
345,7,13,20,0.0036880927291886192,0.00684931506849315,0.01053740779768177,0.0011715377592721127,0.22707238261811835,0.3186660053795165
346,37,29,66,0.019494204425711273,0.015279241306638566,0.03477344573234984,0.0034436928345308636,0.26909359677768324,0.3422374030532568
347,3,1,4,0.0015806111696522653,0.0005268703898840885,0.002107481559536354,2.2506735167936364e-07,0.20547991810555957,0.24417153631252736
348,3,1,4,0.0015806111696522653,0.0005268703898840885,0.002107481559536354,1.2548109192885745e-06,0.2052529687813873,0.24120892167193536
349,23,10,33,0.012118018967334035,0.005268703898840885,0.01738672286617492,0.003914722367869597,0.24984678399390706,0.32958041766068774
350,13,29,42,0.00684931506849315,0.015279241306638566,0.022128556375131715,0.0007371735736253109,0.2388024131774198,0.33744952668149886
351,5,5,10,0.0026343519494204425,0.0026343519494204425,0.005268703898840885,2.7363378800550208e-05,0.23246939946793604,0.29715290941844863
352,21,8,29,0.011064278187565857,0.004214963119072708,0.015279241306638566,0.00031754679381825607,0.2527006227014796,0.3049674498549419
353,38,28,66,0.020021074815595362,0.014752370916754477,0.03477344573234984,0.0029722233131397,0.27945268862356104,0.35858610754004266
354,4,2,6,0.002107481559536354,0.001053740779768177,0.0031612223393045306,3.731787886130366e-06,0.2179128024562243,0.28462349158897343
355,16,7,23,0.008429926238145416,0.0036880927291886192,0.012118018967334035,0.00010216519034065132,0.2556204098138488,0.3127168388140908
356,16,14,30,0.008429926238145416,0.0073761854583772385,0.015806111696522653,0.0014309105567407233,0.24009824022566936,0.3276701526063241
357,40,135,175,0.02107481559536354,0.07112750263435194,0.09220231822971549,0.005843920119037382,0.2621100676088407,0.4032694856307435
358,24,15,39,0.012644889357218123,0.007903055848261327,0.02054794520547945,0.0007819172628011178,0.26159352186749446,0.35681793146736
359,8,3,11,0.004214963119072708,0.0015806111696522653,0.005795574288724973,3.938767294943681e-05,0.23583253545008637,0.29497259294627676
360,3,0,3,0.0015806111696522653,0.0,0.0015806111696522653,0.0,0.22294683380432737,0.0
361,12,21,33,0.006322444678609061,0.011064278187565857,0.01738672286617492,0.0002885541449260711,0.23016601180910093,0.32648744135345875
362,7,4,11,0.0036880927291886192,0.002107481559536354,0.005795574288724973,5.805836767499506e-05,0.22492863463406934,0.28729028307757903
363,3,6,9,0.0015806111696522653,0.0031612223393045306,0.004741833508956796,2.416007610954818e-05,0.22154987831982365,0.31196187489903693
364,12,9,21,0.006322444678609061,0.004741833508956796,0.011064278187565857,0.00018916124628674247,0.22569351218686917,0.3014609086051517
365,27,9,36,0.01422550052687039,0.004741833508956796,0.018967334035827184,0.00035087584155353997,0.2638217460742023,0.30424939665985795
366,6,5,11,0.0031612223393045306,0.0026343519494204425,0.005795574288724973,7.506826166152445e-05,0.21699677479526866,0.3183295640576307
367,18,17,35,0.009483667017913592,0.008956796628029505,0.0184404636459431,0.0003092127446816868,0.2540131737762002,0.35059436289525486
368,51,37,88,0.026870389884088512,0.019494204425711273,0.046364594309799785,0.00399880695517271,0.2762128982382106,0.3518216477128579
369,1,0,1,0.0005268703898840885,0.0,0.0005268703898840885,0.0,0.20046964332168515,0.0
370,7,6,13,0.0036880927291886192,0.0031612223393045306,0.00684931506849315,0.00017002762346105817,0.2252558035571734,0.2784893646150731
371,27,11,38,0.01422550052687039,0.005795574288724973,0.020021074815595362,0.001243878916252155,0.2617408984995325,0.33181711528604463
372,115,121,236,0.060590094836670175,0.06375131717597471,0.12434141201264488,0.017693440636883096,0.30595330578641433,0.40644055550202546
373,12,5,17,0.006322444678609061,0.0026343519494204425,0.008956796628029505,6.239248846751818e-05,0.23776361045888955,0.30682953062067764
374,6,1,7,0.0031612223393045306,0.0005268703898840885,0.0036880927291886192,7.190876667671726e-06,0.2331109356932615,0.21572464971852076
375,26,15,41,0.0136986301369863,0.007903055848261327,0.02160168598524763,0.001318519639215566,0.2591855480260363,0.3436024525241244
376,21,14,35,0.011064278187565857,0.0073761854583772385,0.0184404636459431,0.0008828415805673723,0.2588245653686185,0.3351986126625005
377,11,42,53,0.005795574288724973,0.022128556375131715,0.02792413066385669,0.000817500810998806,0.23874105592840195,0.3794979887852979
378,29,21,50,0.015279241306638566,0.011064278187565857,0.026343519494204423,0.0009277280777204398,0.26662272300526263,0.361885759659835
379,20,14,34,0.01053740779768177,0.0073761854583772385,0.01791359325605901,0.0006412530777409591,0.2540131737762002,0.332732557024005
380,3,0,3,0.0015806111696522653,0.0,0.0015806111696522653,0.0,0.20656605644822693,0.0
381,2,0,2,0.001053740779768177,0.0,0.001053740779768177,0.0,0.20510912151184976,0.0
382,3,0,3,0.0015806111696522653,0.0,0.0015806111696522653,0.0,0.2160622438586632,0.0
383,2,0,2,0.001053740779768177,0.0,0.001053740779768177,0.0,0.2094957416252279,0.0
384,2,2,4,0.001053740779768177,0.001053740779768177,0.002107481559536354,1.4499532847767636e-06,0.18447095288333143,0.25224022762681475
385,5,5,10,0.0026343519494204425,0.0026343519494204425,0.005268703898840885,6.512705150983317e-05,0.23898667429869866,0.32548882917227695
386,22,9,31,0.011591148577449946,0.004741833508956796,0.016332982086406742,0.0005082688247353739,0.24824477415798565,0.2989205076899398
387,4,3,7,0.002107481559536354,0.0015806111696522653,0.0036880927291886192,8.671693509466268e-06,0.21961242960844726,0.27746425038949624
388,30,24,54,0.015806111696522653,0.012644889357218123,0.02845100105374078,0.0008640276325445265,0.2596926186901454,0.33127026415299676
389,58,58,116,0.030558482613277132,0.030558482613277132,0.061116965226554264,0.004654692295657641,0.2752310988368899,0.38400910900860014
390,2,1,3,0.001053740779768177,0.0005268703898840885,0.0015806111696522653,9.953630355750887e-07,0.2005569155349321,0.24292559588284077
391,26,18,44,0.0136986301369863,0.009483667017913592,0.023182297154899893,0.0010375562969579446,0.25625487856407625,0.3539555688787938
392,32,30,62,0.01685985247629083,0.015806111696522653,0.032665964172813484,0.0022547790163468203,0.2669290978665155,0.362175558065969
393,51,33,84,0.026870389884088512,0.01738672286617492,0.04425711275026343,0.003607275028492814,0.2753126487921009,0.35951250249195454
394,33,27,60,0.01738672286617492,0.01422550052687039,0.031612223393045306,0.0016533364428136198,0.2698751640061982,0.35409413046379234
395,3,4,7,0.0015806111696522653,0.002107481559536354,0.0036880927291886192,8.829389114469193e-06,0.21108136975768751,0.2922091604812656
396,37,19,56,0.019494204425711273,0.010010537407797681,0.029504741833508954,0.0014061160922716335,0.2722473453481806,0.34910592677335295
397,1,0,1,0.0005268703898840885,0.0,0.0005268703898840885,0.0,0.18652637488459858,0.0
398,41,68,109,0.02160168598524763,0.03582718651211802,0.05742887249736564,0.00459966450716605,0.2652526947397489,0.38425380470253084
399,6,12,18,0.0031612223393045306,0.006322444678609061,0.009483667017913592,0.0011001781383387795,0.21007917469440207,0.28121668156995416
400,92,217,309,0.04847207586933614,0.1143308746048472,0.16280295047418333,0.033130186640064924,0.2859895936206034,0.4248630607185334
401,6,4,10,0.0031612223393045306,0.002107481559536354,0.005268703898840885,0.0005453860168527601,0.2258032052669114,0.283997945453613
402,23,14,37,0.012118018967334035,0.0073761854583772385,0.019494204425711273,0.0013438610567238164,0.2529069650716767,0.3316954368425954
403,5,5,10,0.0026343519494204425,0.0026343519494204425,0.005268703898840885,1.7738970257046702e-05,0.21598795668836362,0.2991182064384119
404,9,5,14,0.004741833508956796,0.0026343519494204425,0.0073761854583772385,5.2331248437059144e-05,0.24028450728558062,0.29372737660976056
405,23,13,36,0.012118018967334035,0.00684931506849315,0.018967334035827184,0.00038884288490805794,0.24897647097356385,0.31385616109290687
406,2,0,2,0.001053740779768177,0.0,0.001053740779768177,0.0,0.214271260487972,0.0
407,13,9,22,0.00684931506849315,0.004741833508956796,0.011591148577449946,0.0006096557874677225,0.24375136140433903,0.3160494256707749
408,14,8,22,0.0073761854583772385,0.004214963119072708,0.011591148577449946,0.00013443471818742756,0.2370357626717705,0.30156141232530675
409,14,24,38,0.0073761854583772385,0.012644889357218123,0.020021074815595362,0.0006532767215734321,0.24817846946403324,0.361813382507903
410,5,1,6,0.0026343519494204425,0.0005268703898840885,0.0031612223393045306,3.5261438779797438e-06,0.21223850837673378,0.22447783999745816
411,3,0,3,0.0015806111696522653,0.0,0.0015806111696522653,0.0,0.21854863417079903,0.0
412,1,0,1,0.0005268703898840885,0.0,0.0005268703898840885,0.0,0.18615324750935436,0.0
413,16,8,24,0.008429926238145416,0.004214963119072708,0.012644889357218123,0.0005376153328665118,0.24343206436293957,0.31440161844621395
414,2,3,5,0.001053740779768177,0.0015806111696522653,0.0026343519494204425,2.1438851616795747e-06,0.2069443629562005,0.28802211630942764
415,26,28,54,0.0136986301369863,0.014752370916754477,0.02845100105374078,0.001671323325856869,0.2657838071147999,0.3523698699921144
416,4,1,5,0.002107481559536354,0.0005268703898840885,0.0026343519494204425,2.205939274615275e-06,0.2047554406508022,0.27814681927114315
417,2,0,2,0.001053740779768177,0.0,0.001053740779768177,0.0,0.21973555709545747,0.0
418,12,13,25,0.006322444678609061,0.00684931506849315,0.013171759747102212,0.0007760883260284938,0.2364326182374912,0.3179379459647654
419,9,0,9,0.004741833508956796,0.0,0.004741833508956796,0.0,0.231718148480892,0.0
420,4,0,4,0.002107481559536354,0.0,0.002107481559536354,0.0,0.21441937426250285,0.0
421,5,6,11,0.0026343519494204425,0.0031612223393045306,0.005795574288724973,5.4538236283493495e-05,0.21151381508612344,0.28945070600632244
422,24,31,55,0.012644889357218123,0.016332982086406742,0.028977871443624865,0.0009177963012418372,0.26285153880433954,0.35709966690476025
423,8,30,38,0.004214963119072708,0.015806111696522653,0.020021074815595362,0.0002554019924993215,0.22229191140510535,0.3387765753819317
424,4,8,12,0.002107481559536354,0.004214963119072708,0.006322444678609061,4.966239746303067e-05,0.22223874424141124,0.3056889003953219
425,9,10,19,0.004741833508956796,0.005268703898840885,0.010010537407797681,9.995051479938005e-05,0.22729456694553335,0.3059991394687948
426,1,1,2,0.0005268703898840885,0.0005268703898840885,0.001053740779768177,0.0,0.15401627543068794,0.20342594316198304
427,2,2,4,0.001053740779768177,0.001053740779768177,0.002107481559536354,0.000882931454634432,0.19744585415923085,0.2569332356965652
428,3,1,4,0.0015806111696522653,0.0005268703898840885,0.002107481559536354,1.5929672622449864e-06,0.21404749819703764,0.29608296440908594
429,33,26,59,0.01738672286617492,0.0136986301369863,0.03108535300316122,0.002319413669267284,0.263149303220997,0.35520654084812786
430,12,23,35,0.006322444678609061,0.012118018967334035,0.0184404636459431,0.0008711937036217606,0.24897647097356385,0.3616687150218943
431,35,75,110,0.0184404636459431,0.039515279241306635,0.05795574288724973,0.0028274004078395628,0.25352801901046124,0.3806158031852546
432,5,3,8,0.0026343519494204425,0.0015806111696522653,0.004214963119072708,8.861652975763079e-06,0.21976825678177397,0.26654883049057243
433,2,1,3,0.001053740779768177,0.0005268703898840885,0.0015806111696522653,3.0237046546525337e-05,0.1990987038380611,0.0005268703898840885
434,2,1,3,0.001053740779768177,0.0005268703898840885,0.0015806111696522653,6.798172289508071e-06,0.18673232471768467,0.0005268703898840885
435,1,2,3,0.0005268703898840885,0.001053740779768177,0.0015806111696522653,0.0,0.20763803121191965,0.2884354133513258
436,3,0,3,0.0015806111696522653,0.0,0.0015806111696522653,0.0,0.21476577066680413,0.0
437,48,7,55,0.025289778714436245,0.0036880927291886192,0.028977871443624865,0.0013642761613915071,0.2647991421126647,0.3131498896554466
438,15,5,20,0.007903055848261327,0.0026343519494204425,0.01053740779768177,0.0006218749278402702,0.23270227640203864,0.29173793138840753
439,23,20,43,0.012118018967334035,0.01053740779768177,0.022655426765015804,0.000561834565208971,0.2602016773098125,0.3319998004293476
440,20,15,35,0.01053740779768177,0.007903055848261327,0.0184404636459431,0.0006304832643488203,0.24210010153031275,0.3151135538302587
441,5,2,7,0.0026343519494204425,0.001053740779768177,0.0036880927291886192,2.8380777507600904e-05,0.22779607493830362,0.2635971022205326
442,8,10,18,0.004214963119072708,0.005268703898840885,0.009483667017913592,0.0002755053468089341,0.2109855108250092,0.31217720665047716
443,8,9,17,0.004214963119072708,0.004741833508956796,0.008956796628029505,0.00033343669537099874,0.23352103284074902,0.35195854329562554
444,1,0,1,0.0005268703898840885,0.0,0.0005268703898840885,0.0,0.20327218966781616,0.0
445,13,4,17,0.00684931506849315,0.002107481559536354,0.008956796628029505,0.0007691554794460422,0.2508585825251999,0.29131512279219246
446,2,0,2,0.001053740779768177,0.0,0.001053740779768177,0.0,0.20832327832981026,0.0
447,18,32,50,0.009483667017913592,0.01685985247629083,0.026343519494204423,0.0013434491247607048,0.24484326473605805,0.3740833152480387
448,27,40,67,0.01422550052687039,0.02107481559536354,0.03530031612223393,0.0012269476075871394,0.2588966814358708,0.3549974318170163
449,22,11,33,0.011591148577449946,0.005795574288724973,0.01738672286617492,0.0003445210393458427,0.2549191192519452,0.3227019109060855
450,3,0,3,0.0015806111696522653,0.0,0.0015806111696522653,0.0,0.2068415390751861,0.0
451,7,2,9,0.0036880927291886192,0.001053740779768177,0.004741833508956796,0.0005369382884566587,0.22668460348215186,0.31754729024741357
452,8,0,8,0.004214963119072708,0.0,0.004214963119072708,0.0,0.23293619131395804,0.0
453,4,3,7,0.002107481559536354,0.0015806111696522653,0.0036880927291886192,0.00038050893322210555,0.22460241471436798,0.30771677369272243
454,55,43,98,0.028977871443624865,0.022655426765015804,0.05163329820864067,0.0034451417040120675,0.2750681437754116,0.3616687150218943
455,1,0,1,0.0005268703898840885,0.0,0.0005268703898840885,0.0,0.19905456348647324,0.0
456,43,36,79,0.022655426765015804,0.018967334035827184,0.04162276080084299,0.002492997260903219,0.2760487788690851,0.3673978295165547
457,3,1,4,0.0015806111696522653,0.0005268703898840885,0.002107481559536354,1.8647375574351343e-06,0.20390173133055525,0.2669815396309792
458,1,0,1,0.0005268703898840885,0.0,0.0005268703898840885,0.0,0.19905456348647324,0.0
459,2,0,2,0.001053740779768177,0.0,0.001053740779768177,0.0,0.2102055758525553,0.0
460,39,14,53,0.02054794520547945,0.0073761854583772385,0.02792413066385669,0.0017294998533507193,0.2676210223713538,0.31844163220199173
461,2,1,3,0.001053740779768177,0.0005268703898840885,0.0015806111696522653,0.0,0.21528734700494448,0.23878919120109757
462,21,24,45,0.011064278187565857,0.012644889357218123,0.02370916754478398,0.002805974488221552,0.2641217139492156,0.37269610888741556
463,36,26,62,0.018967334035827184,0.0136986301369863,0.032665964172813484,0.0021778524470978068,0.2619622750700142,0.3594410714364226
464,7,0,7,0.0036880927291886192,0.0,0.0036880927291886192,0.0,0.22977286032080552,0.0
465,8,6,14,0.004214963119072708,0.0031612223393045306,0.0073761854583772385,9.72743120290326e-05,0.2392944088780171,0.3183855882681301
466,10,3,13,0.005268703898840885,0.0015806111696522653,0.00684931506849315,1.9739776781388607e-05,0.240907490192725,0.3020649378092361
467,2,1,3,0.001053740779768177,0.0005268703898840885,0.0015806111696522653,2.788000654698717e-07,0.2048908907769218,0.27564633742793165
468,22,16,38,0.011591148577449946,0.008429926238145416,0.020021074815595362,0.0008227868658400035,0.25208361087176895,0.3223568981716884
469,9,13,22,0.004741833508956796,0.00684931506849315,0.011591148577449946,0.0006120329285519143,0.22618797216975178,0.3148393512947294
470,6,6,12,0.0031612223393045306,0.0031612223393045306,0.006322444678609061,3.280475868503403e-05,0.22309248251460753,0.31217720665047716
471,4,0,4,0.002107481559536354,0.0,0.002107481559536354,0.0,0.21353375041286424,0.0
472,8,1,9,0.004214963119072708,0.0005268703898840885,0.004741833508956796,1.424572122986465e-06,0.23794627136321136,0.2734381669497454
473,9,7,16,0.004741833508956796,0.0036880927291886192,0.008429926238145416,6.174575685513501e-05,0.23966473811538314,0.3135841415391775
474,39,55,94,0.02054794520547945,0.028977871443624865,0.04952581664910432,0.004199239675904712,0.2691715497315586,0.39689927874934516
475,80,55,135,0.04214963119072708,0.028977871443624865,0.07112750263435194,0.010079611876144019,0.29210317185581275,0.3982974268030637
476,4,0,4,0.002107481559536354,0.0,0.002107481559536354,0.0,0.21834352048316807,0.0
477,8,5,13,0.004214963119072708,0.0026343519494204425,0.00684931506849315,0.0006664233396242025,0.22768443755778986,0.2857925612226722
478,2,0,2,0.001053740779768177,0.0,0.001053740779768177,0.0,0.18945034289480095,0.0
479,44,38,82,0.023182297154899893,0.020021074815595362,0.04320337197049526,0.0017605398920763394,0.2788656031432594,0.37548088678694796
480,10,1,11,0.005268703898840885,0.0005268703898840885,0.005795574288724973,6.7204016717564e-06,0.23800722071550726,0.27814681927114315
481,44,38,82,0.023182297154899893,0.020021074815595362,0.04320337197049526,0.0018981837039173648,0.2742562543309741,0.3543715793417268
482,52,53,105,0.0273972602739726,0.02792413066385669,0.05532139093782929,0.0034760780409572247,0.29018744212159286,0.3794979887852979
483,18,30,48,0.009483667017913592,0.015806111696522653,0.025289778714436245,0.000909787577144858,0.2550590693585892,0.3763401107841721
484,4,6,10,0.002107481559536354,0.0031612223393045306,0.005268703898840885,2.880430080731814e-05,0.21528734700494448,0.3282647273706251
485,1,2,3,0.0005268703898840885,0.001053740779768177,0.0015806111696522653,0.0,0.17810622765446432,0.2550855770642294
486,1,0,1,0.0005268703898840885,0.0,0.0005268703898840885,0.0,0.18833841009902094,0.0
487,10,8,18,0.005268703898840885,0.004214963119072708,0.009483667017913592,0.00012988208887617373,0.24587991258887015,0.33501239121102133
488,7,4,11,0.0036880927291886192,0.002107481559536354,0.005795574288724973,0.0003327465999847694,0.23589240661927907,0.3297005490321697
489,4,1,5,0.002107481559536354,0.0005268703898840885,0.0026343519494204425,1.1227706815253992e-06,0.22531042426608644,0.28701680351253617
490,2,0,2,0.001053740779768177,0.0,0.001053740779768177,0.0,0.20883754135979857,0.0
491,1,0,1,0.0005268703898840885,0.0,0.0005268703898840885,0.0,0.18615324750935436,0.0
492,15,24,39,0.007903055848261327,0.012644889357218123,0.02054794520547945,0.00037912710688511636,0.23782446625885342,0.33006146917342005
493,2,3,5,0.001053740779768177,0.0015806111696522653,0.0026343519494204425,4.0207120910575375e-06,0.2089923953381332,0.2887116042993162
494,9,14,23,0.004741833508956796,0.0073761854583772385,0.012118018967334035,0.0009229191224577913,0.24222632681786768,0.3492407167064701
495,62,56,118,0.032665964172813484,0.029504741833508954,0.06217070600632244,0.005509265044492249,0.278949321427001,0.3919122427511948
496,9,10,19,0.004741833508956796,0.005268703898840885,0.010010537407797681,0.00011352154953038318,0.2294272073267507,0.31467505871273527
497,8,8,16,0.004214963119072708,0.004214963119072708,0.008429926238145416,7.289291835582184e-05,0.22846820498483902,0.3086091628351271
498,45,43,88,0.02370916754478398,0.022655426765015804,0.046364594309799785,0.004641668720162586,0.2757211245321485,0.37086242569485756
499,2,0,2,0.001053740779768177,0.0,0.001053740779768177,0.0,0.22439838058819928,0.0
500,3,0,3,0.0015806111696522653,0.0,0.0015806111696522653,0.0,0.213680845992942,0.0
501,7,6,13,0.0036880927291886192,0.0031612223393045306,0.00684931506849315,9.621920448786575e-05,0.22729456694553335,0.2946842991593932
502,61,35,96,0.032139093782929395,0.0184404636459431,0.05057955742887249,0.003730850337238524,0.28354598403214537,0.37846588128441744
503,15,23,38,0.007903055848261327,0.012118018967334035,0.020021074815595362,0.0006919585828903862,0.2523574659623412,0.3709384688414015
504,21,17,38,0.011064278187565857,0.008956796628029505,0.020021074815595362,0.0012548660289772695,0.2566796104070001,0.3441253400303434
505,3,0,3,0.0015806111696522653,0.0,0.0015806111696522653,0.0,0.21676684935925047,0.0
506,1,0,1,0.0005268703898840885,0.0,0.0005268703898840885,0.0,0.18615324750935436,0.0
507,5,5,10,0.0026343519494204425,0.0026343519494204425,0.005268703898840885,7.041339286092899e-05,0.2107462439721797,0.30156141232530675
508,4,2,6,0.002107481559536354,0.001053740779768177,0.0031612223393045306,7.883595403778248e-06,0.22785193469184414,0.2894970255304073
509,41,50,91,0.02160168598524763,0.026343519494204423,0.04794520547945205,0.0023544588131036064,0.2701890635863159,0.35506710746604814
510,1,0,1,0.0005268703898840885,0.0,0.0005268703898840885,0.0,0.1977013138515535,0.0
511,8,3,11,0.004214963119072708,0.0015806111696522653,0.005795574288724973,6.2103188824619e-05,0.2282437213641219,0.2967142713694465
512,4,0,4,0.002107481559536354,0.0,0.002107481559536354,0.0,0.212170561855737,0.0
513,55,38,93,0.028977871443624865,0.020021074815595362,0.04899894625922023,0.004032018466651351,0.2760487788690851,0.3623206313918516
514,37,33,70,0.019494204425711273,0.01738672286617492,0.0368809272918862,0.0020777143854407002,0.26909359677768324,0.3360703905888009
515,8,1,9,0.004214963119072708,0.0005268703898840885,0.004741833508956796,1.3253110777575765e-05,0.2375204983827557,0.29348911624586554
516,10,9,19,0.005268703898840885,0.004741833508956796,0.010010537407797681,0.0004593572920603144,0.23352103284074902,0.31996231208693227
517,14,19,33,0.0073761854583772385,0.010010537407797681,0.01738672286617492,0.0014842159238556924,0.23661323903064432,0.32784829875670807
518,13,14,27,0.00684931506849315,0.0073761854583772385,0.01422550052687039,0.0011790797695098623,0.24771532649249275,0.32707772781405087
519,4,0,4,0.002107481559536354,0.0,0.002107481559536354,0.0,0.2137790223522312,0.0
520,11,16,27,0.005795574288724973,0.008429926238145416,0.01422550052687039,0.0004899235639788294,0.24065790978330495,0.34809830912825
521,2,1,3,0.001053740779768177,0.0005268703898840885,0.0015806111696522653,3.9378555779228815e-06,0.20323276239574375,0.22922794127464713
522,3,3,6,0.0015806111696522653,0.0015806111696522653,0.0031612223393045306,5.536611479463862e-05,0.20094727285323105,0.29339392029508843
523,49,88,137,0.025816649104320334,0.046364594309799785,0.07218124341412012,0.01621291025999129,0.27645944352077967,0.39353206711758
524,1,0,1,0.0005268703898840885,0.0,0.0005268703898840885,0.0,0.19841792842201755,0.0
525,25,25,50,0.013171759747102212,0.013171759747102212,0.026343519494204423,0.001351314488384384,0.25208361087176895,0.36326644830110744
526,2,1,3,0.001053740779768177,0.0005268703898840885,0.0015806111696522653,0.0,0.18505879101241596,0.2211032647933898
527,30,12,42,0.015806111696522653,0.006322444678609061,0.022128556375131715,0.0015174040981873942,0.2708190584882951,0.34133337972443684
528,7,0,7,0.0036880927291886192,0.0,0.0036880927291886192,0.0,0.2321227448987933,0.0
529,3,0,3,0.0015806111696522653,0.0,0.0015806111696522653,0.0,0.2159619596888518,0.0
530,2,0,2,0.001053740779768177,0.0,0.001053740779768177,0.0,0.1941134927616317,0.0
531,1,0,1,0.0005268703898840885,0.0,0.0005268703898840885,0.0,0.18833841009902094,0.0
532,13,11,24,0.00684931506849315,0.005795574288724973,0.012644889357218123,0.00023390986958495534,0.24587991258887015,0.3249042587175854
533,1,0,1,0.0005268703898840885,0.0,0.0005268703898840885,0.0,0.20155514063228555,0.0
534,8,2,10,0.004214963119072708,0.001053740779768177,0.005268703898840885,0.00012191087260329012,0.23334510037000009,0.29391826361324375
535,3,3,6,0.0015806111696522653,0.0015806111696522653,0.0031612223393045306,8.33272535444669e-06,0.22070788353285994,0.2767426820467363
536,50,42,92,0.026343519494204423,0.022128556375131715,0.04847207586933614,0.004388279585431609,0.27264676927034637,0.35409413046379234
537,12,14,26,0.006322444678609061,0.0073761854583772385,0.0136986301369863,0.00040645313310723913,0.22277156309598187,0.31945380761778475
538,34,20,54,0.01791359325605901,0.01053740779768177,0.02845100105374078,0.0017407495350272853,0.2682390847786779,0.33934851107475433
539,6,21,27,0.0031612223393045306,0.011064278187565857,0.01422550052687039,0.00012453824282726786,0.22438545995492404,0.33694671494496464
540,32,26,58,0.01685985247629083,0.0136986301369863,0.030558482613277132,0.0013139133638989267,0.262702909152768,0.3387765753819317
541,4,1,5,0.002107481559536354,0.0005268703898840885,0.0026343519494204425,1.7818288215103196e-05,0.22107546744547713,0.29608296440908594
542,56,50,106,0.029504741833508954,0.026343519494204423,0.05584826132771338,0.003318404947938148,0.2779480076797309,0.35958396194385117
543,11,8,19,0.005795574288724973,0.004214963119072708,0.010010537407797681,0.00019975474128182115,0.2469253759429552,0.3315738476062161
544,24,12,36,0.012644889357218123,0.006322444678609061,0.018967334035827184,0.0005504154173679341,0.25099410850171266,0.31743585059475615
545,17,12,29,0.008956796628029505,0.006322444678609061,0.015279241306638566,0.0008137333787872798,0.2410324746234346,0.3013604718539922
546,23,42,65,0.012118018967334035,0.022128556375131715,0.03424657534246575,0.0015445713848809208,0.2689378262440927,0.37269610888741556
547,27,29,56,0.01422550052687039,0.015279241306638566,0.029504741833508954,0.0017755752416103029,0.2624061535366677,0.36421721613439
548,12,6,18,0.006322444678609061,0.0031612223393045306,0.009483667017913592,9.459705414901489e-05,0.24837748988862346,0.3215547302771979
549,21,14,35,0.011064278187565857,0.0073761854583772385,0.0184404636459431,0.00043076057033078713,0.26277720296191753,0.33675854663803334
550,2,0,2,0.001053740779768177,0.0,0.001053740779768177,0.0,0.20322779740101823,0.0
551,4,25,29,0.002107481559536354,0.013171759747102212,0.015279241306638566,0.00014477438837609048,0.2012519362515357,0.3501193947241175
552,4,9,13,0.002107481559536354,0.004741833508956796,0.00684931506849315,0.00013281238703128628,0.20292207680134097,0.30231733164096175
553,6,3,9,0.0031612223393045306,0.0015806111696522653,0.004741833508956796,1.612103462904449e-05,0.2321789579393654,0.29627692639035624
554,5,2,7,0.0026343519494204425,0.001053740779768177,0.0036880927291886192,3.1618164674776674e-06,0.22558392563081825,0.2733142336515358
555,20,58,78,0.01053740779768177,0.030558482613277132,0.0410958904109589,0.0020380199687190107,0.2501831420768283,0.36458422259966045
556,4,0,4,0.002107481559536354,0.0,0.002107481559536354,0.0,0.2218307709890971,0.0
557,28,32,60,0.014752370916754477,0.01685985247629083,0.031612223393045306,0.0009974835650082318,0.25824907995367996,0.3610191403990252
558,1,0,1,0.0005268703898840885,0.0,0.0005268703898840885,0.0,0.1968231988788626,0.0
559,4,1,5,0.002107481559536354,0.0005268703898840885,0.0026343519494204425,1.1935518189074768e-06,0.2231460589993613,0.2690862580008203
560,23,20,43,0.012118018967334035,0.01053740779768177,0.022655426765015804,0.0005068844226114867,0.2647237007616354,0.35681793146736
561,32,31,63,0.01685985247629083,0.016332982086406742,0.033192834562697573,0.0023460214653116245,0.2647237007616354,0.3718534249824286
562,6,6,12,0.0031612223393045306,0.0031612223393045306,0.006322444678609061,1.8539430128512458e-05,0.22107546744547713,0.28249014874133593
563,5,5,10,0.0026343519494204425,0.0026343519494204425,0.005268703898840885,0.0005269438177046276,0.22679526230738112,0.29661697205107646
564,4,0,4,0.002107481559536354,0.0,0.002107481559536354,0.0,0.2159619596888518,0.0
565,1,0,1,0.0005268703898840885,0.0,0.0005268703898840885,0.0,0.19841792842201755,0.0
566,9,0,9,0.004741833508956796,0.0,0.004741833508956796,0.0,0.2419605003378217,0.0
567,21,22,43,0.011064278187565857,0.011591148577449946,0.022655426765015804,0.0012988202957767321,0.2590410341994258,0.34288607136836907
568,3,2,5,0.0015806111696522653,0.001053740779768177,0.0026343519494204425,1.6608132850100963e-06,0.20160125616692132,0.2519240930983867
569,26,29,55,0.0136986301369863,0.015279241306638566,0.028977871443624865,0.001652945516048558,0.2603474894013282,0.37579287755286983
570,11,2,13,0.005795574288724973,0.001053740779768177,0.00684931506849315,0.000109828184380194,0.2291443131130309,0.3056372550328628
571,8,5,13,0.004214963119072708,0.0026343519494204425,0.00684931506849315,3.6835941879777875e-05,0.23733849033801796,0.31593903467333484
572,3,0,3,0.0015806111696522653,0.0,0.0015806111696522653,0.0,0.21319131369971644,0.0
573,20,17,37,0.01053740779768177,0.008956796628029505,0.019494204425711273,0.00040917695059297085,0.25832087563896033,0.34081893604738417
574,4,5,9,0.002107481559536354,0.0026343519494204425,0.004741833508956796,6.0307425470975336e-05,0.21252977805886103,0.30399376786078225
575,8,2,10,0.004214963119072708,0.001053740779768177,0.005268703898840885,0.00032267666374461237,0.22055072149853794,0.26588285016747726
576,23,22,45,0.012118018967334035,0.011591148577449946,0.02370916754478398,0.001973047256507317,0.2518786092906859,0.3556254988282908
577,4,1,5,0.002107481559536354,0.0005268703898840885,0.0026343519494204425,1.463540277286808e-07,0.22897491120585028,0.2746420088871285
578,4,3,7,0.002107481559536354,0.0015806111696522653,0.0036880927291886192,8.314222926595847e-06,0.21375205651560625,0.2797381958465309
579,3,0,3,0.0015806111696522653,0.0,0.0015806111696522653,0.0,0.20734850363174295,0.0
580,3,1,4,0.0015806111696522653,0.0005268703898840885,0.002107481559536354,1.1705425860228989e-06,0.20561632876152697,0.23986567389810598
581,2,5,7,0.001053740779768177,0.0026343519494204425,0.0036880927291886192,0.0004168730804510714,0.1858732125771835,0.3040959678163583
582,11,16,27,0.005795574288724973,0.008429926238145416,0.01422550052687039,0.0008668046246596828,0.24172221375477115,0.33526073249435046
583,26,21,47,0.0136986301369863,0.011064278187565857,0.02476290832455216,0.0005937860108072148,0.2602016773098125,0.344715494005243
584,2,0,2,0.001053740779768177,0.0,0.001053740779768177,0.0,0.2061085458027159,0.0
585,5,4,9,0.0026343519494204425,0.002107481559536354,0.004741833508956796,3.0070140589247348e-05,0.23299402950685566,0.31030307247676076
586,40,64,104,0.02107481559536354,0.03371970495258166,0.0547945205479452,0.004132371416247512,0.2683165433650997,0.37055856463324766
587,8,2,10,0.004214963119072708,0.001053740779768177,0.005268703898840885,1.2938857155890261e-05,0.2297676037767904,0.27640441750030786
588,20,14,34,0.01053740779768177,0.0073761854583772385,0.01791359325605901,0.00043620587294577925,0.23985033290483748,0.3171575933624676
589,6,3,9,0.0031612223393045306,0.0015806111696522653,0.004741833508956796,1.774491937118554e-05,0.22170846806808409,0.2796949462800735
590,41,34,75,0.02160168598524763,0.01791359325605901,0.039515279241306635,0.0015625758358212597,0.26502572437916155,0.3476968888217404
591,4,2,6,0.002107481559536354,0.001053740779768177,0.0031612223393045306,6.833208715270849e-06,0.22389884088514225,0.29192624052598276
592,22,17,39,0.011591148577449946,0.008956796628029505,0.02054794520547945,0.0009893312661105988,0.2522204640807113,0.3534024052626519
593,14,7,21,0.0073761854583772385,0.0036880927291886192,0.011064278187565857,0.00016970414506966747,0.24279597326191282,0.3190594202009727
594,15,19,34,0.007903055848261327,0.010010537407797681,0.01791359325605901,0.0007386636843829032,0.23739912868506396,0.32856282465301767
595,29,21,50,0.015279241306638566,0.011064278187565857,0.026343519494204423,0.0014336192461320914,0.26144631110673616,0.34497843488549107
596,37,31,68,0.019494204425711273,0.016332982086406742,0.03582718651211802,0.002300392128865018,0.2695619929426575,0.3635584631309315
597,8,2,10,0.004214963119072708,0.001053740779768177,0.005268703898840885,2.100167330306914e-05,0.22039378312935018,0.2706158433118198
598,115,77,192,0.060590094836670175,0.04056902002107481,0.10115911485774498,0.014919086673376901,0.3052497337954469,0.4046224362647093
599,13,19,32,0.00684931506849315,0.010010537407797681,0.01685985247629083,0.0002888638895021428,0.24653228699213064,0.3690466977844788
600,4,20,24,0.002107481559536354,0.01053740779768177,0.012644889357218123,0.00021656394829929282,0.2301090118061764,0.34796439941133206
601,12,6,18,0.006322444678609061,0.0031612223393045306,0.009483667017913592,0.0004541084136062185,0.23649279452108435,0.3193974068749144
602,5,3,8,0.0026343519494204425,0.0015806111696522653,0.004214963119072708,1.4386524956691223e-05,0.22547444544366424,0.2876100019935636
603,15,13,28,0.007903055848261327,0.00684931506849315,0.014752370916754477,0.0010125406241145488,0.2594026213493413,0.3301216993685247
604,1,0,1,0.0005268703898840885,0.0,0.0005268703898840885,0.0,0.19829108977184368,0.0
605,46,68,114,0.02423603793466807,0.03582718651211802,0.060063224446786086,0.004890166704903626,0.2769538568325903,0.4009456809706372
606,6,8,14,0.0031612223393045306,0.004214963119072708,0.0073761854583772385,0.0008210123868886422,0.22503758529264722,0.3267233000793779
607,30,7,37,0.015806111696522653,0.0036880927291886192,0.019494204425711273,0.0006952840665160155,0.25717691383153624,0.32856282465301767
608,1,1,2,0.0005268703898840885,0.0005268703898840885,0.001053740779768177,0.0,0.19361954358685984,0.24015225176417299
609,34,33,67,0.01791359325605901,0.01738672286617492,0.03530031612223393,0.0015750231023225225,0.25933022318541454,0.33871314595385044
610,4,3,7,0.002107481559536354,0.0015806111696522653,0.0036880927291886192,2.2420689091243968e-05,0.2163399743127684,0.3109430925643718
611,3,1,4,0.0015806111696522653,0.0005268703898840885,0.002107481559536354,2.763654953033324e-07,0.21699677479526866,0.28056248643602905
612,3,4,7,0.0015806111696522653,0.002107481559536354,0.0036880927291886192,2.369686504708159e-05,0.21108136975768751,0.2995143894932972
613,2,0,2,0.001053740779768177,0.0,0.001053740779768177,0.0,0.20443323468788718,0.0
614,2,1,3,0.001053740779768177,0.0005268703898840885,0.0015806111696522653,1.8661043261986631e-07,0.1930563452469022,0.22439430817905176
615,47,47,94,0.02476290832455216,0.02476290832455216,0.04952581664910432,0.004104896421024596,0.27433722753863016,0.3758709562724943
616,21,13,34,0.011064278187565857,0.00684931506849315,0.01791359325605901,0.0007414764033632412,0.24311360274027746,0.31743585059475615
617,51,60,111,0.026870389884088512,0.031612223393045306,0.05848261327713382,0.005569000687149783,0.2715313236918002,0.3869661845004311
618,1,1,2,0.0005268703898840885,0.0005268703898840885,0.001053740779768177,0.0,0.19434850233703,0.3058956564997489
619,4,9,13,0.002107481559536354,0.004741833508956796,0.00684931506849315,0.00012244061620917502,0.22427713967495544,0.31945380761778475
620,26,21,47,0.0136986301369863,0.011064278187565857,0.02476290832455216,0.0009607279575070301,0.2524946167590599,0.32690041787848123
621,22,32,54,0.011591148577449946,0.01685985247629083,0.02845100105374078,0.002146489173399194,0.2601288324953361,0.3774393725306729
622,3,5,8,0.0015806111696522653,0.0026343519494204425,0.004214963119072708,9.891884590801211e-05,0.21770857302561863,0.30060932411756647
623,2,0,2,0.001053740779768177,0.0,0.001053740779768177,0.0,0.18589294532546194,0.0
624,5,9,14,0.0026343519494204425,0.004741833508956796,0.0073761854583772385,3.9005866307934375e-05,0.23188924124615432,0.30262076154893197
625,9,8,17,0.004741833508956796,0.004214963119072708,0.008956796628029505,0.002191827486809549,0.22536507147061371,0.28793043331840124
626,70,51,121,0.0368809272918862,0.026870389884088512,0.06375131717597471,0.006983753647698814,0.28502459805930686,0.3870489757251851
627,17,13,30,0.008956796628029505,0.00684931506849315,0.015806111696522653,0.0007535343930379028,0.23607220266090964,0.3147298038516902
628,2,0,2,0.001053740779768177,0.0,0.001053740779768177,0.0,0.20177365227650962,0.0
629,4,4,8,0.002107481559536354,0.002107481559536354,0.004214963119072708,1.7265432715328794e-05,0.21796391969817974,0.3076121259206794
630,2,0,2,0.001053740779768177,0.0,0.001053740779768177,0.0,0.1715671246864422,0.0
631,0,10,10,0.0,0.005268703898840885,0.005268703898840885,0.0,0.0,0.29130127409921436
632,22,9,31,0.011591148577449946,0.004741833508956796,0.016332982086406742,0.0003260124229314089,0.26277720296191753,0.334022694338906
633,2,0,2,0.001053740779768177,0.0,0.001053740779768177,0.0,0.14606499518117444,0.0
634,3,8,11,0.0015806111696522653,0.004214963119072708,0.005795574288724973,3.318848347175758e-05,0.20077359327427405,0.3070378330854574
635,9,9,18,0.004741833508956796,0.004741833508956796,0.009483667017913592,9.873698268605201e-05,0.22690602922425895,0.2972017270477272
636,14,8,22,0.0073761854583772385,0.004214963119072708,0.011591148577449946,0.00013513168137246431,0.25126560023616556,0.32316307833860575
637,4,0,4,0.002107481559536354,0.0,0.002107481559536354,0.0,0.22348224887110046,0.0
638,119,137,256,0.06269757639620653,0.07218124341412012,0.13487881981032665,0.025231683345217453,0.30051105746227047,0.4174127624687391
639,34,39,73,0.01791359325605901,0.02054794520547945,0.03846153846153846,0.0028471281698298164,0.26359721692860716,0.3758709562724943
640,31,30,61,0.016332982086406742,0.015806111696522653,0.032139093782929395,0.0013443550958919098,0.2744182485745246,0.36829538121732797
641,7,2,9,0.0036880927291886192,0.001053740779768177,0.004741833508956796,4.356471452499071e-06,0.23022304005781477,0.2915028863260579
642,40,38,78,0.02107481559536354,0.020021074815595362,0.0410958904109589,0.0023736703733388737,0.2719286478411883,0.36210306495987094
643,6,5,11,0.0031612223393045306,0.0026343519494204425,0.005795574288724973,0.0005583299647050941,0.23316943279130248,0.3056372550328628
644,67,65,132,0.03530031612223393,0.03424657534246575,0.06954689146469968,0.0059249085926495445,0.29036880927291886,0.36942350674688895
645,23,11,34,0.012118018967334035,0.005795574288724973,0.01791359325605901,0.0003539561882228422,0.25774762542949803,0.3315130864100266
646,15,17,32,0.007903055848261327,0.008956796628029505,0.01685985247629083,0.00038524526133851543,0.24197400772743238,0.3360079703825251
647,2,1,3,0.001053740779768177,0.0005268703898840885,0.0015806111696522653,3.6374417323584976e-07,0.20593532572547435,0.2734381669497454
648,0,10,10,0.0,0.005268703898840885,0.005268703898840885,0.0,0.0,0.30048448997425176
649,18,9,27,0.009483667017913592,0.004741833508956796,0.01422550052687039,0.00021978416571676677,0.2492436131098016,0.30913651957271276
650,4,0,4,0.002107481559536354,0.0,0.002107481559536354,0.0,0.19620073461928367,0.0
651,8,3,11,0.004214963119072708,0.0015806111696522653,0.005795574288724973,3.541858434639578e-05,0.23194712672824272,0.3020649378092361
652,44,58,102,0.023182297154899893,0.030558482613277132,0.053740779768177024,0.0049830622872126615,0.2830277763245021,0.37878285438432063
653,1,0,1,0.0005268703898840885,0.0,0.0005268703898840885,0.0,0.17992654375469108,0.0
654,60,44,104,0.031612223393045306,0.023182297154899893,0.0547945205479452,0.003845805577050063,0.2826833555440646,0.37854507481471333
655,1,19,20,0.0005268703898840885,0.010010537407797681,0.01053740779768177,0.0030203731760912044,0.18414193215880706,0.29808319534346933
656,1,0,1,0.0005268703898840885,0.0,0.0005268703898840885,0.0,0.14597334655674704,0.0
657,6,1,7,0.0031612223393045306,0.0005268703898840885,0.0036880927291886192,3.7113876096392e-05,0.21112933189578284,0.2928714444778234
658,21,12,33,0.011064278187565857,0.006322444678609061,0.01738672286617492,0.00036676640437032225,0.2410324746234346,0.31627043925515996
659,15,6,21,0.007903055848261327,0.0031612223393045306,0.011064278187565857,0.00020289304272441436,0.24497236743299247,0.3163810620041125
660,4,4,8,0.002107481559536354,0.002107481559536354,0.004214963119072708,1.1461103105005878e-05,0.22149706547636241,0.29010053119620194
661,2,0,2,0.001053740779768177,0.0,0.001053740779768177,0.0,0.1841274405024263,0.0
662,3,1,4,0.0015806111696522653,0.0005268703898840885,0.002107481559536354,1.1430152887934148e-06,0.17140383502551934,0.22238068992495577
663,2,0,2,0.001053740779768177,0.0,0.001053740779768177,0.0,0.19199093961197902,0.0
664,1,0,1,0.0005268703898840885,0.0,0.0005268703898840885,0.0,0.14597334655674704,0.0
665,1,1,2,0.0005268703898840885,0.0005268703898840885,0.001053740779768177,2.0911632229510822e-06,0.1458910644800346,0.26244986399818876
666,5,5,10,0.0026343519494204425,0.0026343519494204425,0.005268703898840885,8.635131310785095e-05,0.22309248251460753,0.29788686193636016
667,11,10,21,0.005795574288724973,0.005268703898840885,0.011064278187565857,0.00022052179563140052,0.22886211568308876,0.31489415361871453
668,1,0,1,0.0005268703898840885,0.0,0.0005268703898840885,0.0,0.14597334655674704,0.0
669,4,1,5,0.002107481559536354,0.0005268703898840885,0.0026343519494204425,1.2170903525897982e-05,0.21493874385226472,0.2531579782451043
670,1,0,1,0.0005268703898840885,0.0,0.0005268703898840885,0.0,0.14597334655674704,0.0
671,1,0,1,0.0005268703898840885,0.0,0.0005268703898840885,0.0,0.14597334655674704,0.0
672,1,0,1,0.0005268703898840885,0.0,0.0005268703898840885,0.0,0.14597334655674704,0.0
673,33,29,62,0.01738672286617492,0.015279241306638566,0.032665964172813484,0.002821388170778634,0.27089801448202344,0.36972550838739326
674,10,18,28,0.005268703898840885,0.009483667017913592,0.014752370916754477,0.00046106196605089485,0.23428648251975298,0.3192846651146338
675,6,1,7,0.0031612223393045306,0.0005268703898840885,0.0036880927291886192,4.84246794362392e-06,0.234819355489851,0.26976840330144874
676,10,5,15,0.005268703898840885,0.0026343519494204425,0.007903055848261327,0.00011936348926096901,0.228918499549973,0.3086091628351271
677,4,1,5,0.002107481559536354,0.0005268703898840885,0.0026343519494204425,1.776598875247986e-06,0.22218560250438557,0.28056248643602905
678,8,11,19,0.004214963119072708,0.005795574288724973,0.010010537407797681,0.00011715551385460016,0.2434958568326364,0.31816160966224327
679,52,78,130,0.0273972602739726,0.0410958904109589,0.0684931506849315,0.009085582271360151,0.27490538156015987,0.38279029042308826
680,3,2,5,0.0015806111696522653,0.001053740779768177,0.0026343519494204425,1.791611164019686e-06,0.20941631500413352,0.28161066509021093
681,25,41,66,0.013171759747102212,0.02160168598524763,0.03477344573234984,0.0011723431223382983,0.25774762542949803,0.36015666186333173
682,4,0,4,0.002107481559536354,0.0,0.002107481559536354,0.0,0.21241271040841414,0.0
683,24,23,47,0.012644889357218123,0.012118018967334035,0.02476290832455216,0.0017377251341282656,0.2675439647778118,0.3820627059217561
684,1,0,1,0.0005268703898840885,0.0,0.0005268703898840885,0.0,0.18833841009902094,0.0
685,1,1,2,0.0005268703898840885,0.0005268703898840885,0.001053740779768177,0.0,0.20051363609696599,0.2787038842303983
686,24,34,58,0.012644889357218123,0.01791359325605901,0.030558482613277132,0.0013792771383622322,0.25004849022425735,0.3651729738674839
687,55,59,114,0.028977871443624865,0.03108535300316122,0.060063224446786086,0.005848301312298,0.2804648927477635,0.3856463254187839
688,9,4,13,0.004741833508956796,0.002107481559536354,0.00684931506849315,0.00020252252253364695,0.23825133068547188,0.31654714130175243
689,6,2,8,0.0031612223393045306,0.001053740779768177,0.004214963119072708,0.00013781247721508867,0.2274614907401078,0.2921619690793791
690,1,0,1,0.0005268703898840885,0.0,0.0005268703898840885,0.0,0.18083561684789398,0.0
691,2,0,2,0.001053740779768177,0.0,0.001053740779768177,0.0,0.18780627331973004,0.0
692,1,0,1,0.0005268703898840885,0.0,0.0005268703898840885,0.0,0.17992654375469108,0.0
693,1,0,1,0.0005268703898840885,0.0,0.0005268703898840885,0.0,0.17992654375469108,0.0
694,1,0,1,0.0005268703898840885,0.0,0.0005268703898840885,0.0,0.17992654375469108,0.0
695,1,0,1,0.0005268703898840885,0.0,0.0005268703898840885,0.0,0.17992654375469108,0.0
696,1,2,3,0.0005268703898840885,0.001053740779768177,0.0015806111696522653,7.603923670668225e-07,0.2041705536526786,0.3036366083483577
697,67,62,129,0.03530031612223393,0.032665964172813484,0.06796628029504741,0.008727676795382583,0.28467530320874396,0.3704068207492865
698,14,1,15,0.0073761854583772385,0.0005268703898840885,0.007903055848261327,5.757145847392728e-06,0.25038539198958243,0.24246976444706006
699,12,7,19,0.006322444678609061,0.0036880927291886192,0.010010537407797681,0.0009881117793314896,0.24034666054664777,0.30399376786078225
700,11,14,25,0.005795574288724973,0.0073761854583772385,0.013171759747102212,0.00027471534507035687,0.2429864512744091,0.3472297336928052
701,41,40,81,0.02160168598524763,0.02107481559536354,0.04267650158061117,0.003301409600364183,0.2737714171105894,0.3695744458711982
702,1,0,1,0.0005268703898840885,0.0,0.0005268703898840885,0.0,0.19554109777248632,0.0
703,2,0,2,0.001053740779768177,0.0,0.001053740779768177,0.0,0.20138067178084015,0.0
704,56,101,157,0.029504741833508954,0.053213909378292935,0.08271865121180189,0.010923459571370944,0.2813992094710298,0.39250746637871886
705,2,8,10,0.001053740779768177,0.004214963119072708,0.005268703898840885,0.0003764094346235335,0.20094727285323105,0.28231381281827644
706,14,21,35,0.0073761854583772385,0.011064278187565857,0.0184404636459431,0.0013908532295141194,0.24172221375477115,0.34917330873181146
707,21,0,21,0.011064278187565857,0.0,0.011064278187565857,0.0,0.2507626203986156,0.0
708,41,26,67,0.02160168598524763,0.0136986301369863,0.03530031612223393,0.002351231071787537,0.26585985398378836,0.36392414253460376
709,1,3,4,0.0005268703898840885,0.0015806111696522653,0.002107481559536354,1.1241406518103729e-06,0.17685195844563006,0.25111978241803373
710,27,24,51,0.01422550052687039,0.012644889357218123,0.026870389884088512,0.0017682999854307445,0.24764930428393933,0.3612354058585294
711,48,29,77,0.025289778714436245,0.015279241306638566,0.04056902002107481,0.004596222909935294,0.2753126487921009,0.3628293045606729
712,32,24,56,0.01685985247629083,0.012644889357218123,0.029504741833508954,0.0015590693267004644,0.2657838071147999,0.35653664023246256
713,95,148,243,0.05005268703898841,0.07797681770284509,0.1280295047418335,0.02386415005677414,0.28820725486145793,0.42386759900176085
714,26,25,51,0.0136986301369863,0.013171759747102212,0.026870389884088512,0.001915268494769042,0.2547793226414424,0.3461666499310209
715,2,2,4,0.001053740779768177,0.001053740779768177,0.002107481559536354,2.882856041640496e-06,0.21345742928402028,0.2787897846416266
716,6,4,10,0.0031612223393045306,0.002107481559536354,0.005268703898840885,0.00011922890628269742,0.24034666054664777,0.3235098198389691
717,1,0,1,0.0005268703898840885,0.0,0.0005268703898840885,0.0,0.20438833391154454,0.0
718,1,0,1,0.0005268703898840885,0.0,0.0005268703898840885,0.0,0.20438833391154454,0.0
719,48,35,83,0.025289778714436245,0.0184404636459431,0.04373024236037935,0.0018582078308117477,0.2715313236918002,0.3560454462781963
720,4,3,7,0.002107481559536354,0.0015806111696522653,0.0036880927291886192,3.0653929721543296e-05,0.2165416428975391,0.28161066509021093
721,14,10,24,0.0073761854583772385,0.005268703898840885,0.012644889357218123,0.0011106659319290277,0.24115758880699206,0.32298998617024016
722,1,0,1,0.0005268703898840885,0.0,0.0005268703898840885,0.0,0.18948891962925318,0.0
723,4,2,6,0.002107481559536354,0.001053740779768177,0.0031612223393045306,0.0,0.2052529687813873,0.2653368894895153
724,10,4,14,0.005268703898840885,0.002107481559536354,0.0073761854583772385,6.679969609407665e-05,0.25099410850171266,0.3050188690843897
725,30,32,62,0.015806111696522653,0.01685985247629083,0.032665964172813484,0.0023775459815404093,0.2660882559202005,0.36546806313929603
726,9,8,17,0.004741833508956796,0.004214963119072708,0.008956796628029505,9.777189530119346e-05,0.24771532649249275,0.33513651584652004
727,10,11,21,0.005268703898840885,0.005795574288724973,0.011064278187565857,9.803402700854075e-05,0.230451435930888,0.3276701526063241
728,9,14,23,0.004741833508956796,0.0073761854583772385,0.012118018967334035,0.0006472119755162349,0.23281888992065658,0.31699087305756357
729,3,0,3,0.0015806111696522653,0.0,0.0015806111696522653,0.0,0.21030058402243215,0.0
730,1,0,1,0.0005268703898840885,0.0,0.0005268703898840885,0.0,0.17492106847730496,0.0
731,5,4,9,0.0026343519494204425,0.002107481559536354,0.004741833508956796,4.827549490628269e-05,0.22433128673909714,0.3004096500397733
732,7,6,13,0.0036880927291886192,0.0031612223393045306,0.00684931506849315,7.401203484300912e-05,0.22624304593945468,0.3050188690843897
733,24,64,88,0.012644889357218123,0.03371970495258166,0.046364594309799785,0.0018055228665735197,0.24764930428393933,0.3658375960646138
734,12,9,21,0.006322444678609061,0.004741833508956796,0.011064278187565857,0.00016141630937443352,0.24203703820613193,0.3461004232905137
735,11,8,19,0.005795574288724973,0.004214963119072708,0.010010537407797681,0.00028729197843038815,0.2298244347448282,0.2836862023740811
736,2,1,3,0.001053740779768177,0.0005268703898840885,0.0015806111696522653,3.078771913171168e-06,0.219664347440506,0.27725163410567283
737,3,1,4,0.0015806111696522653,0.0005268703898840885,0.002107481559536354,2.52223881979447e-06,0.21976825678177397,0.23806644460317347
738,15,8,23,0.007903055848261327,0.004214963119072708,0.012118018967334035,0.0007100404021497887,0.2565378767734236,0.31996231208693227
739,15,18,33,0.007903055848261327,0.009483667017913592,0.01738672286617492,0.0005806741483011323,0.24375136140433903,0.3437983490192921
740,10,5,15,0.005268703898840885,0.0026343519494204425,0.007903055848261327,0.0005108800125087654,0.232760568555446,0.31024985637789665
741,15,15,30,0.007903055848261327,0.007903055848261327,0.015806111696522653,0.00025772958974324545,0.25297582076595165,0.34563754538393493
742,1,0,1,0.0005268703898840885,0.0,0.0005268703898840885,0.0,0.19199093961197902,0.0
743,4,0,4,0.002107481559536354,0.0,0.002107481559536354,0.0,0.22735892604428593,0.0
744,2,0,2,0.001053740779768177,0.0,0.001053740779768177,0.0,0.2145182305899637,0.0
745,1,0,1,0.0005268703898840885,0.0,0.0005268703898840885,0.0,0.1810114927639102,0.0
746,2,1,3,0.001053740779768177,0.0005268703898840885,0.0015806111696522653,0.0,0.21127334917538437,0.25294559739087186
747,4,2,6,0.002107481559536354,0.001053740779768177,0.0031612223393045306,0.0005237336290556815,0.20984195792080856,0.25465468926513446
748,3,0,3,0.0015806111696522653,0.0,0.0015806111696522653,0.0,0.2104269660568896,0.0
749,15,17,32,0.007903055848261327,0.008956796628029505,0.01685985247629083,0.00029170497763873385,0.2414709432623026,0.33470248150592324
750,1,0,1,0.0005268703898840885,0.0,0.0005268703898840885,0.0,0.20438833391154454,0.0
751,3,2,5,0.0015806111696522653,0.001053740779768177,0.0026343519494204425,7.961867009793065e-06,0.20671416900408016,0.2563143826210704
752,15,12,27,0.007903055848261327,0.006322444678609061,0.01422550052687039,0.0003384235799315026,0.234819355489851,0.32713687387694673
753,49,37,86,0.025816649104320334,0.019494204425711273,0.04531085353003161,0.002597739098985902,0.2804648927477635,0.3694989608945088
754,9,12,21,0.004741833508956796,0.006322444678609061,0.011064278187565857,0.0001991622990317567,0.23601224020150885,0.3238573062190324
755,11,8,19,0.005795574288724973,0.004214963119072708,0.010010537407797681,0.0002059901505293623,0.2369148877290516,0.32648744135345875
756,1,0,1,0.0005268703898840885,0.0,0.0005268703898840885,0.0,0.20177365227650962,0.0
757,6,3,9,0.0031612223393045306,0.0015806111696522653,0.004741833508956796,7.2659838016548365e-06,0.22925738704005438,0.29715290941844863
758,40,34,74,0.02107481559536354,0.01791359325605901,0.038988408851422546,0.0015968021914629059,0.2759667922997744,0.3718534249824286
759,1,0,1,0.0005268703898840885,0.0,0.0005268703898840885,0.0,0.2078579594146219,0.0
760,3,9,12,0.0015806111696522653,0.004741833508956796,0.006322444678609061,1.940037626594483e-05,0.2219732894585142,0.31945380761778475
761,7,6,13,0.0036880927291886192,0.0031612223393045306,0.00684931506849315,0.00041094434892357417,0.23119686232230416,0.30813607776179786
762,23,20,43,0.012118018967334035,0.01053740779768177,0.022655426765015804,0.0014669529249498876,0.2486433475176185,0.32868221521430147
763,1,0,1,0.0005268703898840885,0.0,0.0005268703898840885,0.0,0.18929619290058228,0.0
764,2,0,2,0.001053740779768177,0.0,0.001053740779768177,0.0,0.1925470896543063,0.0
765,35,28,63,0.0184404636459431,0.014752370916754477,0.033192834562697573,0.002919486637489345,0.2554096178321441,0.334640568357291
766,17,12,29,0.008956796628029505,0.006322444678609061,0.015279241306638566,0.00032887374724652034,0.25429123964787637,0.34729639326924844
767,1,4,5,0.0005268703898840885,0.002107481559536354,0.0026343519494204425,2.96378444167395e-06,0.21296818466040346,0.2994648092268689
768,34,41,75,0.01791359325605901,0.02160168598524763,0.039515279241306635,0.002278229339002828,0.2612258053621986,0.3620306008684241
769,12,0,12,0.006322444678609061,0.0,0.006322444678609061,0.0,0.24158361482327684,0.0
770,22,88,110,0.011591148577449946,0.046364594309799785,0.05795574288724973,0.0022253502688890136,0.25352801901046124,0.3917425102943948
771,16,12,28,0.008429926238145416,0.006322444678609061,0.014752370916754477,0.00020892681504333804,0.24203703820613193,0.3188344928691426
772,3,0,3,0.0015806111696522653,0.0,0.0015806111696522653,0.0,0.20935434967362482,0.0
773,15,1,16,0.007903055848261327,0.0005268703898840885,0.008429926238145416,2.5982163911431584e-05,0.24197400772743238,0.2200275982169199
774,17,4,21,0.008956796628029505,0.002107481559536354,0.011064278187565857,0.00037173192831911454,0.24778138391289078,0.3029755338367971
775,3,0,3,0.0015806111696522653,0.0,0.0015806111696522653,0.0,0.18852919049822983,0.0
776,4,5,9,0.002107481559536354,0.0026343519494204425,0.004741833508956796,0.000134635626817911,0.21735209115165857,0.3108362392679579
777,25,34,59,0.013171759747102212,0.01791359325605901,0.03108535300316122,0.0014373522551278536,0.24851034759918172,0.34803134138890246
778,17,14,31,0.008956796628029505,0.0073761854583772385,0.016332982086406742,0.0007705978105532189,0.24464986563279104,0.3225868246325812
779,18,18,36,0.009483667017913592,0.009483667017913592,0.018967334035827184,0.0018524624169012805,0.24991398323650899,0.35223265431065326
780,3,2,5,0.0015806111696522653,0.001053740779768177,0.0026343519494204425,6.87670145574544e-06,0.22465671897324477,0.29497259294627676
781,27,37,64,0.01422550052687039,0.019494204425711273,0.03371970495258166,0.0021534650595420707,0.25569075114841505,0.36008497462968053
782,10,8,18,0.005268703898840885,0.004214963119072708,0.009483667017913592,7.8066792391464e-05,0.24003621536381825,0.3140741167603325
783,53,41,94,0.02792413066385669,0.02160168598524763,0.04952581664910432,0.005108632305624234,0.2716106956075242,0.36784605785675384
784,26,0,26,0.0136986301369863,0.0,0.0136986301369863,0.0,0.2523264870659605,0.0
785,7,6,13,0.0036880927291886192,0.0031612223393045306,0.00684931506849315,0.0004328329770180807,0.22395280541656792,0.30317863458010985
786,1,2,3,0.0005268703898840885,0.001053740779768177,0.0015806111696522653,0.0,0.16968228445459102,0.26876644072790307
787,7,9,16,0.0036880927291886192,0.004741833508956796,0.008429926238145416,0.0009717935213297456,0.21837372260243015,0.2943965683546811
788,16,7,23,0.008429926238145416,0.0036880927291886192,0.012118018967334035,0.00046536021037717163,0.24413562524260124,0.32513783474829533
789,1,1,2,0.0005268703898840885,0.0005268703898840885,0.001053740779768177,0.0,0.19052290130681576,0.2476816692962096
790,6,3,9,0.0031612223393045306,0.0015806111696522653,0.004741833508956796,2.6368932282866824e-05,0.22569351218686917,0.2447661903043587
791,1,1,2,0.0005268703898840885,0.0005268703898840885,0.001053740779768177,0.0,0.19820396537400606,0.2805189816311855
792,20,28,48,0.01053740779768177,0.014752370916754477,0.025289778714436245,0.0012155101775523868,0.2523574659623412,0.3514798742062396
793,11,18,29,0.005795574288724973,0.009483667017913592,0.015279241306638566,0.00023525164975001563,0.22829980090254065,0.31516845166193647
794,21,14,35,0.011064278187565857,0.0073761854583772385,0.0184404636459431,0.0006771514658310187,0.26548005419238296,0.3427561410647054
795,18,7,25,0.009483667017913592,0.0036880927291886192,0.013171759747102212,0.0003079870019770081,0.24484326473605805,0.2982797877229209
796,0,1,1,0.0,0.0005268703898840885,0.0005268703898840885,0.0,0.0,0.20216789697195975
797,20,38,58,0.01053740779768177,0.020021074815595362,0.030558482613277132,0.0037754849660091862,0.2555501071708857,0.3499162306652834
798,24,2,26,0.012644889357218123,0.001053740779768177,0.0136986301369863,7.070850449613012e-05,0.2596926186901454,0.27356221269310677
799,19,19,38,0.010010537407797681,0.010010537407797681,0.020021074815595362,0.0018421367712756183,0.26449763440744106,0.3740833152480387
800,12,18,30,0.006322444678609061,0.009483667017913592,0.015806111696522653,0.0004673985182479001,0.2290878179667999,0.3313916308004241
801,9,11,20,0.004741833508956796,0.005795574288724973,0.01053740779768177,0.00019866434433735158,0.244907799070464,0.3561856492497569
802,19,8,27,0.010010537407797681,0.004214963119072708,0.01422550052687039,0.00014245903789143817,0.2445211025456159,0.31593903467333484
803,1,0,1,0.0005268703898840885,0.0,0.0005268703898840885,0.0,0.15632119675781328,0.0
804,2,0,2,0.001053740779768177,0.0,0.001053740779768177,0.0,0.20138067178084015,0.0
805,5,10,15,0.0026343519494204425,0.005268703898840885,0.007903055848261327,0.0009913601718937485,0.22298540668906655,0.33006146917342005
806,4,1,5,0.002107481559536354,0.0005268703898840885,0.0026343519494204425,2.7883080280716954e-06,0.20946352337090632,0.2380977773808259
807,1,1,2,0.0005268703898840885,0.0005268703898840885,0.001053740779768177,0.0,0.1691263541451293,0.2467021563534045
808,5,2,7,0.0026343519494204425,0.001053740779768177,0.0036880927291886192,0.0010364342253057703,0.20993678031480806,0.2707778644723118
809,26,57,83,0.0136986301369863,0.030031612223393043,0.04373024236037935,0.002816891600289709,0.25263191671379565,0.3887122717102525
810,13,26,39,0.00684931506849315,0.0136986301369863,0.02054794520547945,0.0010287286863055825,0.23369723080315402,0.33770149571392855
811,3,2,5,0.0015806111696522653,0.001053740779768177,0.0026343519494204425,2.8744242962707808e-06,0.21370289550904792,0.25305174325633173
812,8,6,14,0.004214963119072708,0.0031612223393045306,0.0073761854583772385,9.758472302410071e-05,0.2220263296710491,0.30399376786078225
813,2,0,2,0.001053740779768177,0.0,0.001053740779768177,0.0,0.2048833298765439,0.0
814,16,10,26,0.008429926238145416,0.005268703898840885,0.0136986301369863,0.0019417280776785942,0.24574985180463907,0.3328549977073625
815,46,18,64,0.02423603793466807,0.009483667017913592,0.03371970495258166,0.0014266541624651451,0.2753126487921009,0.3326102063871144
816,8,0,8,0.004214963119072708,0.0,0.004214963119072708,0.0,0.22510403587306785,0.0
817,28,18,46,0.014752370916754477,0.009483667017913592,0.02423603793466807,0.0011521105501369722,0.2647991421126647,0.3443873810278917
818,9,8,17,0.004741833508956796,0.004214963119072708,0.008956796628029505,0.00013314860349905965,0.24153371189845083,0.33619530060202846
819,8,5,13,0.004214963119072708,0.0026343519494204425,0.00684931506849315,0.0009391196587420501,0.2343455711660379,0.30522471951063185
820,1,0,1,0.0005268703898840885,0.0,0.0005268703898840885,0.0,0.18833841009902094,0.0
821,7,7,14,0.0036880927291886192,0.0036880927291886192,0.0073761854583772385,7.068351895734208e-05,0.22170846806808409,0.3084513064858509
822,12,12,24,0.006322444678609061,0.006322444678609061,0.012644889357218123,0.0007603233465564261,0.2375812297809615,0.3427561410647054
823,53,50,103,0.02792413066385669,0.026343519494204423,0.05426765015806111,0.0051690061832696055,0.27819766157884446,0.3743155209061691
824,13,8,21,0.00684931506849315,0.004214963119072708,0.011064278187565857,0.00020872938431875878,0.23096698724169534,0.2956958013304209
825,7,0,7,0.0036880927291886192,0.0,0.0036880927291886192,0.0,0.23535156406152313,0.0
826,1,5,6,0.0005268703898840885,0.0026343519494204425,0.0031612223393045306,0.00020041077350076167,0.14441718832349087,0.32408937881395833
827,0,1,1,0.0,0.0005268703898840885,0.0005268703898840885,0.0,0.0,0.24917721808954535
828,5,2,7,0.0026343519494204425,0.001053740779768177,0.0036880927291886192,9.649328472244459e-06,0.20332170452370688,0.2806930818525237
829,1,1,2,0.0005268703898840885,0.0005268703898840885,0.001053740779768177,0.0,0.17558204642353373,0.23255777253368237
830,26,26,52,0.0136986301369863,0.0136986301369863,0.0273972602739726,0.0013976081889760386,0.2518786092906859,0.3401141027523059
831,28,25,53,0.014752370916754477,0.013171759747102212,0.02792413066385669,0.0017370419252768755,0.2647991421126647,0.3423021594209111
832,7,1,8,0.0036880927291886192,0.0005268703898840885,0.004214963119072708,6.612577952945697e-06,0.22751718650179734,0.2443694330054728
833,2,0,2,0.001053740779768177,0.0,0.001053740779768177,0.0,0.20926019435557958,0.0
834,37,36,73,0.019494204425711273,0.018967334035827184,0.03846153846153846,0.0018310832710765647,0.26225802700348305,0.34803134138890246
835,28,22,50,0.014752370916754477,0.011591148577449946,0.026343519494204423,0.0024395585437118855,0.26166718943208683,0.3613797268357002
836,4,2,6,0.002107481559536354,0.001053740779768177,0.0031612223393045306,2.8729056450439963e-05,0.22165557959764798,0.2993656979214819
837,0,1,1,0.0,0.0005268703898840885,0.0005268703898840885,0.0,0.0,0.2536442606547361
838,9,8,17,0.004741833508956796,0.004214963119072708,0.008956796628029505,6.94198184884012e-05,0.230451435930888,0.31352979420095584
839,6,0,6,0.0031612223393045306,0.0,0.0031612223393045306,0.0,0.22510403587306785,0.0
840,90,55,145,0.04741833508956796,0.028977871443624865,0.07639620653319283,0.006628355398809081,0.29210317185581275,0.37292659504009795
841,16,12,28,0.008429926238145416,0.006322444678609061,0.014752370916754477,0.0011430673946001735,0.24419978703635753,0.3353850412568623
842,2,1,3,0.001053740779768177,0.0005268703898840885,0.0015806111696522653,2.1040584285464843e-06,0.22250483469189186,0.29559916871560704
843,31,35,66,0.016332982086406742,0.0184404636459431,0.03477344573234984,0.004049126452186717,0.26685243816006327,0.3587283189648057
844,6,0,6,0.0031612223393045306,0.0,0.0031612223393045306,0.0,0.2331696527936012,0.0
845,0,1,1,0.0,0.0005268703898840885,0.0005268703898840885,0.0,0.0,0.2121874658552801
846,4,4,8,0.002107481559536354,0.002107481559536354,0.004214963119072708,1.93232068074437e-05,0.21474004845697722,0.29272927387370795
847,37,30,67,0.019494204425711273,0.015806111696522653,0.03530031612223393,0.002424709946617538,0.2660882559202005,0.3392848673179886
848,6,2,8,0.0031612223393045306,0.001053740779768177,0.004214963119072708,1.5369938122765778e-05,0.22460241471436798,0.26662740052166767
849,2,0,2,0.001053740779768177,0.0,0.001053740779768177,0.0,0.21221894738865735,0.0
850,1,0,1,0.0005268703898840885,0.0,0.0005268703898840885,0.0,0.17861421963517513,0.0
851,6,8,14,0.0031612223393045306,0.004214963119072708,0.0073761854583772385,0.00010307053925656661,0.21194803596563422,0.2979359210374695
852,16,18,34,0.008429926238145416,0.009483667017913592,0.01791359325605901,0.0024860711546819832,0.24646689381255713,0.3473630784446074
853,11,10,21,0.005795574288724973,0.005268703898840885,0.011064278187565857,0.000934194608980086,0.2366735073034489,0.3229323299784926
854,1,0,1,0.0005268703898840885,0.0,0.0005268703898840885,0.0,0.19587036082914383,0.0
855,2,0,2,0.001053740779768177,0.0,0.001053740779768177,0.0,0.18596724306540016,0.0
856,8,9,17,0.004214963119072708,0.004741833508956796,0.008956796628029505,0.00014904247404746017,0.2188365967200519,0.30471061353200524
857,3,2,5,0.0015806111696522653,0.001053740779768177,0.0026343519494204425,6.895824311348232e-07,0.21414616033033887,0.2915028863260579
858,2,2,4,0.001053740779768177,0.001053740779768177,0.002107481559536354,1.592618514242477e-06,0.20960527626287848,0.2852517995174259
859,16,35,51,0.008429926238145416,0.0184404636459431,0.026870389884088512,0.0007926560039258506,0.2473197204347459,0.3823049265721714
860,2,0,2,0.001053740779768177,0.0,0.001053740779768177,0.0,0.1983756308461442,0.0
861,5,3,8,0.0026343519494204425,0.0015806111696522653,0.004214963119072708,0.00019416086813040968,0.22729456694553335,0.311639433684671
862,15,0,15,0.007903055848261327,0.0,0.007903055848261327,0.0,0.23848797649904213,0.0
863,4,0,4,0.002107481559536354,0.0,0.002107481559536354,0.0,0.22198952392635077,0.0
864,9,8,17,0.004741833508956796,0.004214963119072708,0.008956796628029505,9.06431068857202e-05,0.2459449946197301,0.3190594202009727
865,10,6,16,0.005268703898840885,0.0031612223393045306,0.008429926238145416,3.412717385096355e-05,0.24216319772565556,0.3060509072135874
866,4,2,6,0.002107481559536354,0.001053740779768177,0.0031612223393045306,9.525291829425897e-06,0.21252977805886103,0.26082279592553564
867,1,1,2,0.0005268703898840885,0.0005268703898840885,0.001053740779768177,0.0,0.17937841499485335,0.2427300298590521
868,14,8,22,0.0073761854583772385,0.004214963119072708,0.011591148577449946,0.0012970068165957774,0.23874105592840195,0.3233941566927986
869,3,2,5,0.0015806111696522653,0.001053740779768177,0.0026343519494204425,0.0005146498853216744,0.21065068911206994,0.28945070600632244
870,8,8,16,0.004214963119072708,0.004214963119072708,0.008429926238145416,9.242313805999401e-05,0.2384347420254915,0.32904090806466263
871,17,75,92,0.008956796628029505,0.039515279241306635,0.04847207586933614,0.001861210401719069,0.24811220017979715,0.3587283189648057
872,2,0,2,0.001053740779768177,0.0,0.001053740779768177,0.0,0.19867209314672551,0.0
873,4,6,10,0.002107481559536354,0.0031612223393045306,0.005268703898840885,2.8618760548197753e-05,0.2179128024562243,0.32030221539297365
874,16,11,27,0.008429926238145416,0.005795574288724973,0.01422550052687039,0.0003445855054140131,0.25146960478304203,0.33675854663803334
875,2,0,2,0.001053740779768177,0.0,0.001053740779768177,0.0,0.20291759361082914,0.0
876,1,4,5,0.0005268703898840885,0.002107481559536354,0.0026343519494204425,0.0005145801412694242,0.1721341588872435,0.2944924161711729
877,1,0,1,0.0005268703898840885,0.0,0.0005268703898840885,0.0,0.18544840261045484,0.0
878,23,35,58,0.012118018967334035,0.0184404636459431,0.030558482613277132,0.001176798639736977,0.25774762542949803,0.35354053401202173
879,1,0,1,0.0005268703898840885,0.0,0.0005268703898840885,0.0,0.178374560916094,0.0
880,1,0,1,0.0005268703898840885,0.0,0.0005268703898840885,0.0,0.18544840261045484,0.0
881,14,10,24,0.0073761854583772385,0.005268703898840885,0.012644889357218123,0.002254736885156357,0.23487871326424173,0.31434698740912514
882,11,8,19,0.005795574288724973,0.004214963119072708,0.010010537407797681,0.00017703483981529656,0.2338148439037092,0.2817861234485226
883,6,6,12,0.0031612223393045306,0.0031612223393045306,0.006322444678609061,0.00020111971197679125,0.21781063986716837,0.2894044013021141
884,16,14,30,0.008429926238145416,0.0073761854583772385,0.015806111696522653,0.00023751533385141192,0.2527006227014796,0.32838390135042933
885,4,2,6,0.002107481559536354,0.001053740779768177,0.0031612223393045306,1.2361540425100515e-05,0.21112933189578284,0.26283116555855224
886,10,2,12,0.005268703898840885,0.001053740779768177,0.006322444678609061,0.00013876105333998878,0.238618435971582,0.29010053119620194
887,3,0,3,0.0015806111696522653,0.0,0.0015806111696522653,0.0,0.2081369009839549,0.0
888,1,0,1,0.0005268703898840885,0.0,0.0005268703898840885,0.0,0.20327218966781616,0.0
889,1,0,1,0.0005268703898840885,0.0,0.0005268703898840885,0.0,0.20327218966781616,0.0
890,2,0,2,0.001053740779768177,0.0,0.001053740779768177,0.0,0.21101589213135202,0.0
891,1,0,1,0.0005268703898840885,0.0,0.0005268703898840885,0.0,0.20327218966781616,0.0
892,1,0,1,0.0005268703898840885,0.0,0.0005268703898840885,0.0,0.20327218966781616,0.0
893,15,8,23,0.007903055848261327,0.004214963119072708,0.012118018967334035,8.246206480063522e-05,0.2434958568326364,0.29700655270719345
894,1,0,1,0.0005268703898840885,0.0,0.0005268703898840885,0.0,0.20327218966781616,0.0
895,1,0,1,0.0005268703898840885,0.0,0.0005268703898840885,0.0,0.20327218966781616,0.0
896,1,0,1,0.0005268703898840885,0.0,0.0005268703898840885,0.0,0.20327218966781616,0.0
897,1,0,1,0.0005268703898840885,0.0,0.0005268703898840885,0.0,0.20327218966781616,0.0
898,6,2,8,0.0031612223393045306,0.001053740779768177,0.004214963119072708,4.0680351818420144e-05,0.22081278271704854,0.2532643024694827
899,13,9,22,0.00684931506849315,0.004741833508956796,0.011591148577449946,0.0002478807235594402,0.24712239087056925,0.344715494005243
900,2,0,2,0.001053740779768177,0.0,0.001053740779768177,0.0,0.2043434528544713,0.0
901,10,7,17,0.005268703898840885,0.0036880927291886192,0.008956796628029505,0.0001071754111028374,0.2372778829605057,0.3371350936525373
902,1,0,1,0.0005268703898840885,0.0,0.0005268703898840885,0.0,0.20327218966781616,0.0
903,11,6,17,0.005795574288724973,0.0031612223393045306,0.008956796628029505,8.904818891744922e-05,0.22696145326657066,0.2916438678928769
904,1,0,1,0.0005268703898840885,0.0,0.0005268703898840885,0.0,0.20327218966781616,0.0
905,1,0,1,0.0005268703898840885,0.0,0.0005268703898840885,0.0,0.20327218966781616,0.0
906,1,0,1,0.0005268703898840885,0.0,0.0005268703898840885,0.0,0.17708469729767126,0.0
907,2,0,2,0.001053740779768177,0.0,0.001053740779768177,0.0,0.20841659222827827,0.0
908,10,8,18,0.005268703898840885,0.004214963119072708,0.009483667017913592,0.00017814488350477773,0.23416839457493455,0.3125007622282804
909,2,0,2,0.001053740779768177,0.0,0.001053740779768177,0.0,0.21173608288947948,0.0
910,1,0,1,0.0005268703898840885,0.0,0.0005268703898840885,0.0,0.20327218966781616,0.0
911,1,0,1,0.0005268703898840885,0.0,0.0005268703898840885,0.0,0.20327218966781616,0.0
912,12,12,24,0.006322444678609061,0.006322444678609061,0.012644889357218123,0.0002289456426553399,0.2364326182374912,0.3228746943672167
913,26,23,49,0.0136986301369863,0.012118018967334035,0.025816649104320334,0.0009888086259811594,0.2549191192519452,0.3509344156235723
914,2,0,2,0.001053740779768177,0.0,0.001053740779768177,0.0,0.19550001770992909,0.0
915,16,19,35,0.008429926238145416,0.010010537407797681,0.0184404636459431,0.0002513780479589444,0.25228894642230254,0.3292804718856053
916,1,0,1,0.0005268703898840885,0.0,0.0005268703898840885,0.0,0.17947542609436112,0.0
917,2,1,3,0.001053740779768177,0.0005268703898840885,0.0015806111696522653,1.5405301534542258e-06,0.21821986605761867,0.2963254565994292
918,0,1,1,0.0,0.0005268703898840885,0.0005268703898840885,0.0,0.0,0.2653509188388008
919,24,26,50,0.012644889357218123,0.0136986301369863,0.026343519494204423,0.0017644556671734277,0.2647991421126647,0.37799141507302864
920,2,1,3,0.001053740779768177,0.0005268703898840885,0.0015806111696522653,2.2859413894578477e-06,0.22076032066365892,0.2963254565994292
921,3,2,5,0.0015806111696522653,0.001053740779768177,0.0026343519494204425,4.1124478807228705e-06,0.2108418855623645,0.2607476091870157
922,2,0,2,0.001053740779768177,0.0,0.001053740779768177,0.0,0.21581170786161002,0.0
923,6,4,10,0.0031612223393045306,0.002107481559536354,0.005268703898840885,3.6672918783129206e-05,0.22547444544366424,0.28453395919149344
924,11,7,18,0.005795574288724973,0.0036880927291886192,0.009483667017913592,5.464259871387535e-05,0.23721730652880785,0.3030262835074565
925,2,2,4,0.001053740779768177,0.001053740779768177,0.002107481559536354,0.0003685593080528126,0.1819424690960134,0.2588819279535654
926,10,7,17,0.005268703898840885,0.0036880927291886192,0.008956796628029505,0.0011378164966434805,0.23867973020121766,0.32030221539297365
927,9,1,10,0.004741833508956796,0.0005268703898840885,0.005268703898840885,6.274802177621629e-06,0.24122019461924726,0.25988606702190997
928,38,36,74,0.020021074815595362,0.018967334035827184,0.038988408851422546,0.0038016566741531322,0.26639340300267783,0.3694989608945088
929,2,0,2,0.001053740779768177,0.0,0.001053740779768177,0.0,0.22151394532236668,0.0
930,2,0,2,0.001053740779768177,0.0,0.001053740779768177,0.0,0.22151394532236668,0.0
931,3,0,3,0.0015806111696522653,0.0,0.0015806111696522653,0.0,0.22630838625954824,0.0
932,3,2,5,0.0015806111696522653,0.001053740779768177,0.0026343519494204425,2.68728065048451e-05,0.21170658229057654,0.29454036348738444
933,11,10,21,0.005795574288724973,0.005268703898840885,0.011064278187565857,0.000507814036791123,0.23241125304485755,0.3068815797352867
934,5,7,12,0.0026343519494204425,0.0036880927291886192,0.006322444678609061,0.00039772678776408134,0.22123337849365246,0.2996135992943881
935,1,1,2,0.0005268703898840885,0.0005268703898840885,0.001053740779768177,0.0,0.1982885594693428,0.2678115340547025
936,1,1,2,0.0005268703898840885,0.0005268703898840885,0.001053740779768177,0.0,0.2002543512227027,0.27648890608887594
937,1,0,1,0.0005268703898840885,0.0,0.0005268703898840885,0.0,0.1931866481833636,0.0
938,27,19,46,0.01422550052687039,0.010010537407797681,0.02423603793466807,0.0025122337597943837,0.262925916715716,0.36524670150202204
939,15,23,38,0.007903055848261327,0.012118018967334035,0.020021074815595362,0.0007569023337916338,0.23223698817129226,0.3154432279929408
940,13,14,27,0.00684931506849315,0.0073761854583772385,0.01422550052687039,0.00041631426148234347,0.25052040702974937,0.34910592677335295
941,3,2,5,0.0015806111696522653,0.001053740779768177,0.0026343519494204425,4.942482637252161e-06,0.2115619739693398,0.24127326120825754
942,12,20,32,0.006322444678609061,0.01053740779768177,0.01685985247629083,0.0007800542115348165,0.23997422253960238,0.342107963793403
943,15,7,22,0.007903055848261327,0.0036880927291886192,0.011591148577449946,0.00021028310259434236,0.2418480452038887,0.3343931446468605
944,4,13,17,0.002107481559536354,0.00684931506849315,0.008956796628029505,8.665906337329336e-05,0.21127334917538437,0.3337761831253718
945,1,1,2,0.0005268703898840885,0.0005268703898840885,0.001053740779768177,0.0,0.17049177792171383,0.22238068992495577
946,1,0,1,0.0005268703898840885,0.0,0.0005268703898840885,0.0,0.17166207052190785,0.0
947,1,0,1,0.0005268703898840885,0.0,0.0005268703898840885,0.0,0.17166207052190785,0.0
948,1,0,1,0.0005268703898840885,0.0,0.0005268703898840885,0.0,0.2079508568266508,0.0
949,17,15,32,0.008956796628029505,0.007903055848261327,0.01685985247629083,0.00024419492282145325,0.2475173653898083,0.338903505533817
950,37,36,73,0.019494204425711273,0.018967334035827184,0.03846153846153846,0.0016941749170704217,0.2729671532530377,0.3653204589134724
951,1,1,2,0.0005268703898840885,0.0005268703898840885,0.001053740779768177,0.0,0.19442983671758535,0.2822257273852598
952,18,8,26,0.009483667017913592,0.004214963119072708,0.0136986301369863,0.00035768506695102,0.25160579195053895,0.31500381552142
953,5,6,11,0.0026343519494204425,0.0031612223393045306,0.005795574288724973,2.2372313631826732e-05,0.20579849162200228,0.29511695147463546
954,5,5,10,0.0026343519494204425,0.0026343519494204425,0.005268703898840885,7.402775981485772e-05,0.22785193469184414,0.32047243800522857
955,2,0,2,0.001053740779768177,0.0,0.001053740779768177,0.0,0.2191662939941739,0.0
956,2,1,3,0.001053740779768177,0.0005268703898840885,0.0015806111696522653,1.1254451117536718e-06,0.19553455169893527,0.24616504456926316
957,4,0,4,0.002107481559536354,0.0,0.002107481559536354,0.0,0.23264502107481558,0.0
958,7,4,11,0.0036880927291886192,0.002107481559536354,0.005795574288724973,0.000276318943454337,0.22123337849365246,0.2974460559913705
959,4,2,6,0.002107481559536354,0.001053740779768177,0.0031612223393045306,1.4835727455721659e-05,0.2146904319947644,0.2414664859235872
960,2,0,2,0.001053740779768177,0.0,0.001053740779768177,0.0,0.19875695948296931,0.0
961,2,1,3,0.001053740779768177,0.0005268703898840885,0.0015806111696522653,3.988195131872678e-06,0.2187335663072835,0.2984766395874468
962,3,3,6,0.0015806111696522653,0.0015806111696522653,0.0031612223393045306,0.00017640385763290043,0.2052529687813873,0.2787897846416266
963,12,7,19,0.006322444678609061,0.0036880927291886192,0.010010537407797681,7.069913314394857e-05,0.23733849033801796,0.30317863458010985
964,17,14,31,0.008956796628029505,0.0073761854583772385,0.016332982086406742,0.0011247151338644522,0.2584645868354215,0.3572407015283403
965,2,2,4,0.001053740779768177,0.001053740779768177,0.002107481559536354,0.0,0.19325711099695098,0.2683279312577151
966,16,12,28,0.008429926238145416,0.006322444678609061,0.014752370916754477,0.0003492647839424877,0.24165934711920425,0.3214404606502337
967,15,15,30,0.007903055848261327,0.007903055848261327,0.015806111696522653,0.0003592723947890796,0.2475833172590835,0.337890719562853
968,0,1,1,0.0,0.0005268703898840885,0.0005268703898840885,0.0,0.0,0.1836920601556766
969,39,33,72,0.02054794520547945,0.01738672286617492,0.03793466807165437,0.0025739952199151485,0.26159352186749446,0.36051552661209946
970,13,11,24,0.00684931506849315,0.005795574288724973,0.012644889357218123,0.00025358772607535375,0.2367941360023803,0.31582872076458013
971,10,8,18,0.005268703898840885,0.004214963119072708,0.009483667017913592,0.0010579222851840567,0.22999509645379712,0.3095067429494466
972,1,1,2,0.0005268703898840885,0.0005268703898840885,0.001053740779768177,0.0,0.17312841246009694,0.2350353270806178
973,6,6,12,0.0031612223393045306,0.0031612223393045306,0.006322444678609061,0.00040291746143153765,0.2291443131130309,0.32525474874856436
974,15,3,18,0.007903055848261327,0.0015806111696522653,0.009483667017913592,7.716997954428177e-05,0.2434958568326364,0.2604847966219604
975,27,19,46,0.01422550052687039,0.010010537407797681,0.02423603793466807,0.0010893534552096334,0.2606396043964489,0.3628293045606729
976,2,0,2,0.001053740779768177,0.0,0.001053740779768177,0.0,0.179683352828589,0.0
977,4,1,5,0.002107481559536354,0.0005268703898840885,0.0026343519494204425,1.9867871567425842e-06,0.2192496908148514,0.25344170811705174
978,11,7,18,0.005795574288724973,0.0036880927291886192,0.009483667017913592,0.0009968493626052078,0.240907490192725,0.322184668306236
979,2,1,3,0.001053740779768177,0.0005268703898840885,0.0015806111696522653,3.8785233144026047e-07,0.18786497971559651,0.2422749313699632
980,8,12,20,0.004214963119072708,0.006322444678609061,0.01053740779768177,9.830228599660705e-05,0.2332279592553565,0.3361328339909913
981,4,3,7,0.002107481559536354,0.0015806111696522653,0.0036880927291886192,3.1582215591326776e-06,0.21088973891814353,0.2787038842303983
982,1,0,1,0.0005268703898840885,0.0,0.0005268703898840885,0.0,0.175514915937243,0.0
983,16,9,25,0.008429926238145416,0.004741833508956796,0.013171759747102212,0.0005650791194904072,0.24510160635012937,0.32437993769760004
984,11,7,18,0.005795574288724973,0.0036880927291886192,0.009483667017913592,0.0002541269644968155,0.23565310415250834,0.31142484292296696
985,4,3,7,0.002107481559536354,0.0015806111696522653,0.0036880927291886192,7.154291872301416e-05,0.20969988482810661,0.2784465003139165
986,13,48,61,0.00684931506849315,0.025289778714436245,0.032139093782929395,0.0010031511416091052,0.2347007298998081,0.3810166201641776
987,8,0,8,0.004214963119072708,0.0,0.004214963119072708,0.0,0.23045569200080793,0.0
988,10,5,15,0.005268703898840885,0.0026343519494204425,0.007903055848261327,0.0001566431466425866,0.23697530978662085,0.31239283587282257
989,2,0,2,0.001053740779768177,0.0,0.001053740779768177,0.0,0.21106375239266553,0.0
990,18,12,30,0.009483667017913592,0.006322444678609061,0.015806111696522653,0.0007526986594510217,0.2501831420768283,0.32796717051115215
991,15,16,31,0.007903055848261327,0.008429926238145416,0.016332982086406742,0.0010264123198587976,0.253320662397312,0.3475632877117224
992,24,9,33,0.012644889357218123,0.004741833508956796,0.01738672286617492,0.0002802067423200056,0.24944434622103095,0.3026713924275582
993,15,16,31,0.007903055848261327,0.008429926238145416,0.016332982086406742,0.0006737097932358613,0.2392944088780171,0.31533325998597095
994,22,23,45,0.011591148577449946,0.012118018967334035,0.02370916754478398,0.0006218474829272525,0.24811220017979715,0.33181711528604463
995,10,9,19,0.005268703898840885,0.004741833508956796,0.010010537407797681,0.0001889463535817701,0.2408450465716279,0.34005017152998407
996,6,9,15,0.0031612223393045306,0.004741833508956796,0.007903055848261327,7.217512646271895e-05,0.23241125304485755,0.32940038465759564
997,12,8,20,0.006322444678609061,0.004214963119072708,0.01053740779768177,0.0001672295258879664,0.23776361045888955,0.3215547302771979
998,8,8,16,0.004214963119072708,0.004214963119072708,0.008429926238145416,4.292204200189942e-05,0.23673380628620136,0.32713687387694673
999,6,6,12,0.0031612223393045306,0.0031612223393045306,0.006322444678609061,0.00012127181565130233,0.22607790503000982,0.31754729024741357
1000,17,34,51,0.008956796628029505,0.01791359325605901,0.026870389884088512,0.0020841268846455607,0.24439247492723315,0.33744952668149886
1001,3,2,5,0.0015806111696522653,0.001053740779768177,0.0026343519494204425,4.3944921027693046e-07,0.2251466415491496,0.2998122161981298
1002,6,5,11,0.0031612223393045306,0.0026343519494204425,0.005795574288724973,0.00025852598938783095,0.22591300502634099,0.33127026415299676
1003,2,2,4,0.001053740779768177,0.001053740779768177,0.002107481559536354,9.440221338983613e-06,0.18262189262447728,0.25224022762681475
1004,25,27,52,0.013171759747102212,0.01422550052687039,0.0273972602739726,0.0014965127893972348,0.25717691383153624,0.3501193947241175
1005,10,6,16,0.005268703898840885,0.0031612223393045306,0.008429926238145416,6.023696983531161e-05,0.24831111429004288,0.33594557335924147
1006,16,8,24,0.008429926238145416,0.004214963119072708,0.012644889357218123,0.0003739900272114259,0.2509263272139725,0.31153210135001125
1007,1,0,1,0.0005268703898840885,0.0,0.0005268703898840885,0.0,0.19905456348647324,0.0
1008,2,2,4,0.001053740779768177,0.001053740779768177,0.002107481559536354,1.8244154278876965e-06,0.19365989780603174,0.26157705502306466
1009,5,8,13,0.0026343519494204425,0.004214963119072708,0.00684931506849315,5.044738624584875e-05,0.2105552208641152,0.3038916365764346
1010,1,1,2,0.0005268703898840885,0.0005268703898840885,0.001053740779768177,0.0,0.19064017022432098,0.2627548166360952
1011,1,0,1,0.0005268703898840885,0.0,0.0005268703898840885,0.0,0.1980800520006944,0.0
1012,4,0,4,0.002107481559536354,0.0,0.002107481559536354,0.0,0.2043434528544713,0.0
1013,8,18,26,0.004214963119072708,0.009483667017913592,0.0136986301369863,0.000960264301197589,0.2192496908148514,0.31816160966224327
1014,17,13,30,0.008956796628029505,0.00684931506849315,0.015806111696522653,0.0016427459041540862,0.25072320282604976,0.3151135538302587
1015,9,0,9,0.004741833508956796,0.0,0.004741833508956796,0.0,0.24514754591656016,0.0
1016,2,0,2,0.001053740779768177,0.0,0.001053740779768177,0.0,0.20551680306962505,0.0
1017,2,1,3,0.001053740779768177,0.0005268703898840885,0.0015806111696522653,1.7797926055205672e-06,0.20639275648008448,0.2841317594690616
1018,28,32,60,0.014752370916754477,0.01685985247629083,0.031612223393045306,0.0024632242158270593,0.270740148506218,0.36934808340945596
1019,15,8,23,0.007903055848261327,0.004214963119072708,0.012118018967334035,8.001773598491379e-05,0.22657405259042682,0.29842740226649866
1020,2,0,2,0.001053740779768177,0.0,0.001053740779768177,0.0,0.20111953410401176,0.0
1021,36,21,57,0.018967334035827184,0.011064278187565857,0.030031612223393043,0.003287633328427899,0.26389667414749796,0.3557653711975448
1022,3,3,6,0.0015806111696522653,0.0015806111696522653,0.0031612223393045306,9.267693813283618e-06,0.21478968785791502,0.30651760632658676
1023,12,11,23,0.006322444678609061,0.005795574288724973,0.012118018967334035,0.0004992154296121762,0.23910967310173453,0.31571848386378976
1024,4,0,4,0.002107481559536354,0.0,0.002107481559536354,0.0,0.20930726142583497,0.0
1025,2,2,4,0.001053740779768177,0.001053740779768177,0.002107481559536354,5.096599905414026e-06,0.2012083563606194,0.2704540159275699
1026,32,21,53,0.01685985247629083,0.011064278187565857,0.02792413066385669,0.0015879147291388202,0.2527006227014796,0.3404981954713938
1027,1,0,1,0.0005268703898840885,0.0,0.0005268703898840885,0.0,0.21173608288947948,0.0
1028,2,2,4,0.001053740779768177,0.001053740779768177,0.002107481559536354,2.568505594963235e-06,0.21122532158975685,0.2699696929621721
1029,14,15,29,0.0073761854583772385,0.007903055848261327,0.015279241306638566,0.0005311849620910127,0.23246939946793604,0.32934041735654745
1030,0,1,1,0.0,0.0005268703898840885,0.0005268703898840885,0.0,0.0,0.245129943296537
1031,6,10,16,0.0031612223393045306,0.005268703898840885,0.008429926238145416,0.0006622361457885932,0.2305086057239743,0.3114784629028091
1032,18,8,26,0.009483667017913592,0.004214963119072708,0.0136986301369863,0.0005122823311552093,0.24937739926820726,0.3177704044509951
1033,34,42,76,0.01791359325605901,0.022128556375131715,0.040042149631190724,0.0036977738370965814,0.2619622750700142,0.3642905583043728
1034,25,18,43,0.013171759747102212,0.009483667017913592,0.022655426765015804,0.0019049554345301918,0.26129926593738484,0.3478305926820833
1035,2,1,3,0.001053740779768177,0.0005268703898840885,0.0015806111696522653,1.5959716682923725e-06,0.1972781719051678,0.25080644843193056
1036,19,16,35,0.010010537407797681,0.008429926238145416,0.0184404636459431,0.0007689293898045943,0.2563962995787363,0.34504423279410934
1037,9,15,24,0.004741833508956796,0.007903055848261327,0.012644889357218123,0.0001185910006831195,0.22389884088514225,0.3096656817082361
1038,4,13,17,0.002107481559536354,0.00684931506849315,0.008956796628029505,6.128946437599777e-05,0.20984195792080856,0.3315130864100266
1039,32,14,46,0.01685985247629083,0.0073761854583772385,0.02423603793466807,0.0012725668916364929,0.26548005419238296,0.33383777681113036
1040,5,4,9,0.0026343519494204425,0.002107481559536354,0.004741833508956796,4.240853474976495e-05,0.2126757129030305,0.3012099421477714
1041,9,6,15,0.004741833508956796,0.0031612223393045306,0.007903055848261327,0.0001008724773573445,0.22841204269256152,0.30677749915881214
1042,35,41,76,0.0184404636459431,0.02160168598524763,0.040042149631190724,0.0020654747395412883,0.2736907775179206,0.3775181370074114
1043,11,9,20,0.005795574288724973,0.004741833508956796,0.01053740779768177,8.78788015696263e-05,0.24791360450195848,0.327314440481186
1044,5,4,9,0.0026343519494204425,0.002107481559536354,0.004741833508956796,5.747182715806264e-06,0.21786170918483946,0.30016043015422517
1045,6,6,12,0.0031612223393045306,0.0031612223393045306,0.006322444678609061,8.479753359079595e-05,0.22729456694553335,0.31169312759123285
1046,3,1,4,0.0015806111696522653,0.0005268703898840885,0.002107481559536354,1.853782931587495e-06,0.20584408278097927,0.2382545650651278
1047,4,1,5,0.002107481559536354,0.0005268703898840885,0.0026343519494204425,1.1911067938848272e-06,0.21045983911060936,0.23030769096620182
1048,1,0,1,0.0005268703898840885,0.0,0.0005268703898840885,0.0,0.17705100538418234,0.0
1049,14,8,22,0.0073761854583772385,0.004214963119072708,0.011591148577449946,0.00034527611717406325,0.25228894642230254,0.33953958568684595
1050,21,9,30,0.011064278187565857,0.004741833508956796,0.015806111696522653,0.0008535023285605244,0.26144631110673616,0.32904090806466263
1051,10,1,11,0.005268703898840885,0.0005268703898840885,0.005795574288724973,4.871219808756438e-06,0.24542530102306928,0.26812908144946124
1052,17,26,43,0.008956796628029505,0.0136986301369863,0.022655426765015804,0.0009561215205666637,0.23571288423981235,0.3375124836827454
1053,7,0,7,0.0036880927291886192,0.0,0.0036880927291886192,0.0,0.23223860351865794,0.0
1054,6,5,11,0.0031612223393045306,0.0026343519494204425,0.005795574288724973,1.253508608322969e-05,0.22707238261811835,0.31067609694994247
1055,1,0,1,0.0005268703898840885,0.0,0.0005268703898840885,0.0,0.21173608288947948,0.0
1056,22,11,33,0.011591148577449946,0.005795574288724973,0.01738672286617492,0.00027696349505935654,0.25263191671379565,0.32607550694656007
1057,1,0,1,0.0005268703898840885,0.0,0.0005268703898840885,0.0,0.19234809514246845,0.0
1058,3,2,5,0.0015806111696522653,0.001053740779768177,0.0026343519494204425,1.4073935469712458e-05,0.19995269844487634,0.27167246021016894
1059,7,7,14,0.0036880927291886192,0.0036880927291886192,0.0073761854583772385,6.913756795948959e-05,0.23673380628620136,0.31911570162983155
1060,15,10,25,0.007903055848261327,0.005268703898840885,0.013171759747102212,0.0003145571604339918,0.23997422253960238,0.33060433343192897
1061,0,1,1,0.0,0.0005268703898840885,0.0005268703898840885,0.0,0.0,0.24993375946381668
1062,10,11,21,0.005268703898840885,0.005795574288724973,0.011064278187565857,0.0011464996100372608,0.23547394568508373,0.335509442236557
1063,7,1,8,0.0036880927291886192,0.0005268703898840885,0.004214963119072708,5.711453837589293e-06,0.23328651510754214,0.26378928441812705
1064,1,6,7,0.0005268703898840885,0.0031612223393045306,0.0036880927291886192,2.560242324454997e-06,0.18140964265391263,0.297299410441991
1065,4,4,8,0.002107481559536354,0.002107481559536354,0.004214963119072708,1.1563447950955022e-05,0.21935320813818235,0.2848924271715772
1066,9,8,17,0.004741833508956796,0.004214963119072708,0.008956796628029505,6.375056700675338e-05,0.23523549105654187,0.31979263081836934
1067,1,0,1,0.0005268703898840885,0.0,0.0005268703898840885,0.0,0.20094581824643976,0.0
1068,21,11,32,0.011064278187565857,0.005795574288724973,0.01685985247629083,0.0002732878258589299,0.2541521306546336,0.3375124836827454
1069,13,20,33,0.00684931506849315,0.01053740779768177,0.01738672286617492,0.000863012972893379,0.23733849033801796,0.3276701526063241
1070,5,3,8,0.0026343519494204425,0.0015806111696522653,0.004214963119072708,8.014844061529161e-06,0.22971080090811877,0.3011597989910963
1071,6,3,9,0.0031612223393045306,0.0015806111696522653,0.004741833508956796,1.5389984637083796e-05,0.2291443131130309,0.30636188188645475
1072,45,23,68,0.02370916754478398,0.012118018967334035,0.03582718651211802,0.001516732901838801,0.2675439647778118,0.3470964912777274
1073,1,0,1,0.0005268703898840885,0.0,0.0005268703898840885,0.0,0.19905456348647324,0.0
1074,3,2,5,0.0015806111696522653,0.001053740779768177,0.0026343519494204425,7.5616691513748175e-06,0.21930143726064205,0.2852967848193526
1075,6,5,11,0.0031612223393045306,0.0026343519494204425,0.005795574288724973,4.494948264618956e-05,0.216895469111424,0.2982797877229209
1076,2,4,6,0.001053740779768177,0.002107481559536354,0.0031612223393045306,0.0008869376453676121,0.20247988443524523,0.28408714078824043
1077,3,1,4,0.0015806111696522653,0.0005268703898840885,0.002107481559536354,4.006252810288393e-06,0.21623928081762633,0.24120892167193536
1078,3,2,5,0.0015806111696522653,0.001053740779768177,0.0026343519494204425,1.3770686511613453e-05,0.21282184829897854,0.2979359210374695
1079,11,13,24,0.005795574288724973,0.00684931506849315,0.012644889357218123,0.0002711153809619041,0.21694611012685974,0.30522471951063185
1080,7,3,10,0.0036880927291886192,0.0015806111696522653,0.005268703898840885,7.256274490636256e-05,0.23416839457493455,0.29681163454298853
1081,3,2,5,0.0015806111696522653,0.001053740779768177,0.0026343519494204425,1.2094547196032404e-05,0.23177355691527574,0.30636188188645475
1082,1,1,2,0.0005268703898840885,0.0005268703898840885,0.001053740779768177,0.0,0.15706223625310012,0.2200811329123498
1083,12,11,23,0.006322444678609061,0.005795574288724973,0.012118018967334035,0.0002154266407894381,0.24640153531512607,0.340947401534021
1084,1,0,1,0.0005268703898840885,0.0,0.0005268703898840885,0.0,0.21025306920453288,0.0
1085,1,0,1,0.0005268703898840885,0.0,0.0005268703898840885,0.0,0.21025306920453288,0.0
1086,1,0,1,0.0005268703898840885,0.0,0.0005268703898840885,0.0,0.21025306920453288,0.0
1087,0,13,13,0.0,0.00684931506849315,0.00684931506849315,0.0,0.0,0.320937189476172
1088,1,0,1,0.0005268703898840885,0.0,0.0005268703898840885,0.0,0.0005268703898840885,0.0
1089,0,6,6,0.0,0.0031612223393045306,0.0031612223393045306,0.0,0.0,0.28209034596180926
1090,2,1,3,0.001053740779768177,0.0005268703898840885,0.0015806111696522653,3.6291192973318304e-06,0.19229722468405225,0.2378160789456442
1091,6,1,7,0.0031612223393045306,0.0005268703898840885,0.0036880927291886192,0.00036876730274061707,0.2282437213641219,0.22627478580856977
1092,4,0,4,0.002107481559536354,0.0,0.002107481559536354,0.0,0.2172222418999212,0.0
1093,12,11,23,0.006322444678609061,0.005795574288724973,0.012118018967334035,0.0007405719758482297,0.2537357153668324,0.3474297892336307
1094,2,1,3,0.001053740779768177,0.0005268703898840885,0.0015806111696522653,3.989693763767797e-07,0.19237685086404563,0.2563507032080934
1095,1,0,1,0.0005268703898840885,0.0,0.0005268703898840885,0.0,0.19761734642158896,0.0
1096,1,0,1,0.0005268703898840885,0.0,0.0005268703898840885,0.0,0.1683089318681972,0.0
1097,20,17,37,0.01053740779768177,0.008956796628029505,0.019494204425711273,0.0007411088973400238,0.25703463061503196,0.34636548201024603
1098,1,0,1,0.0005268703898840885,0.0,0.0005268703898840885,0.0,0.18493244918506804,0.0
1099,4,1,5,0.002107481559536354,0.0005268703898840885,0.0026343519494204425,2.449307879206811e-06,0.23375602255933092,0.3053277489518169
1100,12,5,17,0.006322444678609061,0.0026343519494204425,0.008956796628029505,3.2517252880056244e-05,0.24387931487489248,0.3004096500397733
1101,6,15,21,0.0031612223393045306,0.007903055848261327,0.011064278187565857,9.573609347683297e-05,0.23062303044759005,0.3416556964191719
1102,4,1,5,0.002107481559536354,0.0005268703898840885,0.0026343519494204425,7.100381481259918e-07,0.22002846073249832,0.2500438027006932
1103,32,10,42,0.01685985247629083,0.005268703898840885,0.022128556375131715,0.0008153314136987846,0.26731305801879757,0.3074030437620247
1104,6,3,9,0.0031612223393045306,0.0015806111696522653,0.004741833508956796,2.0128954636017905e-05,0.22874943123420494,0.28597327103059045
1105,10,9,19,0.005268703898840885,0.004741833508956796,0.010010537407797681,0.00023126830909778979,0.24523098170317773,0.31121054748658444
1106,1,0,1,0.0005268703898840885,0.0,0.0005268703898840885,0.0,0.19014713614615086,0.0
1107,5,3,8,0.0026343519494204425,0.0015806111696522653,0.004214963119072708,4.938558613277351e-05,0.22762865989057823,0.2860637116602649
1108,3,0,3,0.0015806111696522653,0.0,0.0015806111696522653,0.0,0.22104040007108372,0.0
1109,1,0,1,0.0005268703898840885,0.0,0.0005268703898840885,0.0,0.1736156873692654,0.0
1110,5,10,15,0.0026343519494204425,0.005268703898840885,0.007903055848261327,7.437875228239889e-05,0.21770857302561863,0.3319388830347735
1111,14,8,22,0.0073761854583772385,0.004214963119072708,0.011591148577449946,0.00010217451448997114,0.25263191671379565,0.3328549977073625
1112,1,0,1,0.0005268703898840885,0.0,0.0005268703898840885,0.0,0.1993103628826863,0.0
1113,29,69,98,0.015279241306638566,0.03635405690200211,0.05163329820864067,0.004422385611448403,0.2505879691675675,0.3831145515755009
1114,3,4,7,0.0015806111696522653,0.002107481559536354,0.0036880927291886192,7.498223278530303e-05,0.2064386113471096,0.28213769690260687
1115,1,0,1,0.0005268703898840885,0.0,0.0005268703898840885,0.0,0.1964907272591348,0.0
1116,2,0,2,0.001053740779768177,0.0,0.001053740779768177,0.0,0.2176286445975824,0.0
1117,22,13,35,0.011591148577449946,0.00684931506849315,0.0184404636459431,0.000549629054257522,0.2541521306546336,0.3233941566927986
1118,30,36,66,0.015806111696522653,0.018967334035827184,0.03477344573234984,0.0014814483530459983,0.2566087240191495,0.3854819758234637
1119,0,1,1,0.0,0.0005268703898840885,0.0005268703898840885,0.0,0.0,0.25268871509345825
1120,1,4,5,0.0005268703898840885,0.002107481559536354,0.0026343519494204425,1.4721127647537365e-06,0.19786630955565168,0.28364172350886097
1121,5,3,8,0.0026343519494204425,0.0015806111696522653,0.004214963119072708,1.5138129595228749e-05,0.2165416428975391,0.28802211630942764
1122,4,0,4,0.002107481559536354,0.0,0.002107481559536354,0.0,0.22198952392635077,0.0
1123,5,3,8,0.0026343519494204425,0.0015806111696522653,0.004214963119072708,1.3016401325657104e-05,0.2165416428975391,0.26572663227666204
1124,5,2,7,0.0026343519494204425,0.001053740779768177,0.0036880927291886192,8.870958264398494e-06,0.23997422253960238,0.30615449526815286
1125,2,0,2,0.001053740779768177,0.0,0.001053740779768177,0.0,0.21798549643927437,0.0
1126,4,4,8,0.002107481559536354,0.002107481559536354,0.004214963119072708,2.5618447469809986e-05,0.20955800398586835,0.3040959678163583
1127,42,61,103,0.022128556375131715,0.032139093782929395,0.05426765015806111,0.005312871686125377,0.2757211245321485,0.3872975620936663
1128,1,1,2,0.0005268703898840885,0.0005268703898840885,0.001053740779768177,6.490759313082807e-06,0.15666501259034568,0.25660523582120787
1129,3,1,4,0.0015806111696522653,0.0005268703898840885,0.002107481559536354,4.217030433135782e-05,0.22696145326657066,0.2984766395874468
1130,18,8,26,0.009483667017913592,0.004214963119072708,0.0136986301369863,0.00034451129426200797,0.24503696985056445,0.3131498896554466
1131,14,4,18,0.0073761854583772385,0.002107481559536354,0.009483667017913592,6.869635017745972e-05,0.2391712199931378,0.2903333192969853
1132,19,17,36,0.010010537407797681,0.008956796628029505,0.018967334035827184,0.0005486689942341159,0.24824477415798565,0.3552762986134162
1133,1,0,1,0.0005268703898840885,0.0,0.0005268703898840885,0.0,0.18493244918506804,0.0
1134,1,0,1,0.0005268703898840885,0.0,0.0005268703898840885,0.0,0.21173608288947948,0.0
1135,1,0,1,0.0005268703898840885,0.0,0.0005268703898840885,0.0,0.1980378983399154,0.0
1136,23,31,54,0.012118018967334035,0.016332982086406742,0.02845100105374078,0.0014497082224515935,0.2527006227014796,0.36889618934329427
1137,7,3,10,0.0036880927291886192,0.0015806111696522653,0.005268703898840885,4.538848015007178e-05,0.22937057261746244,0.3088198894741405
1138,18,15,33,0.009483667017913592,0.007903055848261327,0.01738672286617492,0.0007136426961707345,0.24811220017979715,0.3351986126625005
1139,7,0,7,0.0036880927291886192,0.0,0.0036880927291886192,0.0,0.2424016890594588,0.0
1140,0,1,1,0.0,0.0005268703898840885,0.0005268703898840885,0.0,0.0,0.26782313236835487
1141,2,0,2,0.001053740779768177,0.0,0.001053740779768177,0.0,0.21926957688484033,0.0
1142,24,24,48,0.012644889357218123,0.012644889357218123,0.025289778714436245,0.0025708914590093757,0.25283814684988853,0.3634854154188296
1143,1,0,1,0.0005268703898840885,0.0,0.0005268703898840885,0.0,0.21173608288947948,0.0
1144,2,0,2,0.001053740779768177,0.0,0.001053740779768177,0.0,0.21757776111743332,0.0
1145,2,0,2,0.001053740779768177,0.0,0.001053740779768177,0.0,0.2120066043371165,0.0
1146,4,2,6,0.002107481559536354,0.001053740779768177,0.0031612223393045306,7.544700727826274e-06,0.2187335663072835,0.2532288511393498
1147,1,0,1,0.0005268703898840885,0.0,0.0005268703898840885,0.0,0.21173608288947948,0.0
1148,1,0,1,0.0005268703898840885,0.0,0.0005268703898840885,0.0,0.21173608288947948,0.0
1149,2,0,2,0.001053740779768177,0.0,0.001053740779768177,0.0,0.22104040007108372,0.0
1150,1,0,1,0.0005268703898840885,0.0,0.0005268703898840885,0.0,0.21173608288947948,0.0
1151,1,0,1,0.0005268703898840885,0.0,0.0005268703898840885,0.0,0.21173608288947948,0.0
1152,1,0,1,0.0005268703898840885,0.0,0.0005268703898840885,0.0,0.21173608288947948,0.0
1153,6,6,12,0.0031612223393045306,0.0031612223393045306,0.006322444678609061,2.774830852041134e-05,0.23079488069382523,0.3104628303654565
1154,4,3,7,0.002107481559536354,0.0015806111696522653,0.0036880927291886192,1.7382612064655002e-05,0.21730126044746031,0.2760669788706722
1155,0,1,1,0.0,0.0005268703898840885,0.0005268703898840885,0.0,0.0,0.24140496148691223
1156,2,0,2,0.001053740779768177,0.0,0.001053740779768177,0.0,0.21481534725283066,0.0
1157,3,0,3,0.0015806111696522653,0.0,0.0015806111696522653,0.0,0.21773048299000053,0.0
1158,24,27,51,0.012644889357218123,0.01422550052687039,0.026870389884088512,0.00156726137888613,0.2561842265435182,0.3473630784446074
1159,0,1,1,0.0,0.0005268703898840885,0.0005268703898840885,0.0,0.0,0.22771533019927265
1160,1,0,1,0.0005268703898840885,0.0,0.0005268703898840885,0.0,0.1847488751834946,0.0
1161,6,2,8,0.0031612223393045306,0.001053740779768177,0.004214963119072708,1.0841951263722583e-05,0.23022304005781477,0.26176630191571626
1162,2,3,5,0.001053740779768177,0.0015806111696522653,0.0026343519494204425,2.7316710981747577e-06,0.20029751879140772,0.28678930129034796
1163,5,2,7,0.0026343519494204425,0.001053740779768177,0.0036880927291886192,2.6224465094619808e-05,0.23577269466463852,0.2964711426646206
1164,1,0,1,0.0005268703898840885,0.0,0.0005268703898840885,0.0,0.19905456348647324,0.0
1165,2,4,6,0.001053740779768177,0.002107481559536354,0.0031612223393045306,6.332660229194497e-06,0.2077308718250258,0.3033820078047149
1166,1,1,2,0.0005268703898840885,0.0005268703898840885,0.001053740779768177,0.0,0.1902887957553431,0.25649608854948464
1167,19,20,39,0.010010537407797681,0.01053740779768177,0.02054794520547945,0.001744947607301002,0.25860845802208193,0.3502549685458887
1168,21,19,40,0.011064278187565857,0.010010537407797681,0.02107481559536354,0.0012219237500691574,0.24964540292137033,0.34998392581534443
1169,9,8,17,0.004741833508956796,0.004214963119072708,0.008956796628029505,9.62166283823396e-05,0.24426398256396958,0.3331614940220101
1170,1,0,1,0.0005268703898840885,0.0,0.0005268703898840885,0.0,0.18822412708318415,0.0
1171,5,2,7,0.0026343519494204425,0.001053740779768177,0.0036880927291886192,5.844481911736988e-06,0.2163903562350583,0.27712422067088166
1172,1,1,2,0.0005268703898840885,0.0005268703898840885,0.001053740779768177,0.0,0.17624813916413892,0.23139766085181826
1173,14,10,24,0.0073761854583772385,0.005268703898840885,0.012644889357218123,0.0011043982382444044,0.23553363489818516,0.30322945231973103
1174,10,6,16,0.005268703898840885,0.0031612223393045306,0.008429926238145416,4.446776728833702e-05,0.23375602255933092,0.30729860923042557
1175,4,3,7,0.002107481559536354,0.0015806111696522653,0.0036880927291886192,2.0315601900587322e-05,0.22384490235445442,0.29014705894779713
1176,5,4,9,0.0026343519494204425,0.002107481559536354,0.004741833508956796,1.845870028732717e-05,0.21060294416893482,0.2843997661593327
1177,2,1,3,0.001053740779768177,0.0005268703898840885,0.0015806111696522653,4.1384416730848133e-07,0.19390237680996253,0.26932662089318377
1178,7,17,24,0.0036880927291886192,0.008956796628029505,0.012644889357218123,0.0001887240974099884,0.2316002466783002,0.3547190024587285
1179,3,3,6,0.0015806111696522653,0.0015806111696522653,0.0031612223393045306,5.248809614999494e-06,0.20520763906213346,0.28408714078824043
1180,6,6,12,0.0031612223393045306,0.0031612223393045306,0.006322444678609061,7.903590548289073e-05,0.21459126782294236,0.29773978152394914
1181,29,27,56,0.015279241306638566,0.01422550052687039,0.029504741833508954,0.0016074243506722563,0.25991054256596935,0.3731573664479198
1182,6,3,9,0.0031612223393045306,0.0015806111696522653,0.004741833508956796,1.3995660716668821e-05,0.22841204269256152,0.283997945453613
1183,27,24,51,0.01422550052687039,0.012644889357218123,0.026870389884088512,0.0031641771663016736,0.2595475390148995,0.3404981954713938
1184,22,23,45,0.011591148577449946,0.012118018967334035,0.02370916754478398,0.0008392280820908518,0.253182612990011,0.3577352012140627
1185,38,56,94,0.020021074815595362,0.029504741833508954,0.04952581664910432,0.003811817351564831,0.2709770165276583,0.3778335239222045
1186,10,9,19,0.005268703898840885,0.004741833508956796,0.010010537407797681,0.0004749565224020114,0.23661323903064432,0.3250794092613684
1187,14,9,23,0.0073761854583772385,0.004741833508956796,0.012118018967334035,0.00018438841169115942,0.24407149715611776,0.29715290941844863
1188,5,1,6,0.0026343519494204425,0.0005268703898840885,0.0031612223393045306,8.961863462111012e-06,0.21345742928402028,0.2653368894895153
1189,71,89,160,0.03740779768177028,0.046891464699683874,0.08429926238145416,0.008883920900900424,0.2878501207166482,0.3894654278879473
1190,25,33,58,0.013171759747102212,0.01738672286617492,0.030558482613277132,0.002036074252551075,0.2579622958560079,0.3728497346536511
1191,4,0,4,0.002107481559536354,0.0,0.002107481559536354,0.0,0.23051277787943086,0.0
1192,2,0,2,0.001053740779768177,0.0,0.001053740779768177,0.0,0.1948120887679691,0.0
1193,2,0,2,0.001053740779768177,0.0,0.001053740779768177,0.0,0.2079043977433562,0.0
1194,2,1,3,0.001053740779768177,0.0005268703898840885,0.0015806111696522653,7.005655174683522e-07,0.19948050443824397,0.2382545650651278
1195,4,4,8,0.002107481559536354,0.002107481559536354,0.004214963119072708,2.2804986627060515e-05,0.22229191140510535,0.32310536033925974
1196,8,8,16,0.004214963119072708,0.004214963119072708,0.008429926238145416,0.0005949103374683501,0.23235313570226065,0.3417202328181933
1197,1,0,1,0.0005268703898840885,0.0,0.0005268703898840885,0.0,0.19841792842201755,0.0
1198,4,5,9,0.002107481559536354,0.0026343519494204425,0.004741833508956796,0.0002652833672361324,0.21730126044746031,0.3060509072135874
1199,4,7,11,0.002107481559536354,0.0036880927291886192,0.005795574288724973,0.00032514532262144816,0.20662223475057603,0.2869712741972581
1200,1,0,1,0.0005268703898840885,0.0,0.0005268703898840885,0.0,0.20046964332168515,0.0
1201,1,0,1,0.0005268703898840885,0.0,0.0005268703898840885,0.0,0.18600441421132569,0.0
1202,2,1,3,0.001053740779768177,0.0005268703898840885,0.0015806111696522653,1.7953360963266708e-07,0.1924166886877905,0.26157705502306466
1203,1,1,2,0.0005268703898840885,0.0005268703898840885,0.001053740779768177,0.0,0.19782418345185018,0.27733664150536796
1204,2,0,2,0.001053740779768177,0.0,0.001053740779768177,0.0,0.16614534624161084,0.0
1205,0,1,1,0.0,0.0005268703898840885,0.0005268703898840885,0.0,0.0,0.22347236192927142
1206,5,1,6,0.0026343519494204425,0.0005268703898840885,0.0031612223393045306,2.3102594936236514e-06,0.21719967033037407,0.2562780723246232
1207,4,3,7,0.002107481559536354,0.0015806111696522653,0.0036880927291886192,3.190785321233489e-05,0.20341072453444403,0.27896174441627064
1208,10,0,10,0.005268703898840885,0.0,0.005268703898840885,0.0,0.2361878386546351,0.0
1209,4,3,7,0.002107481559536354,0.0015806111696522653,0.0036880927291886192,1.0982720304019116e-05,0.2310818676133649,0.30708995290095314
1210,2,0,2,0.001053740779768177,0.0,0.001053740779768177,0.0,0.20252014892258158,0.0
1211,11,8,19,0.005795574288724973,0.004214963119072708,0.010010537407797681,0.0003708378584477181,0.24178511310781692,0.3266643034560338
1212,1,0,1,0.0005268703898840885,0.0,0.0005268703898840885,0.0,0.1798917618981756,0.0
1213,8,14,22,0.004214963119072708,0.0073761854583772385,0.011591148577449946,8.572681358988428e-05,0.2305086057239743,0.33048354266341157
1214,6,12,18,0.0031612223393045306,0.006322444678609061,0.009483667017913592,0.00010012442838537107,0.21563708277404048,0.33998626433743945
1215,15,27,42,0.007903055848261327,0.01422550052687039,0.022128556375131715,0.0007649018017839393,0.24984678399390706,0.37830759358835536
1216,12,3,15,0.006322444678609061,0.0015806111696522653,0.007903055848261327,1.7074265501507592e-05,0.24614044759558687,0.3030262835074565
1217,26,12,38,0.0136986301369863,0.006322444678609061,0.020021074815595362,0.000609240159128896,0.25810560824259454,0.3301216993685247
1218,2,1,3,0.001053740779768177,0.0005268703898840885,0.0015806111696522653,0.0,0.17648246717442365,0.2378160789456442
1219,4,4,8,0.002107481559536354,0.002107481559536354,0.004214963119072708,7.175833490658249e-05,0.1890114299579618,0.27138717559848713
1220,2,1,3,0.001053740779768177,0.0005268703898840885,0.0015806111696522653,2.653596314195682e-06,0.20666819165332304,0.2759406516991329
1221,1,0,1,0.0005268703898840885,0.0,0.0005268703898840885,0.0,0.18493244918506804,0.0
1222,1,0,1,0.0005268703898840885,0.0,0.0005268703898840885,0.0,0.1993103628826863,0.0
1223,3,2,5,0.0015806111696522653,0.001053740779768177,0.0026343519494204425,3.0341328850577506e-05,0.2146904319947644,0.29145592275487603
1224,9,8,17,0.004741833508956796,0.004214963119072708,0.008956796628029505,0.000561122126431778,0.23334510037000009,0.327314440481186
1225,2,2,4,0.001053740779768177,0.001053740779768177,0.002107481559536354,4.523028030563809e-06,0.19197937803168189,0.25829053577091876
1226,3,2,5,0.0015806111696522653,0.001053740779768177,0.0026343519494204425,4.509759275326673e-06,0.22013271491905717,0.27771982077671403
1227,18,13,31,0.009483667017913592,0.00684931506849315,0.016332982086406742,0.00030423331069456827,0.253320662397312,0.33457867810976794
1228,2,2,4,0.001053740779768177,0.001053740779768177,0.002107481559536354,3.862633927986512e-06,0.19867012821751984,0.27029238197213734
1229,1,0,1,0.0005268703898840885,0.0,0.0005268703898840885,0.0,0.2131424838065191,0.0
1230,4,0,4,0.002107481559536354,0.0,0.002107481559536354,0.0,0.1975334502864068,0.0
1231,32,28,60,0.01685985247629083,0.014752370916754477,0.031612223393045306,0.0023685318342028796,0.2638217460742023,0.368595540452224
1232,2,0,2,0.001053740779768177,0.0,0.001053740779768177,0.0,0.22083058478862422,0.0
1233,1,4,5,0.0005268703898840885,0.002107481559536354,0.0026343519494204425,3.0116069572435836e-06,0.20182019758326245,0.29061315864088594
1234,10,11,21,0.005268703898840885,0.005795574288724973,0.011064278187565857,0.0011056175362101038,0.24022238616167021,0.3326713704559609
1235,5,8,13,0.0026343519494204425,0.004214963119072708,0.00684931506849315,8.349624500459143e-05,0.22282498553317512,0.3128790924488958
1236,23,76,99,0.012118018967334035,0.040042149631190724,0.05216016859852476,0.003203687585760326,0.2540131737762002,0.3932754157694598
1237,12,13,25,0.006322444678609061,0.00684931506849315,0.013171759747102212,0.0008384537091900263,0.23661323903064432,0.33230472309689846
1238,11,9,20,0.005795574288724973,0.004741833508956796,0.01053740779768177,0.00015117330441409384,0.24971249386545027,0.33563393553608817
1239,3,2,5,0.0015806111696522653,0.001053740779768177,0.0026343519494204425,5.360433278532631e-06,0.21088973891814353,0.25153878094264676
1240,2,3,5,0.001053740779768177,0.0015806111696522653,0.0026343519494204425,6.181594300426329e-06,0.20060021366004757,0.2872446669640386
1241,7,4,11,0.0036880927291886192,0.002107481559536354,0.005795574288724973,0.00014252484613808746,0.22796373642623657,0.311157019700639
1242,1,1,2,0.0005268703898840885,0.0005268703898840885,0.001053740779768177,0.0,0.18862772831371102,0.23282714447098007
1243,2,1,3,0.001053740779768177,0.0005268703898840885,0.0015806111696522653,0.0,0.20749892578681117,0.27836081128473844
1244,26,13,39,0.0136986301369863,0.00684931506849315,0.02054794520547945,0.0007190290539173033,0.25853650241328335,0.32784829875670807
1245,1,1,2,0.0005268703898840885,0.0005268703898840885,0.001053740779768177,0.0,0.19048384372147198,0.26378928441812705
1246,32,28,60,0.01685985247629083,0.014752370916754477,0.031612223393045306,0.0019530285419405062,0.25933022318541454,0.3676218070594422
1247,3,2,5,0.0015806111696522653,0.001053740779768177,0.0026343519494204425,1.312441077246248e-05,0.2134084036916262,0.28226976322975744
1248,23,23,46,0.012118018967334035,0.012118018967334035,0.02423603793466807,0.0005547561224238097,0.2537357153668324,0.338903505533817
1249,3,2,5,0.0015806111696522653,0.001053740779768177,0.0026343519494204425,4.261707944380089e-05,0.2021714947069931,0.2378473458505805
1250,1,0,1,0.0005268703898840885,0.0,0.0005268703898840885,0.0,0.18600441421132569,0.0
1251,5,0,5,0.0026343519494204425,0.0,0.0026343519494204425,0.0,0.22813927048278068,0.0
1252,7,4,11,0.0036880927291886192,0.002107481559536354,0.005795574288724973,5.618606690631613e-05,0.22013271491905717,0.28275506604243755
1253,30,37,67,0.015806111696522653,0.019494204425711273,0.03530031612223393,0.002617701137343958,0.25387436876320774,0.3490385708160361
1254,2,1,3,0.001053740779768177,0.0005268703898840885,0.0015806111696522653,7.646477412001018e-07,0.19402384415814167,0.24815732682297878
1255,63,54,117,0.033192834562697573,0.02845100105374078,0.06164383561643835,0.00770697156556518,0.2788656031432594,0.39698637536526554
1256,7,6,13,0.0036880927291886192,0.0031612223393045306,0.00684931506849315,0.0006851276590446232,0.21940500346477929,0.30924220727171203
1257,1,0,1,0.0005268703898840885,0.0,0.0005268703898840885,0.0,0.20094581824643976,0.0
1258,1,1,2,0.0005268703898840885,0.0005268703898840885,0.001053740779768177,0.0,0.1548141250275688,0.0005268703898840885
1259,1,1,2,0.0005268703898840885,0.0005268703898840885,0.001053740779768177,0.0,0.18639522360548455,0.280388548130737
1260,33,16,49,0.01738672286617492,0.008429926238145416,0.025816649104320334,0.0007297281599939547,0.26374686053742274,0.3513433506582861
1261,5,1,6,0.0026343519494204425,0.0005268703898840885,0.0031612223393045306,1.2356454750746579e-06,0.21940500346477929,0.26596102801227806
1262,7,4,11,0.0036880927291886192,0.002107481559536354,0.005795574288724973,7.883540007476219e-05,0.22541974519003893,0.32007553300416053
1263,1,1,2,0.0005268703898840885,0.0005268703898840885,0.001053740779768177,0.0,0.2041705536526786,0.29559916871560704
1264,3,3,6,0.0015806111696522653,0.0015806111696522653,0.0031612223393045306,1.9825721841279204e-06,0.21370289550904792,0.29258724123233304
1265,5,2,7,0.0026343519494204425,0.001053740779768177,0.0036880927291886192,2.8370204079048597e-05,0.21816862870940135,0.3109430925643718
1266,1,0,1,0.0005268703898840885,0.0,0.0005268703898840885,0.0,0.2131424838065191,0.0
1267,2,3,5,0.001053740779768177,0.0015806111696522653,0.0026343519494204425,1.737916548567311e-05,0.21219004103067832,0.29971287484087394
1268,7,8,15,0.0036880927291886192,0.004214963119072708,0.007903055848261327,8.4597627563121e-05,0.23281888992065658,0.3263107706600857
1269,20,43,63,0.01053740779768177,0.022655426765015804,0.033192834562697573,0.004321929190455877,0.24053331340236614,0.34005017152998407
1270,12,9,21,0.006322444678609061,0.004741833508956796,0.011064278187565857,0.0006398416522633606,0.2429864512744091,0.3258992816680806
1271,7,6,13,0.0036880927291886192,0.0031612223393045306,0.00684931506849315,8.270084793240926e-05,0.22325328920551185,0.3057922434989038
1272,10,21,31,0.005268703898840885,0.011064278187565857,0.016332982086406742,0.000206912902019197,0.22657405259042682,0.3283243035461915
1273,4,2,6,0.002107481559536354,0.001053740779768177,0.0031612223393045306,1.6269223577136913e-05,0.21837372260243015,0.2852517995174259
1274,7,6,13,0.0036880927291886192,0.0031612223393045306,0.00684931506849315,0.0001256114456514306,0.22400679596753623,0.30231733164096175
1275,1,0,1,0.0005268703898840885,0.0,0.0005268703898840885,0.0,0.18902703317068095,0.0
1276,2,0,2,0.001053740779768177,0.0,0.001053740779768177,0.0,0.21241271040841414,0.0
1277,1,0,1,0.0005268703898840885,0.0,0.0005268703898840885,0.0,0.19460060315752037,0.0
1278,1,0,1,0.0005268703898840885,0.0,0.0005268703898840885,0.0,0.20046964332168515,0.0
1279,8,4,12,0.004214963119072708,0.002107481559536354,0.006322444678609061,2.2945899794226464e-05,0.23794627136321136,0.31266279165909355
1280,44,46,90,0.023182297154899893,0.02423603793466807,0.04741833508956796,0.004253103639238015,0.27256679075193324,0.3900532368562991
1281,64,100,164,0.03371970495258166,0.052687038988408846,0.08640674394099052,0.01179759460481886,0.2825973812875123,0.4021042259478807
1282,10,10,20,0.005268703898840885,0.005268703898840885,0.01053740779768177,0.0002753258662254991,0.23073756882874108,0.3226443575066016
1283,96,125,221,0.05057955742887249,0.06585879873551106,0.11643835616438356,0.016919323433337213,0.30041389902144855,0.41049850522793624
1284,28,25,53,0.014752370916754477,0.013171759747102212,0.02792413066385669,0.0012235891887152834,0.25443050100584347,0.34583576993682186
1285,35,43,78,0.0184404636459431,0.022655426765015804,0.0410958904109589,0.002619357892520647,0.2715313236918002,0.3754029700227257
1286,3,8,11,0.0015806111696522653,0.004214963119072708,0.005795574288724973,7.580300369966082e-06,0.20842983168984755,0.31363850772183
1287,11,7,18,0.005795574288724973,0.0036880927291886192,0.009483667017913592,5.0369271754145234e-05,0.22852439490244475,0.3129873551106428
1288,1,1,2,0.0005268703898840885,0.0005268703898840885,0.001053740779768177,0.0,0.19442983671758535,0.2985751629872116
1289,6,3,9,0.0031612223393045306,0.0015806111696522653,0.004741833508956796,1.438776743850001e-05,0.21618896921203826,0.29005401836452066
1290,2,5,7,0.001053740779768177,0.0026343519494204425,0.0036880927291886192,0.000462819362831472,0.21282184829897854,0.30481329613134206
1291,12,10,22,0.006322444678609061,0.005268703898840885,0.011591148577449946,0.00024389919133466787,0.23440468962495972,0.32047243800522857
1292,6,7,13,0.0031612223393045306,0.0036880927291886192,0.00684931506849315,1.6632948441785625e-05,0.21971628982580763,0.31699087305756357
1293,1,0,1,0.0005268703898840885,0.0,0.0005268703898840885,0.0,0.1980378983399154,0.0
1294,7,2,9,0.0036880927291886192,0.001053740779768177,0.004741833508956796,3.449176980327374e-05,0.22757290954527074,0.2989205076899398
1295,9,7,16,0.004741833508956796,0.0036880927291886192,0.008429926238145416,6.707307451452176e-05,0.23819025626078963,0.3235098198389691
1296,7,0,7,0.0036880927291886192,0.0,0.0036880927291886192,0.0,0.2257593605772107,0.0
1297,10,10,20,0.005268703898840885,0.005268703898840885,0.01053740779768177,0.00036211553207333557,0.23745979802538728,0.3303025219170194
1298,5,4,9,0.0026343519494204425,0.002107481559536354,0.004741833508956796,1.8366358596326966e-05,0.2223451040137211,0.29651973652508035
1299,11,1,12,0.005795574288724973,0.0005268703898840885,0.006322444678609061,8.668646343878901e-06,0.22618797216975178,0.22306620376566155
1300,1,1,2,0.0005268703898840885,0.0005268703898840885,0.001053740779768177,0.0,0.21026933461718497,0.29244534635297686
1301,2,0,2,0.001053740779768177,0.0,0.001053740779768177,0.0,0.18795800531190918,0.0
1302,21,13,34,0.011064278187565857,0.00684931506849315,0.01791359325605901,0.0006105452947411619,0.2588245653686185,0.3371979333717643
1303,1,1,2,0.0005268703898840885,0.0005268703898840885,0.001053740779768177,0.0,0.2125784007488768,0.286108953430257
1304,6,3,9,0.0031612223393045306,0.0015806111696522653,0.004741833508956796,6.30206591214887e-06,0.2295972793855548,0.31500381552142
1305,1,1,2,0.0005268703898840885,0.0005268703898840885,0.001053740779768177,2.669298720862957e-07,0.1976979126964554,0.233880660961799
1306,3,3,6,0.0015806111696522653,0.0015806111696522653,0.0031612223393045306,5.423181195187806e-06,0.20151381255114736,0.2948764323617792
1307,1,0,1,0.0005268703898840885,0.0,0.0005268703898840885,0.0,0.2131424838065191,0.0
1308,9,6,15,0.004741833508956796,0.0031612223393045306,0.007903055848261327,0.00022103033249000215,0.24216319772565556,0.34596804600105474
1309,1,0,1,0.0005268703898840885,0.0,0.0005268703898840885,0.0,0.2131424838065191,0.0
1310,12,9,21,0.006322444678609061,0.004741833508956796,0.011064278187565857,0.0002491846270773324,0.23960293699673552,0.3126087631829126
1311,1,1,2,0.0005268703898840885,0.0005268703898840885,0.001053740779768177,0.0,0.2041705536526786,0.29559916871560704
1312,26,26,52,0.0136986301369863,0.0136986301369863,0.0273972602739726,0.0015918473894629877,0.2548492017754636,0.37071043289744166
1313,26,25,51,0.0136986301369863,0.013171759747102212,0.026870389884088512,0.0013887070939954229,0.25079087440575987,0.37423808699617606
1314,4,3,7,0.002107481559536354,0.0015806111696522653,0.0036880927291886192,6.875927359212645e-06,0.20462016949423925,0.2911744588024328
1315,5,4,9,0.0026343519494204425,0.002107481559536354,0.004741833508956796,1.0613695744265466e-05,0.2251466415491496,0.30636188188645475
1316,8,7,15,0.004214963119072708,0.0036880927291886192,0.007903055848261327,9.496806438899123e-05,0.2295972793855548,0.32178351343641326
1317,18,15,33,0.009483667017913592,0.007903055848261327,0.01738672286617492,0.0007934836324794514,0.24991398323650899,0.3397308755942752
1318,1,0,1,0.0005268703898840885,0.0,0.0005268703898840885,0.0,0.1843828183672008,0.0
1319,4,5,9,0.002107481559536354,0.0026343519494204425,0.004741833508956796,6.17884050322241e-05,0.21719967033037407,0.2999613517724283
1320,2,2,4,0.001053740779768177,0.001053740779768177,0.002107481559536354,2.1854285928683462e-06,0.2026565299178496,0.2676926476086882
1321,3,2,5,0.0015806111696522653,0.001053740779768177,0.0026343519494204425,2.82492777577298e-06,0.18786497971559651,0.25122440113033123
1322,2,0,2,0.001053740779768177,0.0,0.001053740779768177,0.0,0.21049085824457417,0.0
1323,5,3,8,0.0026343519494204425,0.0015806111696522653,0.004214963119072708,2.458322638287799e-05,0.2176066017970352,0.2767003537074817
1324,2,0,2,0.001053740779768177,0.0,0.001053740779768177,0.0,0.21621284486507025,0.0
1325,8,8,16,0.004214963119072708,0.004214963119072708,0.008429926238145416,0.00025953089601359015,0.23637247257017055,0.3301216993685247
1326,15,17,32,0.007903055848261327,0.008956796628029505,0.01685985247629083,0.0004334247367222518,0.24633621147225354,0.33675854663803334
1327,1,2,3,0.0005268703898840885,0.001053740779768177,0.0015806111696522653,1.3508299699862045e-06,0.19761382170849434,0.27405952318429255
1328,6,14,20,0.0031612223393045306,0.0073761854583772385,0.01053740779768177,0.0002432840017884725,0.2103645437340594,0.3099840494413152
1329,11,6,17,0.005795574288724973,0.0031612223393045306,0.008956796628029505,0.00041245962284026477,0.243240887349042,0.31078284015452934
1330,1,0,1,0.0005268703898840885,0.0,0.0005268703898840885,0.0,0.19698985696428079,0.0
1331,0,3,3,0.0,0.0015806111696522653,0.0015806111696522653,0.0,0.0,0.2834147137832262
1332,25,34,59,0.013171759747102212,0.01791359325605901,0.03108535300316122,0.0021078470339862486,0.24627092225638494,0.3526446223273909
1333,0,1,1,0.0,0.0005268703898840885,0.0005268703898840885,0.0,0.0,0.0005268703898840885
1334,4,3,7,0.002107481559536354,0.0015806111696522653,0.0036880927291886192,1.1275438193319367e-05,0.23428648251975298,0.3122849840392742
1335,13,7,20,0.00684931506849315,0.0036880927291886192,0.01053740779768177,8.688171140438166e-05,0.22465671897324477,0.2943007829086571
1336,5,1,6,0.0026343519494204425,0.0005268703898840885,0.0031612223393045306,8.926792288315612e-07,0.22813164489892962,0.26596102801227806
1337,2,0,2,0.001053740779768177,0.0,0.001053740779768177,0.0,0.21783241673671874,0.0
1338,26,29,55,0.0136986301369863,0.015279241306638566,0.028977871443624865,0.002026634422362687,0.25463967927468906,0.35958396194385117
1339,32,40,72,0.01685985247629083,0.02107481559536354,0.03793466807165437,0.0023389201497012175,0.25860845802208193,0.3612354058585294
1340,15,12,27,0.007903055848261327,0.006322444678609061,0.01422550052687039,0.0004372518655388147,0.25682150073890003,0.3214404606502337
1341,1,0,1,0.0005268703898840885,0.0,0.0005268703898840885,0.0,0.21044325741729136,0.0
1342,15,8,23,0.007903055848261327,0.004214963119072708,0.012118018967334035,0.0001549565984420481,0.24407149715611776,0.3177704044509951
1343,27,28,55,0.01422550052687039,0.014752370916754477,0.028977871443624865,0.002145551031254289,0.263149303220997,0.3840906396049926
1344,17,16,33,0.008956796628029505,0.008429926238145416,0.01738672286617492,0.000460804084205039,0.24387931487489248,0.3527133773717128
1345,1,0,1,0.0005268703898840885,0.0,0.0005268703898840885,0.0,0.20155514063228555,0.0
1346,35,26,61,0.0184404636459431,0.0136986301369863,0.032139093782929395,0.0016826436622891668,0.262036150500096,0.34643181013778535
1347,1,0,1,0.0005268703898840885,0.0,0.0005268703898840885,0.0,0.19905456348647324,0.0
1348,2,0,2,0.001053740779768177,0.0,0.001053740779768177,0.0,0.20125001823080935,0.0
1349,15,9,24,0.007903055848261327,0.004741833508956796,0.012644889357218123,0.0002567390356283913,0.24672867489998415,0.3221272992413666
1350,8,3,11,0.004214963119072708,0.0015806111696522653,0.005795574288724973,1.417065048568058e-05,0.23194712672824272,0.30141068186263165
1351,3,0,3,0.0015806111696522653,0.0,0.0015806111696522653,0.0,0.2143206090048969,0.0
1352,5,3,8,0.0026343519494204425,0.0015806111696522653,0.004214963119072708,1.0558222323785749e-05,0.22563870560304528,0.30156141232530675
1353,5,2,7,0.0026343519494204425,0.001053740779768177,0.0036880927291886192,5.089443039039918e-06,0.22729456694553335,0.26529797808175903
1354,7,5,12,0.0036880927291886192,0.0026343519494204425,0.006322444678609061,0.0005750760694196765,0.23764199224382107,0.32138335628699866
1355,4,3,7,0.002107481559536354,0.0015806111696522653,0.0036880927291886192,2.469119210922943e-05,0.22357559905518296,0.30414709356750425
1356,9,7,16,0.004741833508956796,0.0036880927291886192,0.008429926238145416,0.0001901915677898929,0.234819355489851,0.3075075493012944
1357,1,0,1,0.0005268703898840885,0.0,0.0005268703898840885,0.0,0.2131424838065191,0.0
1358,3,13,16,0.0015806111696522653,0.00684931506849315,0.008429926238145416,6.382876854322198e-05,0.19631949919149383,0.33175626490730153
1359,15,13,28,0.007903055848261327,0.00684931506849315,0.014752370916754477,0.0006198475340490054,0.24640153531512607,0.3375124836827454
1360,1,0,1,0.0005268703898840885,0.0,0.0005268703898840885,0.0,0.18956612024837288,0.0
1361,2,1,3,0.001053740779768177,0.0005268703898840885,0.0015806111696522653,1.1140877874519506e-06,0.1946742488316238,0.2524866591122841
1362,19,14,33,0.010010537407797681,0.0073761854583772385,0.01738672286617492,0.0006096460014637908,0.25359721333879376,0.33575852125826194
1363,4,0,4,0.002107481559536354,0.0,0.002107481559536354,0.0,0.22083058478862422,0.0
1364,3,3,6,0.0015806111696522653,0.0015806111696522653,0.0031612223393045306,2.3072381569043216e-05,0.2072674971388223,0.28917309983048517
1365,16,13,29,0.008429926238145416,0.00684931506849315,0.015279241306638566,0.0010672082098622307,0.23892522233822072,0.3237413945131559
1366,1,0,1,0.0005268703898840885,0.0,0.0005268703898840885,0.0,0.1783403764467732,0.0
1367,6,5,11,0.0031612223393045306,0.0026343519494204425,0.005795574288724973,5.457235115123854e-05,0.2157873176203763,0.2860637116602649
1368,2,3,5,0.001053740779768177,0.0015806111696522653,0.0026343519494204425,2.253842481265705e-06,0.1972362958338655,0.28249014874133593
1369,2,2,4,0.001053740779768177,0.001053740779768177,0.002107481559536354,7.66083596237829e-07,0.2085701884788643,0.2802148253623784
1370,2,2,4,0.001053740779768177,0.001053740779768177,0.002107481559536354,0.0,0.22362940786361982,0.30924220727171203
1371,3,1,4,0.0015806111696522653,0.0005268703898840885,0.002107481559536354,1.6521879683930055e-06,0.21811741541627708,0.23279718344350986
1372,8,0,8,0.004214963119072708,0.0,0.004214963119072708,0.0,0.23891658133485555,0.0
1373,16,25,41,0.008429926238145416,0.013171759747102212,0.02160168598524763,0.0014713741965114951,0.25079087440575987,0.3628293045606729
1374,5,1,6,0.0026343519494204425,0.0005268703898840885,0.0031612223393045306,1.683051987694254e-06,0.21735209115165857,0.2318424852671428
1375,6,11,17,0.0031612223393045306,0.005795574288724973,0.008956796628029505,0.0001539133330293326,0.20979457883796349,0.3126087631829126
1376,5,1,6,0.0026343519494204425,0.0005268703898840885,0.0031612223393045306,1.8183559282806858e-06,0.22028928157262692,0.2555901261005249
1377,10,4,14,0.005268703898840885,0.002107481559536354,0.0073761854583772385,2.7205290114994746e-05,0.24222632681786768,0.2825783993345072
1378,3,2,5,0.0015806111696522653,0.001053740779768177,0.0026343519494204425,4.052358369027164e-05,0.2252558035571734,0.2787897846416266
1379,13,13,26,0.00684931506849315,0.00684931506849315,0.0136986301369863,0.0003114203667767411,0.2392327985770701,0.3482323219517835
1380,4,1,5,0.002107481559536354,0.0005268703898840885,0.0026343519494204425,1.3480996314116398e-05,0.21803657082925548,0.0005268703898840885
1381,17,17,34,0.008956796628029505,0.008956796628029505,0.01791359325605901,0.00036228440197630065,0.2539437523020881,0.3503227948372415
1382,2,2,4,0.001053740779768177,0.001053740779768177,0.002107481559536354,0.0,0.2060723419102551,0.29867375145113345
1383,11,14,25,0.005795574288724973,0.0073761854583772385,0.013171759747102212,0.0003260535051829115,0.23096698724169534,0.3260167440150505
1384,9,3,12,0.004741833508956796,0.0015806111696522653,0.006322444678609061,1.2649529404453496e-05,0.22454813670211224,0.2557346497794056
1385,3,0,3,0.0015806111696522653,0.0,0.0015806111696522653,0.0,0.22652874496087205,0.0
1386,4,2,6,0.002107481559536354,0.001053740779768177,0.0031612223393045306,1.667022850495431e-06,0.23369723080315402,0.2745586450962992
1387,14,17,31,0.0073761854583772385,0.008956796628029505,0.016332982086406742,0.00035958306441429173,0.23886380197258109,0.3636315402089478
1388,1,0,1,0.0005268703898840885,0.0,0.0005268703898840885,0.0,0.17358330242478315,0.0
1389,1,0,1,0.0005268703898840885,0.0,0.0005268703898840885,0.0,0.1834016721125862,0.0
1390,2,0,2,0.001053740779768177,0.0,0.001053740779768177,0.0,0.21506357390784892,0.0
1391,5,1,6,0.0026343519494204425,0.0005268703898840885,0.0031612223393045306,3.4909779674830436e-05,0.2200805754792374,0.24932013678879758
1392,2,0,2,0.001053740779768177,0.0,0.001053740779768177,0.0,0.2061085458027159,0.0
1393,11,13,24,0.005795574288724973,0.00684931506849315,0.012644889357218123,0.0009052608165210334,0.22563870560304528,0.31217720665047716
1394,2,0,2,0.001053740779768177,0.0,0.001053740779768177,0.0,0.2053807292649001,0.0
1395,15,13,28,0.007903055848261327,0.00684931506849315,0.014752370916754477,0.0006326222053341495,0.25133356496438747,0.3404341197853811
1396,1,3,4,0.0005268703898840885,0.0015806111696522653,0.002107481559536354,4.4777914391152716e-06,0.19115000816155941,0.26619583763088805
1397,9,9,18,0.004741833508956796,0.004741833508956796,0.009483667017913592,0.00016323994121120487,0.2322950474183351,0.3261930963828913
1398,4,4,8,0.002107481559536354,0.002107481559536354,0.004214963119072708,5.097357373433582e-05,0.2176066017970352,0.2998619115762498
1399,2,3,5,0.001053740779768177,0.0015806111696522653,0.0026343519494204425,3.1085458278137482e-06,0.19056197491249802,0.27376920589278375
1400,4,4,8,0.002107481559536354,0.002107481559536354,0.004214963119072708,0.0003822835961499398,0.2146904319947644,0.2996135992943881
1401,5,4,9,0.0026343519494204425,0.002107481559536354,0.004741833508956796,1.6169688981328113e-05,0.21945682325775634,0.28733591368162564
1402,59,59,118,0.03108535300316122,0.03108535300316122,0.06217070600632244,0.007176571298958943,0.27580296517463354,0.39165769918586607
1403,17,15,32,0.008956796628029505,0.007903055848261327,0.01685985247629083,0.00039047334282740656,0.2540131737762002,0.3477637279007142
1404,0,2,2,0.0,0.001053740779768177,0.001053740779768177,0.0,0.0,0.2363638764127924
1405,1,2,3,0.0005268703898840885,0.001053740779768177,0.0015806111696522653,1.2403638420442794e-06,0.1846542507299961,0.27005029296007094
1406,24,34,58,0.012644889357218123,0.01791359325605901,0.030558482613277132,0.0013975908948450346,0.25810560824259454,0.35625579215035746
1407,2,1,3,0.001053740779768177,0.0005268703898840885,0.0015806111696522653,1.9339253910238564e-06,0.2089923953381332,0.2784465003139165
1408,6,4,10,0.0031612223393045306,0.002107481559536354,0.005268703898840885,0.00015535146390601088,0.21786170918483946,0.2924926293515788
1409,4,4,8,0.002107481559536354,0.002107481559536354,0.004214963119072708,6.622196440863955e-05,0.20699046328209852,0.29014705894779713
1410,2,2,4,0.001053740779768177,0.001053740779768177,0.002107481559536354,2.3674404229258143e-05,0.17621471452177895,0.27439206924609666
1411,1,0,1,0.0005268703898840885,0.0,0.0005268703898840885,0.0,0.16450063360425357,0.0
1412,10,4,14,0.005268703898840885,0.002107481559536354,0.0073761854583772385,8.062801695680194e-05,0.23287724051963418,0.2964711426646206
1413,17,16,33,0.008956796628029505,0.008429926238145416,0.01738672286617492,0.0005917003925277624,0.2418480452038887,0.32437993769760004
1414,2,1,3,0.001053740779768177,0.0005268703898840885,0.0015806111696522653,2.2679280734747446e-06,0.22165557959764798,0.2984766395874468
1415,8,6,14,0.004214963119072708,0.0031612223393045306,0.0073761854583772385,7.627068087406603e-05,0.23505696677797633,0.31732448913164624
1416,3,12,15,0.0015806111696522653,0.006322444678609061,0.007903055848261327,8.406982183037395e-05,0.21816862870940135,0.34504423279410934
1417,17,4,21,0.008956796628029505,0.002107481559536354,0.011064278187565857,0.00014026216649803557,0.24003621536381825,0.2996135992943881
1418,1,0,1,0.0005268703898840885,0.0,0.0005268703898840885,0.0,0.2131424838065191,0.0
1419,8,1,9,0.004214963119072708,0.0005268703898840885,0.004741833508956796,8.732215713325241e-06,0.23637247257017055,0.2453637478013719
1420,11,3,14,0.005795574288724973,0.0015806111696522653,0.0073761854583772385,6.518523148305766e-05,0.23428648251975298,0.2631752855018207
1421,12,7,19,0.006322444678609061,0.0036880927291886192,0.010010537407797681,0.0005057818021007913,0.23886380197258109,0.27447533189796924
1422,2,2,4,0.001053740779768177,0.001053740779768177,0.002107481559536354,2.601607648398448e-06,0.1982885594693428,0.2737277821969307
1423,13,10,23,0.00684931506849315,0.005268703898840885,0.012118018967334035,0.0002800990353982933,0.24241591173319602,0.3229323299784926
1424,5,4,9,0.0026343519494204425,0.002107481559536354,0.004741833508956796,0.00024976064608568833,0.20598097753787192,0.25936443190530684
1425,7,6,13,0.0036880927291886192,0.0031612223393045306,0.00684931506849315,3.212092677227781e-05,0.21618896921203826,0.30307705018252895
1426,11,5,16,0.005795574288724973,0.0026343519494204425,0.008429926238145416,9.31463484958648e-05,0.23113935066501004,0.30558562711816134
1427,4,2,6,0.002107481559536354,0.001053740779768177,0.0031612223393045306,1.3162678611795682e-05,0.2073137415603169,0.21649915181181367
1428,1,0,1,0.0005268703898840885,0.0,0.0005268703898840885,0.0,0.2131424838065191,0.0
1429,2,2,4,0.001053740779768177,0.001053740779768177,0.002107481559536354,0.0012529978012270503,0.20151381255114736,0.2851169286902309
1430,3,0,3,0.0015806111696522653,0.0,0.0015806111696522653,0.0,0.21983937734449854,0.0
1431,5,4,9,0.0026343519494204425,0.002107481559536354,0.004741833508956796,1.7983616451049556e-05,0.22443965934138654,0.2975439000887361
1432,1,0,1,0.0005268703898840885,0.0,0.0005268703898840885,0.0,0.17358330242478315,0.0
1433,8,10,18,0.004214963119072708,0.005268703898840885,0.009483667017913592,9.819639651890574e-05,0.22829980090254065,0.32502100476814866
1434,19,30,49,0.010010537407797681,0.015806111696522653,0.025816649104320334,0.0007490191178187911,0.2347007298998081,0.33845966558269697
1435,3,2,5,0.0015806111696522653,0.001053740779768177,0.0026343519494204425,4.234317554396865e-06,0.1991811767788511,0.26980863721692994
1436,18,16,34,0.009483667017913592,0.008429926238145416,0.01791359325605901,0.0014489790738775772,0.2372778829605057,0.33206074018713566
1437,3,3,6,0.0015806111696522653,0.0015806111696522653,0.0031612223393045306,0.000529319029427541,0.19370026884997713,0.27069682964828895
1438,4,5,9,0.002107481559536354,0.0026343519494204425,0.004741833508956796,9.458424866161028e-06,0.21454172008158404,0.30543084797222947
1439,0,1,1,0.0,0.0005268703898840885,0.0005268703898840885,0.0,0.0,0.2420179100728071
1440,18,18,36,0.009483667017913592,0.009483667017913592,0.018967334035827184,0.0017520150118549489,0.24407149715611776,0.33526073249435046
1441,4,3,7,0.002107481559536354,0.0015806111696522653,0.0036880927291886192,3.0735137159609845e-05,0.219560536312226,0.3032802870979908
1442,2,2,4,0.001053740779768177,0.001053740779768177,0.002107481559536354,2.88002275762924e-06,0.1828375028873161,0.2584381303627879
1443,3,2,5,0.0015806111696522653,0.001053740779768177,0.0026343519494204425,2.677278505329241e-06,0.20435016267282613,0.27896174441627064
1444,10,6,16,0.005268703898840885,0.0031612223393045306,0.008429926238145416,0.00014418309158962966,0.23788535321898116,0.3229323299784926
1445,4,0,4,0.002107481559536354,0.0,0.002107481559536354,0.0,0.21353375041286424,0.0
1446,2,1,3,0.001053740779768177,0.0005268703898840885,0.0015806111696522653,0.0,0.19269601610811704,0.24966421646970952
1447,4,3,7,0.002107481559536354,0.0015806111696522653,0.0036880927291886192,0.0008956199464674853,0.20453008797564173,0.2831533749474902
1448,3,0,3,0.0015806111696522653,0.0,0.0015806111696522653,0.0,0.19824884625037545,0.0
1449,20,7,27,0.01053740779768177,0.0036880927291886192,0.01422550052687039,0.00014974464557762708,0.24128283294555708,0.29291886537233086
1450,1,0,1,0.0005268703898840885,0.0,0.0005268703898840885,0.0,0.19841792842201755,0.0
1451,2,0,2,0.001053740779768177,0.0,0.001053740779768177,0.0,0.2022560496194876,0.0
1452,4,3,7,0.002107481559536354,0.0015806111696522653,0.0036880927291886192,1.8532665867222652e-05,0.21194803596563422,0.285431825897683
1453,5,0,5,0.0026343519494204425,0.0,0.0026343519494204425,0.0,0.21870272251451525,0.0
1454,3,1,4,0.0015806111696522653,0.0005268703898840885,0.002107481559536354,8.453935307109348e-06,0.19345829474772858,0.21195863064317694
1455,1,0,1,0.0005268703898840885,0.0,0.0005268703898840885,0.0,0.1764132861230829,0.0
1456,1,0,1,0.0005268703898840885,0.0,0.0005268703898840885,0.0,0.1792334522918456,0.0
1457,1,0,1,0.0005268703898840885,0.0,0.0005268703898840885,0.0,0.1792334522918456,0.0
1458,1,0,1,0.0005268703898840885,0.0,0.0005268703898840885,0.0,0.1792334522918456,0.0
1459,1,0,1,0.0005268703898840885,0.0,0.0005268703898840885,0.0,0.1792334522918456,0.0
1460,1,0,1,0.0005268703898840885,0.0,0.0005268703898840885,0.0,0.1792334522918456,0.0
1461,3,1,4,0.0015806111696522653,0.0005268703898840885,0.002107481559536354,7.659895249698664e-07,0.20828966367929622,0.2571523685201869
1462,1,0,1,0.0005268703898840885,0.0,0.0005268703898840885,0.0,0.1884146759059045,0.0
1463,11,10,21,0.005795574288724973,0.005268703898840885,0.011064278187565857,0.00047220628957690854,0.25052040702974937,0.3382698041397747
1464,1,0,1,0.0005268703898840885,0.0,0.0005268703898840885,0.0,0.18742801295050604,0.0
1465,1,0,1,0.0005268703898840885,0.0,0.0005268703898840885,0.0,0.18742801295050604,0.0
1466,2,0,2,0.001053740779768177,0.0,0.001053740779768177,0.0,0.18898864425249032,0.0
1467,5,2,7,0.0026343519494204425,0.001053740779768177,0.0036880927291886192,4.9428615800282255e-05,0.22476540630704897,0.30729860923042557
1468,7,7,14,0.0036880927291886192,0.0036880927291886192,0.0073761854583772385,9.686058095036466e-05,0.22685063224446786,0.29642256472874245
1469,1,0,1,0.0005268703898840885,0.0,0.0005268703898840885,0.0,0.18471220410862693,0.0
1470,4,0,4,0.002107481559536354,0.0,0.002107481559536354,0.0,0.2197874549596746,0.0
1471,1,0,1,0.0005268703898840885,0.0,0.0005268703898840885,0.0,0.18742801295050604,0.0
1472,20,19,39,0.01053740779768177,0.010010537407797681,0.02054794520547945,0.0005822334612464785,0.24172221375477115,0.3282051728119585
1473,1,0,1,0.0005268703898840885,0.0,0.0005268703898840885,0.0,0.18742801295050604,0.0
1474,5,5,10,0.0026343519494204425,0.0026343519494204425,0.005268703898840885,0.0005996673560715699,0.22128606565214107,0.30771677369272243
1475,2,2,4,0.001053740779768177,0.001053740779768177,0.002107481559536354,0.0,0.19374065672922028,0.27102126030554535
1476,2,2,4,0.001053740779768177,0.001053740779768177,0.002107481559536354,1.5372000951814444e-05,0.20611805449719173,0.24553025414488533
1477,1,0,1,0.0005268703898840885,0.0,0.0005268703898840885,0.0,0.2131424838065191,0.0
1478,3,0,3,0.0015806111696522653,0.0,0.0015806111696522653,0.0,0.21289866948049926,0.0
1479,3,2,5,0.0015806111696522653,0.001053740779768177,0.0026343519494204425,1.4251454746268063e-05,0.2060723419102551,0.28341953823273
1480,3,2,5,0.0015806111696522653,0.001053740779768177,0.0026343519494204425,5.257023619043677e-06,0.22460241471436798,0.2993161668662335
1481,1,0,1,0.0005268703898840885,0.0,0.0005268703898840885,0.0,0.20420892786905034,0.0
1482,2,0,2,0.001053740779768177,0.0,0.001053740779768177,0.0,0.2155617522120135,0.0
1483,1,0,1,0.0005268703898840885,0.0,0.0005268703898840885,0.0,0.18493244918506804,0.0
1484,1,0,1,0.0005268703898840885,0.0,0.0005268703898840885,0.0,0.19065357187036722,0.0
1485,11,4,15,0.005795574288724973,0.002107481559536354,0.007903055848261327,5.8950884835233475e-05,0.2369148877290516,0.3058956564997489
1486,1,1,2,0.0005268703898840885,0.0005268703898840885,0.001053740779768177,0.0,0.18658236740428522,0.2489770042030712
1487,17,19,36,0.008956796628029505,0.010010537407797681,0.018967334035827184,0.0010232671316165647,0.25133356496438747,0.3492407167064701
1488,9,18,27,0.004741833508956796,0.009483667017913592,0.01422550052687039,0.0030817784662199106,0.2367941360023803,0.3319998004293476
1489,19,22,41,0.010010537407797681,0.011591148577449946,0.02160168598524763,0.0017186617942662697,0.25072320282604976,0.3473630784446074
1490,1,1,2,0.0005268703898840885,0.0005268703898840885,0.001053740779768177,0.0,0.16646008414069158,0.22621819589089848
1491,8,4,12,0.004214963119072708,0.002107481559536354,0.006322444678609061,2.479957751071449e-05,0.22055072149853794,0.28633537710343704
1492,2,1,3,0.001053740779768177,0.0005268703898840885,0.0015806111696522653,8.107648132198051e-06,0.21185138843441412,0.29244534635297686
1493,10,9,19,0.005268703898840885,0.004741833508956796,0.010010537407797681,0.0011525271342819193,0.23246939946793604,0.322184668306236
1494,2,0,2,0.001053740779768177,0.0,0.001053740779768177,0.0,0.18902703317068095,0.0
1495,1,0,1,0.0005268703898840885,0.0,0.0005268703898840885,0.0,0.18118771111745766,0.0
1496,6,2,8,0.0031612223393045306,0.001053740779768177,0.004214963119072708,1.1749845655354862e-05,0.22229191140510535,0.24866899141436635
1497,20,3,23,0.01053740779768177,0.0015806111696522653,0.012118018967334035,0.00012276984737912575,0.2541521306546336,0.261652720934266
1498,1,0,1,0.0005268703898840885,0.0,0.0005268703898840885,0.0,0.1877683785914573,0.0
1499,1,0,1,0.0005268703898840885,0.0,0.0005268703898840885,0.0,0.20155514063228555,0.0
1500,6,5,11,0.0031612223393045306,0.0026343519494204425,0.005795574288724973,0.00019232620666213937,0.22049838388071674,0.3020145096059291
1501,5,1,6,0.0026343519494204425,0.0005268703898840885,0.0031612223393045306,2.920803121773456e-06,0.2192496908148514,0.2453637478013719
1502,3,5,8,0.0015806111696522653,0.0026343519494204425,0.004214963119072708,0.0009650072372262395,0.19875512078574126,0.264328888448205
1503,2,1,3,0.001053740779768177,0.0005268703898840885,0.0015806111696522653,0.0,0.1725817588546323,0.20803437356710158
1504,2,1,3,0.001053740779768177,0.0005268703898840885,0.0015806111696522653,3.8600421377865936e-07,0.21287060473616043,0.24101610878490742
1505,7,0,7,0.0036880927291886192,0.0,0.0036880927291886192,0.0,0.2393467295008391,0.0
1506,1,0,1,0.0005268703898840885,0.0,0.0005268703898840885,0.0,0.2131424838065191,0.0
1507,7,8,15,0.0036880927291886192,0.004214963119072708,0.007903055848261327,0.00048573439113685845,0.23287724051963418,0.32496262125732267
1508,10,10,20,0.005268703898840885,0.005268703898840885,0.01053740779768177,0.00012945639878849882,0.2258032052669114,0.3022163235114459
1509,14,23,37,0.0073761854583772385,0.012118018967334035,0.019494204425711273,0.0013859387228027612,0.24503696985056445,0.33960332504965557
1510,9,4,13,0.004741833508956796,0.002107481559536354,0.00684931506849315,0.00015276197679576036,0.23577269466463852,0.31336686515494805
1511,2,0,2,0.001053740779768177,0.0,0.001053740779768177,0.0,0.18750354307863437,0.0
1512,1,0,1,0.0005268703898840885,0.0,0.0005268703898840885,0.0,0.2131424838065191,0.0
1513,7,5,12,0.0036880927291886192,0.0026343519494204425,0.006322444678609061,3.707562983454578e-05,0.21679425797324786,0.2762777813896633
1514,4,3,7,0.002107481559536354,0.0015806111696522653,0.0036880927291886192,0.0005174706402069826,0.2020396150626963,0.28565717867353785
1515,2,0,2,0.001053740779768177,0.0,0.001053740779768177,0.0,0.1945599172693419,0.0
1516,2,1,3,0.001053740779768177,0.0005268703898840885,0.0015806111696522653,3.3465767312802367e-07,0.2021714947069931,0.26279298555193426
1517,17,14,31,0.008956796628029505,0.0073761854583772385,0.016332982086406742,0.0004598607703839636,0.24844390098217659,0.32707772781405087
1518,7,4,11,0.0036880927291886192,0.002107481559536354,0.005795574288724973,0.00028164394057961293,0.2414082072417096,0.3188344928691426
1519,1,0,1,0.0005268703898840885,0.0,0.0005268703898840885,0.0,0.21885702829239473,0.0
1520,12,19,31,0.006322444678609061,0.010010537407797681,0.016332982086406742,0.000875609854063086,0.2347007298998081,0.3365705883794447
1521,5,9,14,0.0026343519494204425,0.004741833508956796,0.0073761854583772385,0.00010531729837957923,0.21360464130421616,0.3214404606502337
1522,11,17,28,0.005795574288724973,0.008956796628029505,0.014752370916754477,0.000561690824559247,0.22362940786361982,0.32761081357108207
1523,2,3,5,0.001053740779768177,0.0015806111696522653,0.0026343519494204425,7.291966898302018e-06,0.20484572082745597,0.2814792146475051
1524,1,0,1,0.0005268703898840885,0.0,0.0005268703898840885,0.0,0.16969002266580277,0.0
1525,2,0,2,0.001053740779768177,0.0,0.001053740779768177,0.0,0.2223608325685215,0.0
1526,12,2,14,0.006322444678609061,0.001053740779768177,0.0073761854583772385,1.4137283530441918e-05,0.24426398256396958,0.26241179468226217
1527,1,1,2,0.0005268703898840885,0.0005268703898840885,0.001053740779768177,0.0,0.2002543512227027,0.2841317594690616
1528,2,1,3,0.001053740779768177,0.0005268703898840885,0.0015806111696522653,0.0,0.21050751918290447,0.29559916871560704
1529,2,0,2,0.001053740779768177,0.0,0.001053740779768177,0.0,0.2145182305899637,0.0
1530,1,1,2,0.0005268703898840885,0.0005268703898840885,0.001053740779768177,1.4252335600844386e-05,0.19978103999554794,0.0005268703898840885
1531,1,0,1,0.0005268703898840885,0.0,0.0005268703898840885,0.0,0.1798917618981756,0.0
1532,0,1,1,0.0,0.0005268703898840885,0.0005268703898840885,0.0,0.0,0.25644576905619026
1533,1,2,3,0.0005268703898840885,0.001053740779768177,0.0015806111696522653,4.1037508302456676e-07,0.18461756202530108,0.26600013417725554
1534,3,2,5,0.0015806111696522653,0.001053740779768177,0.0026343519494204425,6.9943847268332485e-06,0.22060308396802955,0.30430057401842137
1535,4,6,10,0.002107481559536354,0.0031612223393045306,0.005268703898840885,3.976953885138205e-05,0.21252977805886103,0.3006592841182508
1536,1,0,1,0.0005268703898840885,0.0,0.0005268703898840885,0.0,0.18318505596442172,0.0
1537,2,2,4,0.001053740779768177,0.001053740779768177,0.002107481559536354,0.0,0.1818000762420936,0.2367888628978423
1538,2,0,2,0.001053740779768177,0.0,0.001053740779768177,0.0,0.22246714900771272,0.0
1539,15,65,80,0.007903055848261327,0.03424657534246575,0.04214963119072708,0.002511099725887236,0.23264401343849284,0.3523698699921144
1540,29,35,64,0.015279241306638566,0.0184404636459431,0.03371970495258166,0.0025051912942162893,0.2550590693585892,0.35195854329562554
1541,3,0,3,0.0015806111696522653,0.0,0.0015806111696522653,0.0,0.22337496022545902,0.0
1542,14,13,27,0.0073761854583772385,0.00684931506849315,0.01422550052687039,0.0003197328660671709,0.24484326473605805,0.3426912128318839
1543,41,98,139,0.02160168598524763,0.05163329820864067,0.0732349841938883,0.009626116023153485,0.26585985398378836,0.38433543924782565
1544,1,0,1,0.0005268703898840885,0.0,0.0005268703898840885,0.0,0.1898755528053994,0.0
1545,9,14,23,0.004741833508956796,0.0073761854583772385,0.012118018967334035,0.0004619506662135185,0.22055072149853794,0.3382698041397747
1546,14,14,28,0.0073761854583772385,0.0073761854583772385,0.014752370916754477,0.0012956452970409322,0.24503696985056445,0.3353850412568623
1547,2,0,2,0.001053740779768177,0.0,0.001053740779768177,0.0,0.18342472597243933,0.0
1548,8,8,16,0.004214963119072708,0.004214963119072708,0.008429926238145416,9.16446204402469e-05,0.22718342045802942,0.3188906949655412
1549,1,0,1,0.0005268703898840885,0.0,0.0005268703898840885,0.0,0.17847719299947495,0.0
1550,2,1,3,0.001053740779768177,0.0005268703898840885,0.0015806111696522653,2.953224337872809e-05,0.1978273988731425,0.0005268703898840885
1551,5,4,9,0.0026343519494204425,0.002107481559536354,0.004741833508956796,4.835456423705261e-05,0.21573721608389604,0.29112760098801344
1552,1,2,3,0.0005268703898840885,0.001053740779768177,0.0015806111696522653,9.852931312654077e-06,0.16350170502786213,0.24949205799745072
1553,4,2,6,0.002107481559536354,0.001053740779768177,0.0031612223393045306,0.00040388633058433476,0.2133104200352021,0.26321357668260076
1554,9,9,18,0.004741833508956796,0.004741833508956796,0.009483667017913592,0.0002285400920301532,0.2352950594260168,0.33953958568684595
1555,2,2,4,0.001053740779768177,0.001053740779768177,0.002107481559536354,1.5333620615864198e-05,0.20777732327221385,0.30156141232530675
1556,8,20,28,0.004214963119072708,0.01053740779768177,0.014752370916754477,0.0013306205207082862,0.22640842828297766,0.33669587056384054
1557,9,6,15,0.004741833508956796,0.0031612223393045306,0.007903055848261327,0.0004691612248593144,0.22170846806808409,0.2950688162680664
1558,3,0,3,0.0015806111696522653,0.0,0.0015806111696522653,0.0,0.22337496022545902,0.0
1559,1,0,1,0.0005268703898840885,0.0,0.0005268703898840885,0.0,0.2131424838065191,0.0
1560,1,0,1,0.0005268703898840885,0.0,0.0005268703898840885,0.0,0.20420892786905034,0.0
1561,4,3,7,0.002107481559536354,0.0015806111696522653,0.0036880927291886192,4.5334896668643656e-05,0.22897491120585028,0.32098419314043913
1562,8,17,25,0.004214963119072708,0.008956796628029505,0.013171759747102212,0.0005202787928586505,0.22629814653515354,0.3219553145647829
1563,2,0,2,0.001053740779768177,0.0,0.001053740779768177,0.0,0.20203649246618807,0.0
1564,1,3,4,0.0005268703898840885,0.0015806111696522653,0.002107481559536354,1.4375553230682965e-06,0.18843646109781798,0.29230358903530707
1565,36,26,62,0.018967334035827184,0.0136986301369863,0.032665964172813484,0.002500529922050265,0.2578191425286738,0.35801838759934995
1566,4,1,5,0.002107481559536354,0.0005268703898840885,0.0026343519494204425,2.3467490459723903e-06,0.21725045351258837,0.26529797808175903
1567,1,0,1,0.0005268703898840885,0.0,0.0005268703898840885,0.0,0.1954589549042769,0.0
1568,15,10,25,0.007903055848261327,0.005268703898840885,0.013171759747102212,0.0009765371129896542,0.24831111429004288,0.3338993932335761
1569,1,1,2,0.0005268703898840885,0.0005268703898840885,0.001053740779768177,0.0,0.18330640948379176,0.24884001547998832
1570,1,1,2,0.0005268703898840885,0.0005268703898840885,0.001053740779768177,0.0,0.15829304764452135,0.21952031459040347
1571,1,0,1,0.0005268703898840885,0.0,0.0005268703898840885,0.0,0.1712829163076132,0.0
1572,2,2,4,0.001053740779768177,0.001053740779768177,0.002107481559536354,0.0005153738848478694,0.1619345049970966,0.2208603238358583
1573,16,5,21,0.008429926238145416,0.0026343519494204425,0.011064278187565857,0.0002177605912374501,0.25025052240057644,0.26241179468226217
1574,1,0,1,0.0005268703898840885,0.0,0.0005268703898840885,0.0,0.19761734642158896,0.0
1575,3,3,6,0.0015806111696522653,0.0015806111696522653,0.0031612223393045306,1.2789323388797262e-05,0.2011212531760477,0.273396843363989
1576,6,9,15,0.0031612223393045306,0.004741833508956796,0.007903055848261327,8.066841870297612e-05,0.22239832208552907,0.31743585059475615
1577,5,3,8,0.0026343519494204425,0.0015806111696522653,0.004214963119072708,4.132934880484694e-05,0.22807564793160048,0.3255474019326102
1578,6,5,11,0.0031612223393045306,0.0026343519494204425,0.005795574288724973,0.00017943627878633426,0.2248741988560843,0.2877014810018313
1579,6,9,15,0.0031612223393045306,0.004741833508956796,0.007903055848261327,5.452026136040093e-05,0.23102441314603192,0.3313916308004241
1580,19,19,38,0.010010537407797681,0.010010537407797681,0.020021074815595362,0.0016975291150198785,0.25366644544726735,0.3543021763688827
1581,1,0,1,0.0005268703898840885,0.0,0.0005268703898840885,0.0,0.1941539921342087,0.0
1582,11,7,18,0.005795574288724973,0.0036880927291886192,0.009483667017913592,0.00010955284008861365,0.23886380197258109,0.3213262722095054
1583,2,1,3,0.001053740779768177,0.0005268703898840885,0.0015806111696522653,2.1670055903645815e-06,0.20511703966298905,0.275898568329955
1584,1,1,2,0.0005268703898840885,0.0005268703898840885,0.001053740779768177,0.0,0.174526707301529,0.2422749313699632
1585,34,25,59,0.01791359325605901,0.013171759747102212,0.03108535300316122,0.0022208697700289576,0.2635224587842713,0.36539424611987786
1586,3,5,8,0.0015806111696522653,0.0026343519494204425,0.004214963119072708,0.000372387196939505,0.19337777100381692,0.278104060344276
1587,12,2,14,0.006322444678609061,0.001053740779768177,0.0073761854583772385,4.233024511624717e-05,0.2300520400280615,0.28249014874133593
1588,4,4,8,0.002107481559536354,0.002107481559536354,0.004214963119072708,2.7131027465085797e-05,0.21301700817820732,0.3058956564997489
1589,1,0,1,0.0005268703898840885,0.0,0.0005268703898840885,0.0,0.2003401688480651,0.0
1590,0,1,1,0.0,0.0005268703898840885,0.0005268703898840885,0.0,0.0,0.25644576905619026
1591,2,0,2,0.001053740779768177,0.0,0.001053740779768177,0.0,0.1880719652989617,0.0
1592,2,1,3,0.001053740779768177,0.0005268703898840885,0.0015806111696522653,6.1715709218716894e-06,0.1993948904878413,0.2805189816311855
1593,1,0,1,0.0005268703898840885,0.0,0.0005268703898840885,0.0,0.18369129180798704,0.0
1594,5,6,11,0.0026343519494204425,0.0031612223393045306,0.005795574288724973,3.105418827973006e-05,0.21548705697433682,0.2860637116602649
1595,1,0,1,0.0005268703898840885,0.0,0.0005268703898840885,0.0,0.1517085236875224,0.0
1596,0,2,2,0.0,0.001053740779768177,0.001053740779768177,0.0,0.0,0.2123915397552596
1597,3,0,3,0.0015806111696522653,0.0,0.0015806111696522653,0.0,0.21717154826120474,0.0
1598,18,90,108,0.009483667017913592,0.04741833508956796,0.05690200210748156,0.0033877052880112923,0.25072320282604976,0.3944759948843251
1599,1,0,1,0.0005268703898840885,0.0,0.0005268703898840885,0.0,0.1848222610326241,0.0
1600,1,0,1,0.0005268703898840885,0.0,0.0005268703898840885,0.0,0.19587036082914383,0.0
1601,23,43,66,0.012118018967334035,0.022655426765015804,0.03477344573234984,0.0029253391681750146,0.24134550381125724,0.34308115162896174
1602,1,2,3,0.0005268703898840885,0.001053740779768177,0.0015806111696522653,8.466374509887986e-07,0.14692918875290012,0.23439581660268402
1603,20,10,30,0.01053740779768177,0.005268703898840885,0.015806111696522653,0.0008275564385734355,0.24375136140433903,0.3244381120049346
1604,1,0,1,0.0005268703898840885,0.0,0.0005268703898840885,0.0,0.20177365227650962,0.0
1605,2,1,3,0.001053740779768177,0.0005268703898840885,0.0015806111696522653,6.4261799000137346e-06,0.2036336159704888,0.2589560424476832
1606,1,2,3,0.0005268703898840885,0.001053740779768177,0.0015806111696522653,0.0,0.19321692444860478,0.26241179468226217
1607,1,0,1,0.0005268703898840885,0.0,0.0005268703898840885,0.0,0.0005268703898840885,0.0
1608,7,4,11,0.0036880927291886192,0.002107481559536354,0.005795574288724973,7.690233957891038e-05,0.22438545995492404,0.28701680351253617
1609,1,0,1,0.0005268703898840885,0.0,0.0005268703898840885,0.0,0.1945599172693419,0.0
1610,1,0,1,0.0005268703898840885,0.0,0.0005268703898840885,0.0,0.17947542609436112,0.0
1611,1,1,2,0.0005268703898840885,0.0005268703898840885,0.001053740779768177,0.0003691147855329223,0.18250246799357958,0.0005268703898840885
1612,1,0,1,0.0005268703898840885,0.0,0.0005268703898840885,0.0,0.14496516295939713,0.0
1613,1,0,1,0.0005268703898840885,0.0,0.0005268703898840885,0.0,0.17084268116380805,0.0
1614,0,1,1,0.0,0.0005268703898840885,0.0005268703898840885,0.0,0.0,0.24374428278261312
1615,1,0,1,0.0005268703898840885,0.0,0.0005268703898840885,0.0,0.17358330242478315,0.0
1616,19,12,31,0.010010537407797681,0.006322444678609061,0.016332982086406742,0.0005006116211736253,0.23966473811538314,0.309347967260519
1617,2,2,4,0.001053740779768177,0.001053740779768177,0.002107481559536354,3.54403181695752e-05,0.21185138843441412,0.2894970255304073
1618,5,0,5,0.0026343519494204425,0.0,0.0026343519494204425,0.0,0.20818346404905197,0.0
1619,11,21,32,0.005795574288724973,0.011064278187565857,0.01685985247629083,0.0003409750802988063,0.23328651510754214,0.34081893604738417
1620,2,0,2,0.001053740779768177,0.0,0.001053740779768177,0.0,0.20046964332168515,0.0
1621,3,2,5,0.0015806111696522653,0.001053740779768177,0.0026343519494204425,0.0008842578660002067,0.2203415199604791,0.2985751629872116
1622,4,0,4,0.002107481559536354,0.0,0.002107481559536354,0.0,0.22477779813991847,0.0
1623,4,3,7,0.002107481559536354,0.0015806111696522653,0.0036880927291886192,4.502953076189908e-06,0.20611805449719173,0.28802211630942764
1624,74,87,161,0.038988408851422546,0.045837723919915696,0.08482613277133824,0.014453911200123685,0.2752310988368899,0.3994406960784975
1625,2,2,4,0.001053740779768177,0.001053740779768177,0.002107481559536354,3.1300156908842508e-06,0.2157873176203763,0.3192846651146338
1626,6,4,10,0.0031612223393045306,0.002107481559536354,0.005268703898840885,3.19686946181968e-05,0.21909459789515218,0.30491604795879235
1627,3,1,4,0.0015806111696522653,0.0005268703898840885,0.002107481559536354,3.1973786858657098e-06,0.20354440080467476,0.2678511863398749
1628,1,0,1,0.0005268703898840885,0.0,0.0005268703898840885,0.0,0.17482248436957776,0.0
1629,10,7,17,0.005268703898840885,0.0036880927291886192,0.008956796628029505,7.50650002501588e-05,0.2322950474183351,0.31456562555025475
1630,2,2,4,0.001053740779768177,0.001053740779768177,0.002107481559536354,4.044970661708216e-07,0.2063011078315587,0.2917849858934702
1631,1,0,1,0.0005268703898840885,0.0,0.0005268703898840885,0.0,0.2026083353579931,0.0
1632,2,1,3,0.001053740779768177,0.0005268703898840885,0.0015806111696522653,0.0,0.19905316831048422,0.24880579184974763
1633,2,0,2,0.001053740779768177,0.0,0.001053740779768177,0.0,0.19096656767889644,0.0
1634,1,0,1,0.0005268703898840885,0.0,0.0005268703898840885,0.0,0.18452906688464454,0.0
1635,2,0,2,0.001053740779768177,0.0,0.001053740779768177,0.0,0.2003401688480651,0.0
1636,5,2,7,0.0026343519494204425,0.001053740779768177,0.0036880927291886192,1.0415174104341642e-05,0.19803499353651757,0.25858589373063395
1637,5,2,7,0.0026343519494204425,0.001053740779768177,0.0036880927291886192,1.8185587230273407e-05,0.21899132445753955,0.3069336465116245
1638,1,4,5,0.0005268703898840885,0.002107481559536354,0.0026343519494204425,4.54563686809228e-05,0.19178125689852227,0.27098066395139536
1639,4,2,6,0.002107481559536354,0.001053740779768177,0.0031612223393045306,7.180169596334743e-06,0.20466524001615427,0.26332851710909977
1640,2,0,2,0.001053740779768177,0.0,0.001053740779768177,0.0,0.2015988050908281,0.0
1641,14,8,22,0.0073761854583772385,0.004214963119072708,0.011591148577449946,0.00012322650910968818,0.2384347420254915,0.31369289275871604
1642,8,9,17,0.004214963119072708,0.004741833508956796,0.008956796628029505,0.0005376874968192253,0.232760568555446,0.33770149571392855
1643,2,0,2,0.001053740779768177,0.0,0.001053740779768177,0.0,0.21793444597172423,0.0
1644,41,42,83,0.02160168598524763,0.022128556375131715,0.04373024236037935,0.0035377875198539487,0.25724811452750285,0.376888940112399
1645,3,0,3,0.0015806111696522653,0.0,0.0015806111696522653,0.0,0.22971614028616696,0.0
1646,9,4,13,0.004741833508956796,0.002107481559536354,0.00684931506849315,0.0005627961692969561,0.2290878179667999,0.2890806827324249
1647,31,36,67,0.016332982086406742,0.018967334035827184,0.03530031612223393,0.0026319177265294426,0.2578191425286738,0.36912199806968277
1648,17,20,37,0.008956796628029505,0.01053740779768177,0.019494204425711273,0.0006295659854811199,0.24503696985056445,0.3439290708250029
1649,6,1,7,0.0031612223393045306,0.0005268703898840885,0.0036880927291886192,1.5126878644320837e-05,0.22218560250438557,0.2589560424476832
1650,1,0,1,0.0005268703898840885,0.0,0.0005268703898840885,0.0,0.19841792842201755,0.0
1651,1,0,1,0.0005268703898840885,0.0,0.0005268703898840885,0.0,0.19841792842201755,0.0
1652,3,1,4,0.0015806111696522653,0.0005268703898840885,0.002107481559536354,2.5536656714677634e-05,0.21987226447547098,0.22107624496389042
1653,2,2,4,0.001053740779768177,0.001053740779768177,0.002107481559536354,2.715047547407834e-06,0.20077359327427405,0.28462349158897343
1654,1,0,1,0.0005268703898840885,0.0,0.0005268703898840885,0.0,0.18864384437447038,0.0
1655,15,11,26,0.007903055848261327,0.005795574288724973,0.0136986301369863,0.00040918227822513614,0.24984678399390706,0.3497809188978181
1656,3,2,5,0.0015806111696522653,0.001053740779768177,0.0026343519494204425,4.80534187972184e-06,0.20042713323411138,0.2725319241547929
1657,14,20,34,0.0073761854583772385,0.01053740779768177,0.01791359325605901,0.0007198400054798341,0.24439247492723315,0.3552762986134162
1658,0,2,2,0.0,0.001053740779768177,0.001053740779768177,0.0,0.0,0.29304531085353
1659,1,0,1,0.0005268703898840885,0.0,0.0005268703898840885,0.0,0.1759795923410103,0.0
1660,1,0,1,0.0005268703898840885,0.0,0.0005268703898840885,0.0,0.19346779299360964,0.0
1661,1,2,3,0.0005268703898840885,0.001053740779768177,0.0015806111696522653,8.430501096703805e-07,0.2041705536526786,0.29813231913966964
1662,2,0,2,0.001053740779768177,0.0,0.001053740779768177,0.0,0.2075334710747686,0.0
1663,1,1,2,0.0005268703898840885,0.0005268703898840885,0.001053740779768177,0.0,0.16760104431337308,0.22867740014404186
1664,1,0,1,0.0005268703898840885,0.0,0.0005268703898840885,0.0,0.18493244918506804,0.0
1665,21,14,35,0.011064278187565857,0.0073761854583772385,0.0184404636459431,0.0002966934981923876,0.25498907510245344,0.3276701526063241
1666,1,0,1,0.0005268703898840885,0.0,0.0005268703898840885,0.0,0.179683352828589,0.0
1667,17,31,48,0.008956796628029505,0.016332982086406742,0.025289778714436245,0.0010122841286048546,0.2321789579393654,0.3617410343010429
1668,6,5,11,0.0031612223393045306,0.0026343519494204425,0.005795574288724973,1.9989434262237015e-05,0.21847641421898434,0.30317863458010985
1669,13,24,37,0.00684931506849315,0.012644889357218123,0.019494204425711273,0.0012759493310264308,0.2252558035571734,0.32856282465301767
1670,1,1,2,0.0005268703898840885,0.0005268703898840885,0.001053740779768177,0.0,0.1704292350831512,0.24586394571072512
1671,1,1,2,0.0005268703898840885,0.0005268703898840885,0.001053740779768177,0.0,0.19406436709969513,0.2247288090111199
1672,0,1,1,0.0,0.0005268703898840885,0.0005268703898840885,0.0,0.0,0.23732407562243682
1673,6,5,11,0.0031612223393045306,0.0026343519494204425,0.005795574288724973,6.439915601208857e-05,0.22874943123420494,0.30813607776179786
1674,1,0,1,0.0005268703898840885,0.0,0.0005268703898840885,0.0,0.2053807292649001,0.0
1675,12,14,26,0.006322444678609061,0.0073761854583772385,0.0136986301369863,0.00024420291670622087,0.239788436044733,0.3477637279007142
1676,9,7,16,0.004741833508956796,0.0036880927291886192,0.008429926238145416,0.00016321488818541764,0.22070788353285994,0.30636188188645475
1677,1,2,3,0.0005268703898840885,0.001053740779768177,0.0015806111696522653,2.6999702965910196e-06,0.1632145072322748,0.27005029296007094
1678,6,7,13,0.0031612223393045306,0.0036880927291886192,0.00684931506849315,0.0005662714156624323,0.2157873176203763,0.30813607776179786
1679,4,3,7,0.002107481559536354,0.0015806111696522653,0.0036880927291886192,5.068746051106619e-06,0.20805646880280795,0.28633537710343704
1680,3,1,4,0.0015806111696522653,0.0005268703898840885,0.002107481559536354,4.682227877650345e-06,0.19948050443824397,0.23488274636971113
1681,5,3,8,0.0026343519494204425,0.0015806111696522653,0.004214963119072708,8.22429553433003e-05,0.22965402611797833,0.3176588081719956
1682,2,0,2,0.001053740779768177,0.0,0.001053740779768177,0.0,0.22321422026847262,0.0
1683,2,0,2,0.001053740779768177,0.0,0.001053740779768177,0.0,0.22009935768667513,0.0
1684,1,0,1,0.0005268703898840885,0.0,0.0005268703898840885,0.0,0.17456013586555286,0.0
1685,1,0,1,0.0005268703898840885,0.0,0.0005268703898840885,0.0,0.18652637488459858,0.0
1686,13,17,30,0.00684931506849315,0.008956796628029505,0.015806111696522653,0.00020373069586244989,0.22818766936968085,0.3277295131412165
1687,1,0,1,0.0005268703898840885,0.0,0.0005268703898840885,0.0,0.17469121161991033,0.0
1688,6,6,12,0.0031612223393045306,0.0031612223393045306,0.006322444678609061,2.4275684197324245e-05,0.2309095898790607,0.31440161844621395
1689,3,0,3,0.0015806111696522653,0.0,0.0015806111696522653,0.0,0.2314875831590205,0.0
1690,3,3,6,0.0015806111696522653,0.0015806111696522653,0.0031612223393045306,4.1694850690693247e-05,0.2188365967200519,0.30808360227171583
1691,1,0,1,0.0005268703898840885,0.0,0.0005268703898840885,0.0,0.2131424838065191,0.0
1692,3,0,3,0.0015806111696522653,0.0,0.0015806111696522653,0.0,0.23114259421243477,0.0
1693,1,0,1,0.0005268703898840885,0.0,0.0005268703898840885,0.0,0.15499335181533352,0.0
1694,3,3,6,0.0015806111696522653,0.0015806111696522653,0.0031612223393045306,0.0,0.20354440080467476,0.28597327103059045
1695,1,0,1,0.0005268703898840885,0.0,0.0005268703898840885,0.0,0.1871641360215733,0.0
1696,1,0,1,0.0005268703898840885,0.0,0.0005268703898840885,0.0,0.16716006543906275,0.0
1697,1,0,1,0.0005268703898840885,0.0,0.0005268703898840885,0.0,0.17284176900060594,0.0
1698,4,2,6,0.002107481559536354,0.001053740779768177,0.0031612223393045306,3.5612928879959306e-06,0.21558705096829242,0.2950688162680664
1699,3,0,3,0.0015806111696522653,0.0,0.0015806111696522653,0.0,0.20911912006724998,0.0
1700,5,6,11,0.0026343519494204425,0.0031612223393045306,0.005795574288724973,4.9204303476901254e-05,0.2156871378071821,0.30322945231973103
1701,6,0,6,0.0031612223393045306,0.0,0.0031612223393045306,0.0,0.23079863201866627,0.0
1702,1,0,1,0.0005268703898840885,0.0,0.0005268703898840885,0.0,0.17351856876734334,0.0
1703,1,0,1,0.0005268703898840885,0.0,0.0005268703898840885,0.0,0.18956612024837288,0.0
1704,1,2,3,0.0005268703898840885,0.001053740779768177,0.0015806111696522653,4.569757437639398e-06,0.19757180303494376,0.3013604718539922
1705,1,0,1,0.0005268703898840885,0.0,0.0005268703898840885,0.0,0.19591159669458155,0.0
1706,2,0,2,0.001053740779768177,0.0,0.001053740779768177,0.0,0.21742525334094914,0.0
1707,1,0,1,0.0005268703898840885,0.0,0.0005268703898840885,0.0,0.1914773836006713,0.0
1708,1,0,1,0.0005268703898840885,0.0,0.0005268703898840885,0.0,0.21025306920453288,0.0
1709,1,0,1,0.0005268703898840885,0.0,0.0005268703898840885,0.0,0.18596724306540016,0.0
1710,1,0,1,0.0005268703898840885,0.0,0.0005268703898840885,0.0,0.21885702829239473,0.0
1711,1,0,1,0.0005268703898840885,0.0,0.0005268703898840885,0.0,0.1945599172693419,0.0
1712,2,3,5,0.001053740779768177,0.0015806111696522653,0.0026343519494204425,0.0005370389181122958,0.19309646501939742,0.18020389605932016
1713,74,108,182,0.038988408851422546,0.05690200210748156,0.0958904109589041,0.01136795594577599,0.27911690888355073,0.39716068332371357
1714,1,0,1,0.0005268703898840885,0.0,0.0005268703898840885,0.0,0.19978103999554794,0.0
1715,3,0,3,0.0015806111696522653,0.0,0.0015806111696522653,0.0,0.20642859012849651,0.0
1716,5,6,11,0.0026343519494204425,0.0031612223393045306,0.005795574288724973,4.3897900162627824e-05,0.20763803121191965,0.29622841207458905
1717,5,7,12,0.0026343519494204425,0.0036880927291886192,0.006322444678609061,4.331255085943186e-05,0.21837372260243015,0.2797381958465309
1718,1,0,1,0.0005268703898840885,0.0,0.0005268703898840885,0.0,0.21025306920453288,0.0
1719,2,0,2,0.001053740779768177,0.0,0.001053740779768177,0.0,0.20515433957214776,0.0
1720,2,2,4,0.001053740779768177,0.001053740779768177,0.002107481559536354,7.826075638223797e-06,0.1954522906338537,0.2647931663553154
1721,1,1,2,0.0005268703898840885,0.0005268703898840885,0.001053740779768177,0.0,0.18572460317276443,0.2489770042030712
1722,1,0,1,0.0005268703898840885,0.0,0.0005268703898840885,0.0,0.19995274694870271,0.0
1723,1,1,2,0.0005268703898840885,0.0005268703898840885,0.001053740779768177,0.0,0.18851292141881526,0.2698488831353692
1724,22,22,44,0.011591148577449946,0.011591148577449946,0.023182297154899893,0.0013030196497611883,0.24672867489998415,0.3549277835078507
1725,3,3,6,0.0015806111696522653,0.0015806111696522653,0.0031612223393045306,7.755613251257378e-06,0.2051623293604196,0.27167246021016894
1726,1,0,1,0.0005268703898840885,0.0,0.0005268703898840885,0.0,0.1515355942516304,0.0
1727,6,15,21,0.0031612223393045306,0.007903055848261327,0.011064278187565857,0.00021744985942624386,0.22607790503000982,0.34716309970054027
1728,4,2,6,0.002107481559536354,0.001053740779768177,0.0031612223393045306,1.285399956150653e-06,0.22086526971080114,0.2747671495351633
1729,1,0,1,0.0005268703898840885,0.0,0.0005268703898840885,0.0,0.16975193073682276,0.0
1730,10,11,21,0.005268703898840885,0.005795574288724973,0.011064278187565857,0.0003410434390011253,0.2330524679391373,0.33833306761539467
1731,8,3,11,0.004214963119072708,0.0015806111696522653,0.005795574288724973,3.5448818439680486e-05,0.24464986563279104,0.33688396881555216
1732,2,2,4,0.001053740779768177,0.001053740779768177,0.002107481559536354,2.7581685234247747e-06,0.17872286779637245,0.2601102677986363
1733,1,1,2,0.0005268703898840885,0.0005268703898840885,0.001053740779768177,0.0,0.1995661919401504,0.2823578761572522
1734,3,2,5,0.0015806111696522653,0.001053740779768177,0.0026343519494204425,8.769014672458984e-06,0.20602664959497569,0.2688862830766223
1735,1,0,1,0.0005268703898840885,0.0,0.0005268703898840885,0.0,0.17742232303131789,0.0
1736,1,2,3,0.0005268703898840885,0.001053740779768177,0.0015806111696522653,9.991645549451144e-08,0.18805508797274648,0.26405881076332144
1737,8,12,20,0.004214963119072708,0.006322444678609061,0.01053740779768177,0.00047007533149903154,0.22481978942011624,0.32098419314043913
1738,6,4,10,0.0031612223393045306,0.002107481559536354,0.005268703898840885,1.143759102131481e-05,0.22086526971080114,0.2924926293515788
1739,6,3,9,0.0031612223393045306,0.0015806111696522653,0.004741833508956796,8.119486482283271e-05,0.22341432788490992,0.3138017194344346
1740,1,1,2,0.0005268703898840885,0.0005268703898840885,0.001053740779768177,0.0,0.18782700417896508,0.25447558201427983
1741,7,30,37,0.0036880927291886192,0.015806111696522653,0.019494204425711273,0.0011709017847007128,0.22133877791170567,0.3347644175683781
1742,8,1,9,0.004214963119072708,0.0005268703898840885,0.004741833508956796,1.1154220830304596e-05,0.22874943123420494,0.26233568917336353
1743,2,0,2,0.001053740779768177,0.0,0.001053740779768177,0.0,0.21963183485939636,0.0
1744,5,4,9,0.0026343519494204425,0.002107481559536354,0.004741833508956796,2.780255522502523e-05,0.22541974519003893,0.31121054748658444
1745,2,0,2,0.001053740779768177,0.0,0.001053740779768177,0.0,0.2067496299265191,0.0
1746,4,3,7,0.002107481559536354,0.0015806111696522653,0.0036880927291886192,9.835022915935315e-06,0.19111069306321274,0.2699294110026135
1747,1,0,1,0.0005268703898840885,0.0,0.0005268703898840885,0.0,0.19640778478245302,0.0
1748,15,14,29,0.007903055848261327,0.0073761854583772385,0.015279241306638566,0.0008667528368384834,0.23972657112315282,0.32838390135042933
1749,12,7,19,0.006322444678609061,0.0036880927291886192,0.010010537407797681,0.0001541388878261939,0.24059559546176604,0.28733591368162564
1750,8,11,19,0.004214963119072708,0.005795574288724973,0.010010537407797681,0.00025131626979228125,0.21189970117978116,0.305121759578262
1751,1,0,1,0.0005268703898840885,0.0,0.0005268703898840885,0.0,0.1945599172693419,0.0
1752,3,2,5,0.0015806111696522653,0.001053740779768177,0.0026343519494204425,1.1132593969495289e-05,0.202700739457535,0.3073508176247902
1753,2,0,2,0.001053740779768177,0.0,0.001053740779768177,0.0,0.1999957198150145,0.0
1754,2,1,3,0.001053740779768177,0.0005268703898840885,0.0015806111696522653,6.897351639218198e-07,0.19032777338659163,0.27195834524045626
1755,1,1,2,0.0005268703898840885,0.0005268703898840885,0.001053740779768177,2.4876402699031967e-06,0.168451811035776,0.26425166703761543
1756,23,31,54,0.012118018967334035,0.016332982086406742,0.02845100105374078,0.0012767775518492,0.24897647097356385,0.35929829444677563
1757,1,0,1,0.0005268703898840885,0.0,0.0005268703898840885,0.0,0.17742232303131789,0.0
1758,5,6,11,0.0026343519494204425,0.0031612223393045306,0.005795574288724973,0.0005270170915513926,0.21548705697433682,0.308503907322564
1759,1,0,1,0.0005268703898840885,0.0,0.0005268703898840885,0.0,0.19841792842201755,0.0
1760,2,0,2,0.001053740779768177,0.0,0.001053740779768177,0.0,0.20996843057293826,0.0
1761,1,0,1,0.0005268703898840885,0.0,0.0005268703898840885,0.0,0.20046964332168515,0.0
1762,3,4,7,0.0015806111696522653,0.002107481559536354,0.0036880927291886192,6.083752740953659e-06,0.21961242960844726,0.30803114465171383
1763,2,1,3,0.001053740779768177,0.0005268703898840885,0.0015806111696522653,0.0,0.20225951015963,0.29842740226649866
1764,1,0,1,0.0005268703898840885,0.0,0.0005268703898840885,0.0,0.19732402126786733,0.0
1765,2,2,4,0.001053740779768177,0.001053740779768177,0.002107481559536354,0.0,0.2105552208641152,0.2860184841959708
1766,1,0,1,0.0005268703898840885,0.0,0.0005268703898840885,0.0,0.17844296918490168,0.0
1767,2,0,2,0.001053740779768177,0.0,0.001053740779768177,0.0,0.2098737222145382,0.0
1768,4,0,4,0.002107481559536354,0.0,0.002107481559536354,0.0,0.21077691603607304,0.0
1769,1,0,1,0.0005268703898840885,0.0,0.0005268703898840885,0.0,0.20155514063228555,0.0
1770,1,0,1,0.0005268703898840885,0.0,0.0005268703898840885,0.0,0.20155514063228555,0.0
1771,10,11,21,0.005268703898840885,0.005795574288724973,0.011064278187565857,0.0006539345419008783,0.23393257544646032,0.338586358326692
1772,3,3,6,0.0015806111696522653,0.0015806111696522653,0.0031612223393045306,8.604670268127697e-06,0.21219004103067832,0.2946363049738624
1773,4,4,8,0.002107481559536354,0.002107481559536354,0.004214963119072708,1.8595229553146752e-05,0.21385044641503806,0.2954543381576866
1774,1,0,1,0.0005268703898840885,0.0,0.0005268703898840885,0.0,0.2026083353579931,0.0
1775,5,5,10,0.0026343519494204425,0.0026343519494204425,0.005268703898840885,8.358230097058615e-05,0.22118071641831477,0.3177145965120329
1776,1,0,1,0.0005268703898840885,0.0,0.0005268703898840885,0.0,0.20155514063228555,0.0
1777,1,0,1,0.0005268703898840885,0.0,0.0005268703898840885,0.0,0.20155514063228555,0.0
1778,1,1,2,0.0005268703898840885,0.0005268703898840885,0.001053740779768177,0.0,0.18714606035716824,0.2604847966219604
1779,1,0,1,0.0005268703898840885,0.0,0.0005268703898840885,0.0,0.18652637488459858,0.0
1780,0,1,1,0.0,0.0005268703898840885,0.0005268703898840885,0.0,0.0,0.2824863548705063
1781,16,16,32,0.008429926238145416,0.008429926238145416,0.01685985247629083,0.0004659947305732824,0.24718813239514242,0.3591556308396893
1782,1,0,1,0.0005268703898840885,0.0,0.0005268703898840885,0.0,0.18118771111745766,0.0
1783,24,33,57,0.012644889357218123,0.01738672286617492,0.030031612223393043,0.0012963245043944949,0.2517421267064049,0.35305755514042064
1784,1,1,2,0.0005268703898840885,0.0005268703898840885,0.001053740779768177,0.0,0.19434850233703,0.3058956564997489
1785,1,2,3,0.0005268703898840885,0.001053740779768177,0.0015806111696522653,0.0,0.2186306328643154,0.31754729024741357
1786,8,13,21,0.004214963119072708,0.00684931506849315,0.011064278187565857,0.00012094331358922605,0.21899132445753955,0.3182735595600836
1787,1,0,1,0.0005268703898840885,0.0,0.0005268703898840885,0.0,0.18354636771188607,0.0
1788,5,1,6,0.0026343519494204425,0.0005268703898840885,0.0031612223393045306,4.006138401924726e-06,0.21719967033037407,0.25143390028346285
1789,11,11,22,0.005795574288724973,0.005795574288724973,0.011591148577449946,0.00023663806798587098,0.23831243643840483,0.3473630784446074
1790,1,0,1,0.0005268703898840885,0.0,0.0005268703898840885,0.0,0.18652637488459858,0.0
1791,2,3,5,0.001053740779768177,0.0015806111696522653,0.0026343519494204425,1.719488667666603e-05,0.22076032066365892,0.3099840494413152
1792,18,16,34,0.009483667017913592,0.008429926238145416,0.01791359325605901,0.00046993230220768764,0.2410324746234346,0.3226443575066016
1793,2,1,3,0.001053740779768177,0.0005268703898840885,0.0015806111696522653,2.428072566554827e-06,0.1967351661387551,0.23400167022888568
1794,1,0,1,0.0005268703898840885,0.0,0.0005268703898840885,0.0,0.1980378983399154,0.0
1795,1,0,1,0.0005268703898840885,0.0,0.0005268703898840885,0.0,0.1945599172693419,0.0
1796,18,13,31,0.009483667017913592,0.00684931506849315,0.016332982086406742,0.0006378046471659877,0.23577269466463852,0.32904090806466263
1797,1,1,2,0.0005268703898840885,0.0005268703898840885,0.001053740779768177,0.0,0.0005268703898840885,0.0005268703898840885
1798,1,1,2,0.0005268703898840885,0.0005268703898840885,0.001053740779768177,0.0,0.0005268703898840885,0.0005268703898840885
1799,2,2,4,0.001053740779768177,0.001053740779768177,0.002107481559536354,1.0254402708605082e-05,0.1991811767788511,0.2656095892731633
1800,2,2,4,0.001053740779768177,0.001053740779768177,0.002107481559536354,0.0017647519543086444,0.18557623121097272,0.28196180058284215
1801,2,2,4,0.001053740779768177,0.001053740779768177,0.002107481559536354,0.0008829314546344321,0.14674355490735003,0.21885638912890337
1802,1,1,2,0.0005268703898840885,0.0005268703898840885,0.001053740779768177,0.0,0.12131873477912787,0.17879688797583665
1803,1,0,1,0.0005268703898840885,0.0,0.0005268703898840885,0.0,0.18493244918506804,0.0
1804,1,1,2,0.0005268703898840885,0.0005268703898840885,0.001053740779768177,0.0,0.19269601610811704,0.2758144400883542
1805,1,0,1,0.0005268703898840885,0.0,0.0005268703898840885,0.0,0.19053646279673678,0.0
1806,2,0,2,0.001053740779768177,0.0,0.001053740779768177,0.0,0.20574399387558312,0.0
1807,4,4,8,0.002107481559536354,0.002107481559536354,0.004214963119072708,1.7050251201495414e-05,0.23206298443390116,0.33763846818579973
1808,5,3,8,0.0026343519494204425,0.0015806111696522653,0.004214963119072708,7.472928804456873e-05,0.20965256987214356,0.3056889003953219
1809,2,0,2,0.001053740779768177,0.0,0.001053740779768177,0.0,0.22439838058819928,0.0
1810,1,0,1,0.0005268703898840885,0.0,0.0005268703898840885,0.0,0.19778535266721836,0.0
1811,3,3,6,0.0015806111696522653,0.0015806111696522653,0.0031612223393045306,3.0224059324001993e-05,0.202877770671035,0.29154986503457136
1812,0,1,1,0.0,0.0005268703898840885,0.0005268703898840885,0.0,0.0,0.0005268703898840885
1813,1,0,1,0.0005268703898840885,0.0,0.0005268703898840885,0.0,0.0005268703898840885,0.0
1814,3,4,7,0.0015806111696522653,0.002107481559536354,0.0036880927291886192,5.9658198102049735e-05,0.20648448659407562,0.29497259294627676
1815,1,1,2,0.0005268703898840885,0.0005268703898840885,0.001053740779768177,0.0,0.1867323532301729,0.26283116555855224
1816,1,0,1,0.0005268703898840885,0.0,0.0005268703898840885,0.0,0.17705100538418234,0.0
1817,1,0,1,0.0005268703898840885,0.0,0.0005268703898840885,0.0,0.19841792842201755,0.0
1818,1,0,1,0.0005268703898840885,0.0,0.0005268703898840885,0.0,0.19841792842201755,0.0
1819,1,0,1,0.0005268703898840885,0.0,0.0005268703898840885,0.0,0.19841792842201755,0.0
1820,1,0,1,0.0005268703898840885,0.0,0.0005268703898840885,0.0,0.19841792842201755,0.0
1821,1,0,1,0.0005268703898840885,0.0,0.0005268703898840885,0.0,0.19841792842201755,0.0
1822,1,0,1,0.0005268703898840885,0.0,0.0005268703898840885,0.0,0.19841792842201755,0.0
1823,1,0,1,0.0005268703898840885,0.0,0.0005268703898840885,0.0,0.19841792842201755,0.0
1824,1,0,1,0.0005268703898840885,0.0,0.0005268703898840885,0.0,0.19841792842201755,0.0
1825,1,0,1,0.0005268703898840885,0.0,0.0005268703898840885,0.0,0.19841792842201755,0.0
1826,1,0,1,0.0005268703898840885,0.0,0.0005268703898840885,0.0,0.19841792842201755,0.0
1827,1,0,1,0.0005268703898840885,0.0,0.0005268703898840885,0.0,0.19841792842201755,0.0
1828,1,0,1,0.0005268703898840885,0.0,0.0005268703898840885,0.0,0.2003401688480651,0.0
1829,1,0,1,0.0005268703898840885,0.0,0.0005268703898840885,0.0,0.21885702829239473,0.0
1830,1,0,1,0.0005268703898840885,0.0,0.0005268703898840885,0.0,0.18318505596442172,0.0
1831,8,7,15,0.004214963119072708,0.0036880927291886192,0.007903055848261327,0.00014289807431355742,0.23673380628620136,0.34197862240822596
1832,1,0,1,0.0005268703898840885,0.0,0.0005268703898840885,0.0,0.16836983613158357,0.0
1833,1,0,1,0.0005268703898840885,0.0,0.0005268703898840885,0.0,0.18387276907711173,0.0
1834,1,0,1,0.0005268703898840885,0.0,0.0005268703898840885,0.0,0.19342757935964713,0.0
1835,1,0,1,0.0005268703898840885,0.0,0.0005268703898840885,0.0,0.19342757935964713,0.0
1836,8,17,25,0.004214963119072708,0.008956796628029505,0.013171759747102212,0.0007284740503067484,0.21878506938388045,0.3195102282832065
1837,2,0,2,0.001053740779768177,0.0,0.001053740779768177,0.0,0.20107607698774035,0.0
1838,1,0,1,0.0005268703898840885,0.0,0.0005268703898840885,0.0,0.21885702829239473,0.0
1839,9,7,16,0.004741833508956796,0.0036880927291886192,0.008429926238145416,0.0006614995497328724,0.2226647950331513,0.32007553300416053
1840,2,0,2,0.001053740779768177,0.0,0.001053740779768177,0.0,0.19151679034765637,0.0
1841,1,0,1,0.0005268703898840885,0.0,0.0005268703898840885,0.0,0.1887969333128956,0.0
1842,1,0,1,0.0005268703898840885,0.0,0.0005268703898840885,0.0,0.19143799306711837,0.0
1843,2,0,2,0.001053740779768177,0.0,0.001053740779768177,0.0,0.19151679034765637,0.0
1844,0,3,3,0.0,0.0015806111696522653,0.0015806111696522653,0.0,0.0,0.24146933614330873
1845,2,0,2,0.001053740779768177,0.0,0.001053740779768177,0.0,0.16508427963442654,0.0
1846,1,0,1,0.0005268703898840885,0.0,0.0005268703898840885,0.0,0.18563337009759873,0.0
1847,5,0,5,0.0026343519494204425,0.0,0.0026343519494204425,0.0,0.20243203922107075,0.0
1848,3,2,5,0.0015806111696522653,0.001053740779768177,0.0026343519494204425,7.692000887941425e-06,0.20699046328209852,0.28774724233171867
1849,1,0,1,0.0005268703898840885,0.0,0.0005268703898840885,0.0,0.19143799306711837,0.0
1850,1,0,1,0.0005268703898840885,0.0,0.0005268703898840885,0.0,0.18563337009759873,0.0
1851,1,0,1,0.0005268703898840885,0.0,0.0005268703898840885,0.0,0.18563337009759873,0.0
1852,6,6,12,0.0031612223393045306,0.0031612223393045306,0.006322444678609061,7.14799317858155e-05,0.21151381508612344,0.3057922434989038
1853,1,0,1,0.0005268703898840885,0.0,0.0005268703898840885,0.0,0.18906543768778186,0.0
1854,1,1,2,0.0005268703898840885,0.0005268703898840885,0.001053740779768177,0.0,0.1900552648135284,0.2616148825075221
1855,1,0,1,0.0005268703898840885,0.0,0.0005268703898840885,0.0,0.19290631929918375,0.0
1856,1,0,1,0.0005268703898840885,0.0,0.0005268703898840885,0.0,0.21885702829239473,0.0
1857,1,0,1,0.0005268703898840885,0.0,0.0005268703898840885,0.0,0.21885702829239473,0.0
1858,1,0,1,0.0005268703898840885,0.0,0.0005268703898840885,0.0,0.179683352828589,0.0
1859,3,3,6,0.0015806111696522653,0.0015806111696522653,0.0031612223393045306,8.172854177254216e-06,0.19850036096418294,0.2767003537074817
1860,2,3,5,0.001053740779768177,0.0015806111696522653,0.0026343519494204425,0.0003701746330224771,0.18729695417725062,0.26256413824956676
1861,1,0,1,0.0005268703898840885,0.0,0.0005268703898840885,0.0,0.19290631929918375,0.0
1862,3,3,6,0.0015806111696522653,0.0015806111696522653,0.0031612223393045306,0.0008904000954804746,0.20038390978506368,0.2877930182213674
1863,1,0,1,0.0005268703898840885,0.0,0.0005268703898840885,0.0,0.16689025902067114,0.0
1864,3,3,6,0.0015806111696522653,0.0015806111696522653,0.0031612223393045306,8.823707817456709e-06,0.2107462439721797,0.29511695147463546
1865,9,3,12,0.004741833508956796,0.0015806111696522653,0.006322444678609061,4.226428892804719e-05,0.21050751918290447,0.2698891410621386
1866,6,9,15,0.0031612223393045306,0.004741833508956796,0.007903055848261327,0.00011556873752653698,0.2175556519956311,0.3122849840392742
1867,1,0,1,0.0005268703898840885,0.0,0.0005268703898840885,0.0,0.19065357187036722,0.0
1868,7,8,15,0.0036880927291886192,0.004214963119072708,0.007903055848261327,0.00018525478002316115,0.22123337849365246,0.3066215105999178
1869,1,1,2,0.0005268703898840885,0.0005268703898840885,0.001053740779768177,0.0,0.15579815386876936,0.22229871129755654
1870,2,1,3,0.001053740779768177,0.0005268703898840885,0.0015806111696522653,4.993747100338331e-06,0.19586428956014762,0.2758144400883542
1871,1,1,2,0.0005268703898840885,0.0005268703898840885,0.001053740779768177,0.0,0.19757180303494376,0.2835083705593974
1872,3,2,5,0.0015806111696522653,0.001053740779768177,0.0026343519494204425,6.630204644124486e-06,0.200340704974847,0.25397541942152396
1873,1,0,1,0.0005268703898840885,0.0,0.0005268703898840885,0.0,0.14794595934805443,0.0
1874,0,1,1,0.0,0.0005268703898840885,0.0005268703898840885,0.0,0.0,0.2398384347867588
1875,3,1,4,0.0015806111696522653,0.0005268703898840885,0.002107481559536354,3.1330736003338492e-06,0.19442983671758535,0.24966421646970952
1876,3,8,11,0.0015806111696522653,0.004214963119072708,0.005795574288724973,0.00039350563076068066,0.1969854122690991,0.29173793138840753
1877,2,0,2,0.001053740779768177,0.0,0.001053740779768177,0.0,0.1847488751834946,0.0
1878,5,9,14,0.0026343519494204425,0.004741833508956796,0.0073761854583772385,0.000100625302762146,0.22829980090254065,0.3267233000793779
1879,3,2,5,0.0015806111696522653,0.001053740779768177,0.0026343519494204425,1.062598077994292e-05,0.19943768827502475,0.2803450972477166
1880,1,0,1,0.0005268703898840885,0.0,0.0005268703898840885,0.0,0.15391665304321245,0.0
1881,5,5,10,0.0026343519494204425,0.0026343519494204425,0.005268703898840885,2.125360031183108e-05,0.19333753426411576,0.27510141614043726
1882,2,0,2,0.001053740779768177,0.0,0.001053740779768177,0.0,0.19128059286726873,0.0
1883,1,0,1,0.0005268703898840885,0.0,0.0005268703898840885,0.0,0.18423680148470845,0.0
1884,1,0,1,0.0005268703898840885,0.0,0.0005268703898840885,0.0,0.17715211960770272,0.0
1885,1,0,1,0.0005268703898840885,0.0,0.0005268703898840885,0.0,0.17715211960770272,0.0
1886,1,0,1,0.0005268703898840885,0.0,0.0005268703898840885,0.0,0.17715211960770272,0.0
1887,1,0,1,0.0005268703898840885,0.0,0.0005268703898840885,0.0,0.17715211960770272,0.0
1888,1,1,2,0.0005268703898840885,0.0005268703898840885,0.001053740779768177,0.0,0.17695299746207205,0.24778344234207852
1889,2,0,2,0.001053740779768177,0.0,0.001053740779768177,0.0,0.18207397462321706,0.0
1890,1,0,1,0.0005268703898840885,0.0,0.0005268703898840885,0.0,0.18515322011525315,0.0
1891,1,0,1,0.0005268703898840885,0.0,0.0005268703898840885,0.0,0.179683352828589,0.0
1892,1,1,2,0.0005268703898840885,0.0005268703898840885,0.001053740779768177,0.0,0.19619514140062086,0.27874682781810717
1893,1,2,3,0.0005268703898840885,0.001053740779768177,0.0015806111696522653,1.974053708441122e-06,0.17803797464520796,0.2430234971170762
1894,1,0,1,0.0005268703898840885,0.0,0.0005268703898840885,0.0,0.16716006543906275,0.0
1895,0,1,1,0.0,0.0005268703898840885,0.0005268703898840885,0.0,0.0,0.26099150037106433
1896,0,1,1,0.0,0.0005268703898840885,0.0005268703898840885,0.0,0.0,0.2472719854007121
1897,1,1,2,0.0005268703898840885,0.0005268703898840885,0.001053740779768177,0.0,0.0005268703898840885,0.20478642080095966
1898,1,1,2,0.0005268703898840885,0.0005268703898840885,0.001053740779768177,0.0,0.19761382170849434,0.26456082371154066
1899,0,26,26,0.0,0.0136986301369863,0.0136986301369863,0.0,0.0,0.33882507410192997
