node,in_degree,out_degree,total_degree,in_degree_centrality,out_degree_centrality,degree_centrality
1,25,33,58,0.013171759747102212,0.01738672286617492,0.030558482613277132
2,5,0,5,0.0026343519494204425,0.0,0.0026343519494204425
3,41,175,216,0.02160168598524763,0.09220231822971549,0.11380400421496312
4,1,0,1,0.0005268703898840885,0.0,0.0005268703898840885
5,0,1,1,0.0,0.0005268703898840885,0.0005268703898840885
6,49,45,94,0.025816649104320334,0.02370916754478398,0.04952581664910432
7,5,0,5,0.0026343519494204425,0.0,0.0026343519494204425
8,62,28,90,0.032665964172813484,0.014752370916754477,0.04741833508956796
9,53,237,290,0.02792413066385669,0.12486828240252897,0.15279241306638566
10,2,1,3,0.001053740779768177,0.0005268703898840885,0.0015806111696522653
11,3,0,3,0.0015806111696522653,0.0,0.0015806111696522653
12,33,141,174,0.01738672286617492,0.07428872497365648,0.09167544783983139
13,3,0,3,0.0015806111696522653,0.0,0.0015806111696522653
14,3,0,3,0.0015806111696522653,0.0,0.0015806111696522653
15,4,0,4,0.002107481559536354,0.0,0.002107481559536354
16,1,0,1,0.0005268703898840885,0.0,0.0005268703898840885
17,2,0,2,0.001053740779768177,0.0,0.001053740779768177
18,2,0,2,0.001053740779768177,0.0,0.001053740779768177
19,27,105,132,0.01422550052687039,0.05532139093782929,0.06954689146469968
20,6,2,8,0.0031612223393045306,0.001053740779768177,0.004214963119072708
21,2,0,2,0.001053740779768177,0.0,0.001053740779768177
22,3,0,3,0.0015806111696522653,0.0,0.0015806111696522653
23,2,0,2,0.001053740779768177,0.0,0.001053740779768177
24,1,0,1,0.0005268703898840885,0.0,0.0005268703898840885
25,2,1,3,0.001053740779768177,0.0005268703898840885,0.0015806111696522653
26,18,15,33,0.009483667017913592,0.007903055848261327,0.01738672286617492
27,40,48,88,0.02107481559536354,0.025289778714436245,0.046364594309799785
28,1,0,1,0.0005268703898840885,0.0,0.0005268703898840885
29,13,18,31,0.00684931506849315,0.009483667017913592,0.016332982086406742
30,15,13,28,0.007903055848261327,0.00684931506849315,0.014752370916754477
31,1,0,1,0.0005268703898840885,0.0,0.0005268703898840885
32,137,182,319,0.07218124341412012,0.0958904109589041,0.16807165437302424
33,3,0,3,0.0015806111696522653,0.0,0.0015806111696522653
34,40,37,77,0.02107481559536354,0.019494204425711273,0.04056902002107481
35,2,0,2,0.001053740779768177,0.0,0.001053740779768177
36,16,86,102,0.008429926238145416,0.04531085353003161,0.053740779768177024
37,1,0,1,0.0005268703898840885,0.0,0.0005268703898840885
38,6,37,43,0.0031612223393045306,0.019494204425711273,0.022655426765015804
39,7,0,7,0.0036880927291886192,0.0,0.0036880927291886192
40,2,0,2,0.001053740779768177,0.0,0.001053740779768177
41,55,178,233,0.028977871443624865,0.09378292939936775,0.12276080084299261
42,120,160,280,0.06322444678609061,0.08429926238145416,0.1475237091675448
43,3,1,4,0.0015806111696522653,0.0005268703898840885,0.002107481559536354
44,25,67,92,0.013171759747102212,0.03530031612223393,0.04847207586933614
45,1,0,1,0.0005268703898840885,0.0,0.0005268703898840885
46,4,1,5,0.002107481559536354,0.0005268703898840885,0.0026343519494204425
47,5,5,10,0.0026343519494204425,0.0026343519494204425,0.005268703898840885
48,48,35,83,0.025289778714436245,0.0184404636459431,0.04373024236037935
49,1,0,1,0.0005268703898840885,0.0,0.0005268703898840885
50,45,34,79,0.02370916754478398,0.01791359325605901,0.04162276080084299
51,33,43,76,0.01738672286617492,0.022655426765015804,0.040042149631190724
52,46,31,77,0.02423603793466807,0.016332982086406742,0.04056902002107481
53,10,66,76,0.005268703898840885,0.03477344573234984,0.040042149631190724
54,3,2,5,0.0015806111696522653,0.001053740779768177,0.0026343519494204425
55,2,0,2,0.001053740779768177,0.0,0.001053740779768177
56,14,12,26,0.0073761854583772385,0.006322444678609061,0.0136986301369863
57,4,6,10,0.002107481559536354,0.0031612223393045306,0.005268703898840885
58,28,4,32,0.014752370916754477,0.002107481559536354,0.01685985247629083
59,18,0,18,0.009483667017913592,0.0,0.009483667017913592
60,20,15,35,0.01053740779768177,0.007903055848261327,0.0184404636459431
61,22,7,29,0.011591148577449946,0.0036880927291886192,0.015279241306638566
62,36,41,77,0.018967334035827184,0.02160168598524763,0.04056902002107481
63,71,67,138,0.03740779768177028,0.03530031612223393,0.07270811380400422
64,5,0,5,0.0026343519494204425,0.0,0.0026343519494204425
65,5,0,5,0.0026343519494204425,0.0,0.0026343519494204425
66,4,1,5,0.002107481559536354,0.0005268703898840885,0.0026343519494204425
67,62,146,208,0.032665964172813484,0.07692307692307691,0.1095890410958904
68,32,31,63,0.01685985247629083,0.016332982086406742,0.033192834562697573
69,14,39,53,0.0073761854583772385,0.02054794520547945,0.02792413066385669
70,10,14,24,0.005268703898840885,0.0073761854583772385,0.012644889357218123
71,1,2,3,0.0005268703898840885,0.001053740779768177,0.0015806111696522653
72,75,59,134,0.039515279241306635,0.03108535300316122,0.07060063224446786
73,31,28,59,0.016332982086406742,0.014752370916754477,0.03108535300316122
74,42,43,85,0.022128556375131715,0.022655426765015804,0.04478398314014752
75,11,5,16,0.005795574288724973,0.0026343519494204425,0.008429926238145416
76,5,2,7,0.0026343519494204425,0.001053740779768177,0.0036880927291886192
77,1,0,1,0.0005268703898840885,0.0,0.0005268703898840885
78,8,1,9,0.004214963119072708,0.0005268703898840885,0.004741833508956796
79,9,11,20,0.004741833508956796,0.005795574288724973,0.01053740779768177
80,14,10,24,0.0073761854583772385,0.005268703898840885,0.012644889357218123
81,12,3,15,0.006322444678609061,0.0015806111696522653,0.007903055848261327
82,3,0,3,0.0015806111696522653,0.0,0.0015806111696522653
83,2,12,14,0.001053740779768177,0.006322444678609061,0.0073761854583772385
84,15,15,30,0.007903055848261327,0.007903055848261327,0.015806111696522653
85,21,10,31,0.011064278187565857,0.005268703898840885,0.016332982086406742
86,10,1,11,0.005268703898840885,0.0005268703898840885,0.005795574288724973
87,8,11,19,0.004214963119072708,0.005795574288724973,0.010010537407797681
88,33,12,45,0.01738672286617492,0.006322444678609061,0.02370916754478398
89,2,0,2,0.001053740779768177,0.0,0.001053740779768177
90,27,17,44,0.01422550052687039,0.008956796628029505,0.023182297154899893
91,1,4,5,0.0005268703898840885,0.002107481559536354,0.0026343519494204425
92,3,0,3,0.0015806111696522653,0.0,0.0015806111696522653
93,5,5,10,0.0026343519494204425,0.0026343519494204425,0.005268703898840885
94,5,5,10,0.0026343519494204425,0.0026343519494204425,0.005268703898840885
95,52,80,132,0.0273972602739726,0.04214963119072708,0.06954689146469968
96,8,15,23,0.004214963119072708,0.007903055848261327,0.012118018967334035
97,72,39,111,0.03793466807165437,0.02054794520547945,0.05848261327713382
98,9,2,11,0.004741833508956796,0.001053740779768177,0.005795574288724973
99,14,9,23,0.0073761854583772385,0.004741833508956796,0.012118018967334035
100,3,1,4,0.0015806111696522653,0.0005268703898840885,0.002107481559536354
101,43,23,66,0.022655426765015804,0.012118018967334035,0.03477344573234984
102,21,11,32,0.011064278187565857,0.005795574288724973,0.01685985247629083
103,106,233,339,0.05584826132771338,0.12276080084299261,0.178609062170706
104,5,5,10,0.0026343519494204425,0.0026343519494204425,0.005268703898840885
105,90,219,309,0.04741833508956796,0.11538461538461538,0.16280295047418333
106,2,1,3,0.001053740779768177,0.0005268703898840885,0.0015806111696522653
107,1,0,1,0.0005268703898840885,0.0,0.0005268703898840885
108,3,0,3,0.0015806111696522653,0.0,0.0015806111696522653
109,24,7,31,0.012644889357218123,0.0036880927291886192,0.016332982086406742
110,2,1,3,0.001053740779768177,0.0005268703898840885,0.0015806111696522653
111,2,1,3,0.001053740779768177,0.0005268703898840885,0.0015806111696522653
112,4,0,4,0.002107481559536354,0.0,0.002107481559536354
113,1,0,1,0.0005268703898840885,0.0,0.0005268703898840885
114,6,9,15,0.0031612223393045306,0.004741833508956796,0.007903055848261327
115,4,0,4,0.002107481559536354,0.0,0.002107481559536354
116,2,0,2,0.001053740779768177,0.0,0.001053740779768177
117,2,0,2,0.001053740779768177,0.0,0.001053740779768177
118,10,17,27,0.005268703898840885,0.008956796628029505,0.01422550052687039
119,11,8,19,0.005795574288724973,0.004214963119072708,0.010010537407797681
120,12,5,17,0.006322444678609061,0.0026343519494204425,0.008956796628029505
121,9,6,15,0.004741833508956796,0.0031612223393045306,0.007903055848261327
122,5,0,5,0.0026343519494204425,0.0,0.0026343519494204425
123,5,0,5,0.0026343519494204425,0.0,0.0026343519494204425
124,36,30,66,0.018967334035827184,0.015806111696522653,0.03477344573234984
125,4,3,7,0.002107481559536354,0.0015806111696522653,0.0036880927291886192
126,4,0,4,0.002107481559536354,0.0,0.002107481559536354
127,20,18,38,0.01053740779768177,0.009483667017913592,0.020021074815595362
128,66,71,137,0.03477344573234984,0.03740779768177028,0.07218124341412012
129,4,1,5,0.002107481559536354,0.0005268703898840885,0.0026343519494204425
130,1,0,1,0.0005268703898840885,0.0,0.0005268703898840885
131,21,30,51,0.011064278187565857,0.015806111696522653,0.026870389884088512
132,29,19,48,0.015279241306638566,0.010010537407797681,0.025289778714436245
133,2,2,4,0.001053740779768177,0.001053740779768177,0.002107481559536354
134,6,2,8,0.0031612223393045306,0.001053740779768177,0.004214963119072708
135,20,8,28,0.01053740779768177,0.004214963119072708,0.014752370916754477
136,3,0,3,0.0015806111696522653,0.0,0.0015806111696522653
137,2,1,3,0.001053740779768177,0.0005268703898840885,0.0015806111696522653
138,2,0,2,0.001053740779768177,0.0,0.001053740779768177
139,1,0,1,0.0005268703898840885,0.0,0.0005268703898840885
140,14,14,28,0.0073761854583772385,0.0073761854583772385,0.014752370916754477
141,5,0,5,0.0026343519494204425,0.0,0.0026343519494204425
142,29,26,55,0.015279241306638566,0.0136986301369863,0.028977871443624865
143,15,31,46,0.007903055848261327,0.016332982086406742,0.02423603793466807
144,63,75,138,0.033192834562697573,0.039515279241306635,0.07270811380400422
145,8,23,31,0.004214963119072708,0.012118018967334035,0.016332982086406742
146,4,9,13,0.002107481559536354,0.004741833508956796,0.00684931506849315
147,7,4,11,0.0036880927291886192,0.002107481559536354,0.005795574288724973
148,3,0,3,0.0015806111696522653,0.0,0.0015806111696522653
149,17,3,20,0.008956796628029505,0.0015806111696522653,0.01053740779768177
150,1,0,1,0.0005268703898840885,0.0,0.0005268703898840885
151,8,8,16,0.004214963119072708,0.004214963119072708,0.008429926238145416
152,13,8,21,0.00684931506849315,0.004214963119072708,0.011064278187565857
153,1,0,1,0.0005268703898840885,0.0,0.0005268703898840885
154,19,6,25,0.010010537407797681,0.0031612223393045306,0.013171759747102212
155,20,13,33,0.01053740779768177,0.00684931506849315,0.01738672286617492
156,2,0,2,0.001053740779768177,0.0,0.001053740779768177
157,6,0,6,0.0031612223393045306,0.0,0.0031612223393045306
158,4,0,4,0.002107481559536354,0.0,0.002107481559536354
159,1,0,1,0.0005268703898840885,0.0,0.0005268703898840885
160,6,10,16,0.0031612223393045306,0.005268703898840885,0.008429926238145416
161,11,12,23,0.005795574288724973,0.006322444678609061,0.012118018967334035
162,7,5,12,0.0036880927291886192,0.0026343519494204425,0.006322444678609061
163,13,14,27,0.00684931506849315,0.0073761854583772385,0.01422550052687039
164,7,5,12,0.0036880927291886192,0.0026343519494204425,0.006322444678609061
165,3,0,3,0.0015806111696522653,0.0,0.0015806111696522653
166,7,1,8,0.0036880927291886192,0.0005268703898840885,0.004214963119072708
167,6,3,9,0.0031612223393045306,0.0015806111696522653,0.004741833508956796
168,12,4,16,0.006322444678609061,0.002107481559536354,0.008429926238145416
169,1,0,1,0.0005268703898840885,0.0,0.0005268703898840885
170,1,0,1,0.0005268703898840885,0.0,0.0005268703898840885
171,1,1,2,0.0005268703898840885,0.0005268703898840885,0.001053740779768177
172,26,27,53,0.0136986301369863,0.01422550052687039,0.02792413066385669
173,14,8,22,0.0073761854583772385,0.004214963119072708,0.011591148577449946
174,14,9,23,0.0073761854583772385,0.004741833508956796,0.012118018967334035
175,40,13,53,0.02107481559536354,0.00684931506849315,0.02792413066385669
176,45,115,160,0.02370916754478398,0.060590094836670175,0.08429926238145416
177,14,5,19,0.0073761854583772385,0.0026343519494204425,0.010010537407797681
178,1,0,1,0.0005268703898840885,0.0,0.0005268703898840885
179,2,0,2,0.001053740779768177,0.0,0.001053740779768177
180,9,7,16,0.004741833508956796,0.0036880927291886192,0.008429926238145416
181,19,22,41,0.010010537407797681,0.011591148577449946,0.02160168598524763
182,3,0,3,0.0015806111696522653,0.0,0.0015806111696522653
183,10,13,23,0.005268703898840885,0.00684931506849315,0.012118018967334035
184,17,7,24,0.008956796628029505,0.0036880927291886192,0.012644889357218123
185,12,6,18,0.006322444678609061,0.0031612223393045306,0.009483667017913592
186,3,1,4,0.0015806111696522653,0.0005268703898840885,0.002107481559536354
187,1,3,4,0.0005268703898840885,0.0015806111696522653,0.002107481559536354
188,4,0,4,0.002107481559536354,0.0,0.002107481559536354
189,10,36,46,0.005268703898840885,0.018967334035827184,0.02423603793466807
190,8,2,10,0.004214963119072708,0.001053740779768177,0.005268703898840885
191,45,35,80,0.02370916754478398,0.0184404636459431,0.04214963119072708
192,4,0,4,0.002107481559536354,0.0,0.002107481559536354
193,39,55,94,0.02054794520547945,0.028977871443624865,0.04952581664910432
194,97,139,236,0.05110642781875658,0.0732349841938883,0.12434141201264488
195,3,0,3,0.0015806111696522653,0.0,0.0015806111696522653
196,1,0,1,0.0005268703898840885,0.0,0.0005268703898840885
197,1,0,1,0.0005268703898840885,0.0,0.0005268703898840885
198,8,7,15,0.004214963119072708,0.0036880927291886192,0.007903055848261327
199,43,59,102,0.022655426765015804,0.03108535300316122,0.053740779768177024
200,1,0,1,0.0005268703898840885,0.0,0.0005268703898840885
201,10,8,18,0.005268703898840885,0.004214963119072708,0.009483667017913592
202,3,0,3,0.0015806111696522653,0.0,0.0015806111696522653
203,5,3,8,0.0026343519494204425,0.0015806111696522653,0.004214963119072708
204,25,78,103,0.013171759747102212,0.0410958904109589,0.05426765015806111
205,1,1,2,0.0005268703898840885,0.0005268703898840885,0.001053740779768177
206,1,1,2,0.0005268703898840885,0.0005268703898840885,0.001053740779768177
207,1,0,1,0.0005268703898840885,0.0,0.0005268703898840885
208,1,0,1,0.0005268703898840885,0.0,0.0005268703898840885
209,28,23,51,0.014752370916754477,0.012118018967334035,0.026870389884088512
210,2,0,2,0.001053740779768177,0.0,0.001053740779768177
211,20,28,48,0.01053740779768177,0.014752370916754477,0.025289778714436245
212,63,73,136,0.033192834562697573,0.03846153846153846,0.07165437302423604
213,1,0,1,0.0005268703898840885,0.0,0.0005268703898840885
214,21,38,59,0.011064278187565857,0.020021074815595362,0.03108535300316122
215,8,3,11,0.004214963119072708,0.0015806111696522653,0.005795574288724973
216,3,0,3,0.0015806111696522653,0.0,0.0015806111696522653
217,1,0,1,0.0005268703898840885,0.0,0.0005268703898840885
218,1,0,1,0.0005268703898840885,0.0,0.0005268703898840885
219,6,7,13,0.0031612223393045306,0.0036880927291886192,0.00684931506849315
220,27,41,68,0.01422550052687039,0.02160168598524763,0.03582718651211802
221,23,12,35,0.012118018967334035,0.006322444678609061,0.0184404636459431
222,7,1,8,0.0036880927291886192,0.0005268703898840885,0.004214963119072708
223,4,0,4,0.002107481559536354,0.0,0.002107481559536354
224,30,23,53,0.015806111696522653,0.012118018967334035,0.02792413066385669
225,2,4,6,0.001053740779768177,0.002107481559536354,0.0031612223393045306
226,4,1,5,0.002107481559536354,0.0005268703898840885,0.0026343519494204425
227,1,3,4,0.0005268703898840885,0.0015806111696522653,0.002107481559536354
228,24,23,47,0.012644889357218123,0.012118018967334035,0.02476290832455216
229,0,1,1,0.0,0.0005268703898840885,0.0005268703898840885
230,1,0,1,0.0005268703898840885,0.0,0.0005268703898840885
231,1,0,1,0.0005268703898840885,0.0,0.0005268703898840885
232,2,1,3,0.001053740779768177,0.0005268703898840885,0.0015806111696522653
233,28,20,48,0.014752370916754477,0.01053740779768177,0.025289778714436245
234,25,31,56,0.013171759747102212,0.016332982086406742,0.029504741833508954
235,2,3,5,0.001053740779768177,0.0015806111696522653,0.0026343519494204425
236,29,14,43,0.015279241306638566,0.0073761854583772385,0.022655426765015804
237,4,4,8,0.002107481559536354,0.002107481559536354,0.004214963119072708
238,3,0,3,0.0015806111696522653,0.0,0.0015806111696522653
239,9,7,16,0.004741833508956796,0.0036880927291886192,0.008429926238145416
240,1,0,1,0.0005268703898840885,0.0,0.0005268703898840885
241,6,2,8,0.0031612223393045306,0.001053740779768177,0.004214963119072708
242,38,29,67,0.020021074815595362,0.015279241306638566,0.03530031612223393
243,4,1,5,0.002107481559536354,0.0005268703898840885,0.0026343519494204425
244,7,6,13,0.0036880927291886192,0.0031612223393045306,0.00684931506849315
245,16,20,36,0.008429926238145416,0.01053740779768177,0.018967334035827184
246,1,0,1,0.0005268703898840885,0.0,0.0005268703898840885
247,2,1,3,0.001053740779768177,0.0005268703898840885,0.0015806111696522653
248,9,5,14,0.004741833508956796,0.0026343519494204425,0.0073761854583772385
249,97,168,265,0.05110642781875658,0.08851422550052686,0.13962065331928344
250,42,53,95,0.022128556375131715,0.02792413066385669,0.05005268703898841
251,4,0,4,0.002107481559536354,0.0,0.002107481559536354
252,46,40,86,0.02423603793466807,0.02107481559536354,0.04531085353003161
253,1,0,1,0.0005268703898840885,0.0,0.0005268703898840885
254,66,57,123,0.03477344573234984,0.030031612223393043,0.06480505795574289
255,1,1,2,0.0005268703898840885,0.0005268703898840885,0.001053740779768177
256,21,5,26,0.011064278187565857,0.0026343519494204425,0.0136986301369863
257,13,20,33,0.00684931506849315,0.01053740779768177,0.01738672286617492
258,1,1,2,0.0005268703898840885,0.0005268703898840885,0.001053740779768177
259,8,12,20,0.004214963119072708,0.006322444678609061,0.01053740779768177
260,48,33,81,0.025289778714436245,0.01738672286617492,0.04267650158061117
261,3,4,7,0.0015806111696522653,0.002107481559536354,0.0036880927291886192
262,2,0,2,0.001053740779768177,0.0,0.001053740779768177
263,55,51,106,0.028977871443624865,0.026870389884088512,0.05584826132771338
264,1,1,2,0.0005268703898840885,0.0005268703898840885,0.001053740779768177
265,9,0,9,0.004741833508956796,0.0,0.004741833508956796
266,11,68,79,0.005795574288724973,0.03582718651211802,0.04162276080084299
267,5,3,8,0.0026343519494204425,0.0015806111696522653,0.004214963119072708
268,0,1,1,0.0,0.0005268703898840885,0.0005268703898840885
269,6,3,9,0.0031612223393045306,0.0015806111696522653,0.004741833508956796
270,5,0,5,0.0026343519494204425,0.0,0.0026343519494204425
271,11,8,19,0.005795574288724973,0.004214963119072708,0.010010537407797681
272,20,21,41,0.01053740779768177,0.011064278187565857,0.02160168598524763
273,5,3,8,0.0026343519494204425,0.0015806111696522653,0.004214963119072708
274,12,17,29,0.006322444678609061,0.008956796628029505,0.015279241306638566
275,1,1,2,0.0005268703898840885,0.0005268703898840885,0.001053740779768177
276,10,12,22,0.005268703898840885,0.006322444678609061,0.011591148577449946
277,61,85,146,0.032139093782929395,0.04478398314014752,0.07692307692307691
278,21,9,30,0.011064278187565857,0.004741833508956796,0.015806111696522653
279,2,0,2,0.001053740779768177,0.0,0.001053740779768177
280,3,1,4,0.0015806111696522653,0.0005268703898840885,0.002107481559536354
281,40,31,71,0.02107481559536354,0.016332982086406742,0.03740779768177028
282,18,18,36,0.009483667017913592,0.009483667017913592,0.018967334035827184
283,32,31,63,0.01685985247629083,0.016332982086406742,0.033192834562697573
284,5,0,5,0.0026343519494204425,0.0,0.0026343519494204425
285,17,9,26,0.008956796628029505,0.004741833508956796,0.0136986301369863
286,8,12,20,0.004214963119072708,0.006322444678609061,0.01053740779768177
287,1,0,1,0.0005268703898840885,0.0,0.0005268703898840885
288,26,15,41,0.0136986301369863,0.007903055848261327,0.02160168598524763
289,40,40,80,0.02107481559536354,0.02107481559536354,0.04214963119072708
290,4,4,8,0.002107481559536354,0.002107481559536354,0.004214963119072708
291,11,7,18,0.005795574288724973,0.0036880927291886192,0.009483667017913592
292,2,0,2,0.001053740779768177,0.0,0.001053740779768177
293,3,0,3,0.0015806111696522653,0.0,0.0015806111696522653
294,14,15,29,0.0073761854583772385,0.007903055848261327,0.015279241306638566
295,4,1,5,0.002107481559536354,0.0005268703898840885,0.0026343519494204425
296,35,29,64,0.0184404636459431,0.015279241306638566,0.03371970495258166
297,69,69,138,0.03635405690200211,0.03635405690200211,0.07270811380400422
298,18,14,32,0.009483667017913592,0.0073761854583772385,0.01685985247629083
299,31,11,42,0.016332982086406742,0.005795574288724973,0.022128556375131715
300,10,7,17,0.005268703898840885,0.0036880927291886192,0.008956796628029505
301,1,1,2,0.0005268703898840885,0.0005268703898840885,0.001053740779768177
302,47,40,87,0.02476290832455216,0.02107481559536354,0.045837723919915696
303,19,19,38,0.010010537407797681,0.010010537407797681,0.020021074815595362
304,4,1,5,0.002107481559536354,0.0005268703898840885,0.0026343519494204425
305,6,4,10,0.0031612223393045306,0.002107481559536354,0.005268703898840885
306,47,41,88,0.02476290832455216,0.02160168598524763,0.046364594309799785
307,10,16,26,0.005268703898840885,0.008429926238145416,0.0136986301369863
308,81,84,165,0.04267650158061117,0.04425711275026343,0.0869336143308746
309,41,36,77,0.02160168598524763,0.018967334035827184,0.04056902002107481
310,1,3,4,0.0005268703898840885,0.0015806111696522653,0.002107481559536354
311,30,12,42,0.015806111696522653,0.006322444678609061,0.022128556375131715
312,13,9,22,0.00684931506849315,0.004741833508956796,0.011591148577449946
313,14,10,24,0.0073761854583772385,0.005268703898840885,0.012644889357218123
314,25,24,49,0.013171759747102212,0.012644889357218123,0.025816649104320334
315,18,6,24,0.009483667017913592,0.0031612223393045306,0.012644889357218123
316,32,18,50,0.01685985247629083,0.009483667017913592,0.026343519494204423
317,45,51,96,0.02370916754478398,0.026870389884088512,0.05057955742887249
318,23,17,40,0.012118018967334035,0.008956796628029505,0.02107481559536354
319,18,14,32,0.009483667017913592,0.0073761854583772385,0.01685985247629083
320,1,0,1,0.0005268703898840885,0.0,0.0005268703898840885
321,31,105,136,0.016332982086406742,0.05532139093782929,0.07165437302423604
322,11,6,17,0.005795574288724973,0.0031612223393045306,0.008956796628029505
323,57,96,153,0.030031612223393043,0.05057955742887249,0.08061116965226554
324,9,5,14,0.004741833508956796,0.0026343519494204425,0.0073761854583772385
325,77,76,153,0.04056902002107481,0.040042149631190724,0.08061116965226554
326,7,5,12,0.0036880927291886192,0.0026343519494204425,0.006322444678609061
327,8,15,23,0.004214963119072708,0.007903055848261327,0.012118018967334035
328,5,2,7,0.0026343519494204425,0.001053740779768177,0.0036880927291886192
329,10,8,18,0.005268703898840885,0.004214963119072708,0.009483667017913592
330,1,0,1,0.0005268703898840885,0.0,0.0005268703898840885
331,2,0,2,0.001053740779768177,0.0,0.001053740779768177
332,17,12,29,0.008956796628029505,0.006322444678609061,0.015279241306638566
333,12,7,19,0.006322444678609061,0.0036880927291886192,0.010010537407797681
334,10,20,30,0.005268703898840885,0.01053740779768177,0.015806111696522653
335,10,18,28,0.005268703898840885,0.009483667017913592,0.014752370916754477
336,4,6,10,0.002107481559536354,0.0031612223393045306,0.005268703898840885
337,41,39,80,0.02160168598524763,0.02054794520547945,0.04214963119072708
338,13,15,28,0.00684931506849315,0.007903055848261327,0.014752370916754477
339,24,28,52,0.012644889357218123,0.014752370916754477,0.0273972602739726
340,6,2,8,0.0031612223393045306,0.001053740779768177,0.004214963119072708
341,40,32,72,0.02107481559536354,0.01685985247629083,0.03793466807165437
342,33,61,94,0.01738672286617492,0.032139093782929395,0.04952581664910432
343,33,15,48,0.01738672286617492,0.007903055848261327,0.025289778714436245
344,8,8,16,0.004214963119072708,0.004214963119072708,0.008429926238145416
345,7,13,20,0.0036880927291886192,0.00684931506849315,0.01053740779768177
346,37,29,66,0.019494204425711273,0.015279241306638566,0.03477344573234984
347,3,1,4,0.0015806111696522653,0.0005268703898840885,0.002107481559536354
348,3,1,4,0.0015806111696522653,0.0005268703898840885,0.002107481559536354
349,23,10,33,0.012118018967334035,0.005268703898840885,0.01738672286617492
350,13,29,42,0.00684931506849315,0.015279241306638566,0.022128556375131715
351,5,5,10,0.0026343519494204425,0.0026343519494204425,0.005268703898840885
352,21,8,29,0.011064278187565857,0.004214963119072708,0.015279241306638566
353,38,28,66,0.020021074815595362,0.014752370916754477,0.03477344573234984
354,4,2,6,0.002107481559536354,0.001053740779768177,0.0031612223393045306
355,16,7,23,0.008429926238145416,0.0036880927291886192,0.012118018967334035
356,16,14,30,0.008429926238145416,0.0073761854583772385,0.015806111696522653
357,40,135,175,0.02107481559536354,0.07112750263435194,0.09220231822971549
358,24,15,39,0.012644889357218123,0.007903055848261327,0.02054794520547945
359,8,3,11,0.004214963119072708,0.0015806111696522653,0.005795574288724973
360,3,0,3,0.0015806111696522653,0.0,0.0015806111696522653
361,12,21,33,0.006322444678609061,0.011064278187565857,0.01738672286617492
362,7,4,11,0.0036880927291886192,0.002107481559536354,0.005795574288724973
363,3,6,9,0.0015806111696522653,0.0031612223393045306,0.004741833508956796
364,12,9,21,0.006322444678609061,0.004741833508956796,0.011064278187565857
365,27,9,36,0.01422550052687039,0.004741833508956796,0.018967334035827184
366,6,5,11,0.0031612223393045306,0.0026343519494204425,0.005795574288724973
367,18,17,35,0.009483667017913592,0.008956796628029505,0.0184404636459431
368,51,37,88,0.026870389884088512,0.019494204425711273,0.046364594309799785
369,1,0,1,0.0005268703898840885,0.0,0.0005268703898840885
370,7,6,13,0.0036880927291886192,0.0031612223393045306,0.00684931506849315
371,27,11,38,0.01422550052687039,0.005795574288724973,0.020021074815595362
372,115,121,236,0.060590094836670175,0.06375131717597471,0.12434141201264488
373,12,5,17,0.006322444678609061,0.0026343519494204425,0.008956796628029505
374,6,1,7,0.0031612223393045306,0.0005268703898840885,0.0036880927291886192
375,26,15,41,0.0136986301369863,0.007903055848261327,0.02160168598524763
376,21,14,35,0.011064278187565857,0.0073761854583772385,0.0184404636459431
377,11,42,53,0.005795574288724973,0.022128556375131715,0.02792413066385669
378,29,21,50,0.015279241306638566,0.011064278187565857,0.026343519494204423
379,20,14,34,0.01053740779768177,0.0073761854583772385,0.01791359325605901
380,3,0,3,0.0015806111696522653,0.0,0.0015806111696522653
381,2,0,2,0.001053740779768177,0.0,0.001053740779768177
382,3,0,3,0.0015806111696522653,0.0,0.0015806111696522653
383,2,0,2,0.001053740779768177,0.0,0.001053740779768177
384,2,2,4,0.001053740779768177,0.001053740779768177,0.002107481559536354
385,5,5,10,0.0026343519494204425,0.0026343519494204425,0.005268703898840885
386,22,9,31,0.011591148577449946,0.004741833508956796,0.016332982086406742
387,4,3,7,0.002107481559536354,0.0015806111696522653,0.0036880927291886192
388,30,24,54,0.015806111696522653,0.012644889357218123,0.02845100105374078
389,58,58,116,0.030558482613277132,0.030558482613277132,0.061116965226554264
390,2,1,3,0.001053740779768177,0.0005268703898840885,0.0015806111696522653
391,26,18,44,0.0136986301369863,0.009483667017913592,0.023182297154899893
392,32,30,62,0.01685985247629083,0.015806111696522653,0.032665964172813484
393,51,33,84,0.026870389884088512,0.01738672286617492,0.04425711275026343
394,33,27,60,0.01738672286617492,0.01422550052687039,0.031612223393045306
395,3,4,7,0.0015806111696522653,0.002107481559536354,0.0036880927291886192
396,37,19,56,0.019494204425711273,0.010010537407797681,0.029504741833508954
397,1,0,1,0.0005268703898840885,0.0,0.0005268703898840885
398,41,68,109,0.02160168598524763,0.03582718651211802,0.05742887249736564
399,6,12,18,0.0031612223393045306,0.006322444678609061,0.009483667017913592
400,92,217,309,0.04847207586933614,0.1143308746048472,0.16280295047418333
401,6,4,10,0.0031612223393045306,0.002107481559536354,0.005268703898840885
402,23,14,37,0.012118018967334035,0.0073761854583772385,0.019494204425711273
403,5,5,10,0.0026343519494204425,0.0026343519494204425,0.005268703898840885
404,9,5,14,0.004741833508956796,0.0026343519494204425,0.0073761854583772385
405,23,13,36,0.012118018967334035,0.00684931506849315,0.018967334035827184
406,2,0,2,0.001053740779768177,0.0,0.001053740779768177
407,13,9,22,0.00684931506849315,0.004741833508956796,0.011591148577449946
408,14,8,22,0.0073761854583772385,0.004214963119072708,0.011591148577449946
409,14,24,38,0.0073761854583772385,0.012644889357218123,0.020021074815595362
410,5,1,6,0.0026343519494204425,0.0005268703898840885,0.0031612223393045306
411,3,0,3,0.0015806111696522653,0.0,0.0015806111696522653
412,1,0,1,0.0005268703898840885,0.0,0.0005268703898840885
413,16,8,24,0.008429926238145416,0.004214963119072708,0.012644889357218123
414,2,3,5,0.001053740779768177,0.0015806111696522653,0.0026343519494204425
415,26,28,54,0.0136986301369863,0.014752370916754477,0.02845100105374078
416,4,1,5,0.002107481559536354,0.0005268703898840885,0.0026343519494204425
417,2,0,2,0.001053740779768177,0.0,0.001053740779768177
418,12,13,25,0.006322444678609061,0.00684931506849315,0.013171759747102212
419,9,0,9,0.004741833508956796,0.0,0.004741833508956796
420,4,0,4,0.002107481559536354,0.0,0.002107481559536354
421,5,6,11,0.0026343519494204425,0.0031612223393045306,0.005795574288724973
422,24,31,55,0.012644889357218123,0.016332982086406742,0.028977871443624865
423,8,30,38,0.004214963119072708,0.015806111696522653,0.020021074815595362
424,4,8,12,0.002107481559536354,0.004214963119072708,0.006322444678609061
425,9,10,19,0.004741833508956796,0.005268703898840885,0.010010537407797681
426,1,1,2,0.0005268703898840885,0.0005268703898840885,0.001053740779768177
427,2,2,4,0.001053740779768177,0.001053740779768177,0.002107481559536354
428,3,1,4,0.0015806111696522653,0.0005268703898840885,0.002107481559536354
429,33,26,59,0.01738672286617492,0.0136986301369863,0.03108535300316122
430,12,23,35,0.006322444678609061,0.012118018967334035,0.0184404636459431
431,35,75,110,0.0184404636459431,0.039515279241306635,0.05795574288724973
432,5,3,8,0.0026343519494204425,0.0015806111696522653,0.004214963119072708
433,2,1,3,0.001053740779768177,0.0005268703898840885,0.0015806111696522653
434,2,1,3,0.001053740779768177,0.0005268703898840885,0.0015806111696522653
435,1,2,3,0.0005268703898840885,0.001053740779768177,0.0015806111696522653
436,3,0,3,0.0015806111696522653,0.0,0.0015806111696522653
437,48,7,55,0.025289778714436245,0.0036880927291886192,0.028977871443624865
438,15,5,20,0.007903055848261327,0.0026343519494204425,0.01053740779768177
439,23,20,43,0.012118018967334035,0.01053740779768177,0.022655426765015804
440,20,15,35,0.01053740779768177,0.007903055848261327,0.0184404636459431
441,5,2,7,0.0026343519494204425,0.001053740779768177,0.0036880927291886192
442,8,10,18,0.004214963119072708,0.005268703898840885,0.009483667017913592
443,8,9,17,0.004214963119072708,0.004741833508956796,0.008956796628029505
444,1,0,1,0.0005268703898840885,0.0,0.0005268703898840885
445,13,4,17,0.00684931506849315,0.002107481559536354,0.008956796628029505
446,2,0,2,0.001053740779768177,0.0,0.001053740779768177
447,18,32,50,0.009483667017913592,0.01685985247629083,0.026343519494204423
448,27,40,67,0.01422550052687039,0.02107481559536354,0.03530031612223393
449,22,11,33,0.011591148577449946,0.005795574288724973,0.01738672286617492
450,3,0,3,0.0015806111696522653,0.0,0.0015806111696522653
451,7,2,9,0.0036880927291886192,0.001053740779768177,0.004741833508956796
452,8,0,8,0.004214963119072708,0.0,0.004214963119072708
453,4,3,7,0.002107481559536354,0.0015806111696522653,0.0036880927291886192
454,55,43,98,0.028977871443624865,0.022655426765015804,0.05163329820864067
455,1,0,1,0.0005268703898840885,0.0,0.0005268703898840885
456,43,36,79,0.022655426765015804,0.018967334035827184,0.04162276080084299
457,3,1,4,0.0015806111696522653,0.0005268703898840885,0.002107481559536354
458,1,0,1,0.0005268703898840885,0.0,0.0005268703898840885
459,2,0,2,0.001053740779768177,0.0,0.001053740779768177
460,39,14,53,0.02054794520547945,0.0073761854583772385,0.02792413066385669
461,2,1,3,0.001053740779768177,0.0005268703898840885,0.0015806111696522653
462,21,24,45,0.011064278187565857,0.012644889357218123,0.02370916754478398
463,36,26,62,0.018967334035827184,0.0136986301369863,0.032665964172813484
464,7,0,7,0.0036880927291886192,0.0,0.0036880927291886192
465,8,6,14,0.004214963119072708,0.0031612223393045306,0.0073761854583772385
466,10,3,13,0.005268703898840885,0.0015806111696522653,0.00684931506849315
467,2,1,3,0.001053740779768177,0.0005268703898840885,0.0015806111696522653
468,22,16,38,0.011591148577449946,0.008429926238145416,0.020021074815595362
469,9,13,22,0.004741833508956796,0.00684931506849315,0.011591148577449946
470,6,6,12,0.0031612223393045306,0.0031612223393045306,0.006322444678609061
471,4,0,4,0.002107481559536354,0.0,0.002107481559536354
472,8,1,9,0.004214963119072708,0.0005268703898840885,0.004741833508956796
473,9,7,16,0.004741833508956796,0.0036880927291886192,0.008429926238145416
474,39,55,94,0.02054794520547945,0.028977871443624865,0.04952581664910432
475,80,55,135,0.04214963119072708,0.028977871443624865,0.07112750263435194
476,4,0,4,0.002107481559536354,0.0,0.002107481559536354
477,8,5,13,0.004214963119072708,0.0026343519494204425,0.00684931506849315
478,2,0,2,0.001053740779768177,0.0,0.001053740779768177
479,44,38,82,0.023182297154899893,0.020021074815595362,0.04320337197049526
480,10,1,11,0.005268703898840885,0.0005268703898840885,0.005795574288724973
481,44,38,82,0.023182297154899893,0.020021074815595362,0.04320337197049526
482,52,53,105,0.0273972602739726,0.02792413066385669,0.05532139093782929
483,18,30,48,0.009483667017913592,0.015806111696522653,0.025289778714436245
484,4,6,10,0.002107481559536354,0.0031612223393045306,0.005268703898840885
485,1,2,3,0.0005268703898840885,0.001053740779768177,0.0015806111696522653
486,1,0,1,0.0005268703898840885,0.0,0.0005268703898840885
487,10,8,18,0.005268703898840885,0.004214963119072708,0.009483667017913592
488,7,4,11,0.0036880927291886192,0.002107481559536354,0.005795574288724973
489,4,1,5,0.002107481559536354,0.0005268703898840885,0.0026343519494204425
490,2,0,2,0.001053740779768177,0.0,0.001053740779768177
491,1,0,1,0.0005268703898840885,0.0,0.0005268703898840885
492,15,24,39,0.007903055848261327,0.012644889357218123,0.02054794520547945
493,2,3,5,0.001053740779768177,0.0015806111696522653,0.0026343519494204425
494,9,14,23,0.004741833508956796,0.0073761854583772385,0.012118018967334035
495,62,56,118,0.032665964172813484,0.029504741833508954,0.06217070600632244
496,9,10,19,0.004741833508956796,0.005268703898840885,0.010010537407797681
497,8,8,16,0.004214963119072708,0.004214963119072708,0.008429926238145416
498,45,43,88,0.02370916754478398,0.022655426765015804,0.046364594309799785
499,2,0,2,0.001053740779768177,0.0,0.001053740779768177
500,3,0,3,0.0015806111696522653,0.0,0.0015806111696522653
501,7,6,13,0.0036880927291886192,0.0031612223393045306,0.00684931506849315
502,61,35,96,0.032139093782929395,0.0184404636459431,0.05057955742887249
503,15,23,38,0.007903055848261327,0.012118018967334035,0.020021074815595362
504,21,17,38,0.011064278187565857,0.008956796628029505,0.020021074815595362
505,3,0,3,0.0015806111696522653,0.0,0.0015806111696522653
506,1,0,1,0.0005268703898840885,0.0,0.0005268703898840885
507,5,5,10,0.0026343519494204425,0.0026343519494204425,0.005268703898840885
508,4,2,6,0.002107481559536354,0.001053740779768177,0.0031612223393045306
509,41,50,91,0.02160168598524763,0.026343519494204423,0.04794520547945205
510,1,0,1,0.0005268703898840885,0.0,0.0005268703898840885
511,8,3,11,0.004214963119072708,0.0015806111696522653,0.005795574288724973
512,4,0,4,0.002107481559536354,0.0,0.002107481559536354
513,55,38,93,0.028977871443624865,0.020021074815595362,0.04899894625922023
514,37,33,70,0.019494204425711273,0.01738672286617492,0.0368809272918862
515,8,1,9,0.004214963119072708,0.0005268703898840885,0.004741833508956796
516,10,9,19,0.005268703898840885,0.004741833508956796,0.010010537407797681
517,14,19,33,0.0073761854583772385,0.010010537407797681,0.01738672286617492
518,13,14,27,0.00684931506849315,0.0073761854583772385,0.01422550052687039
519,4,0,4,0.002107481559536354,0.0,0.002107481559536354
520,11,16,27,0.005795574288724973,0.008429926238145416,0.01422550052687039
521,2,1,3,0.001053740779768177,0.0005268703898840885,0.0015806111696522653
522,3,3,6,0.0015806111696522653,0.0015806111696522653,0.0031612223393045306
523,49,88,137,0.025816649104320334,0.046364594309799785,0.07218124341412012
524,1,0,1,0.0005268703898840885,0.0,0.0005268703898840885
525,25,25,50,0.013171759747102212,0.013171759747102212,0.026343519494204423
526,2,1,3,0.001053740779768177,0.0005268703898840885,0.0015806111696522653
527,30,12,42,0.015806111696522653,0.006322444678609061,0.022128556375131715
528,7,0,7,0.0036880927291886192,0.0,0.0036880927291886192
529,3,0,3,0.0015806111696522653,0.0,0.0015806111696522653
530,2,0,2,0.001053740779768177,0.0,0.001053740779768177
531,1,0,1,0.0005268703898840885,0.0,0.0005268703898840885
532,13,11,24,0.00684931506849315,0.005795574288724973,0.012644889357218123
533,1,0,1,0.0005268703898840885,0.0,0.0005268703898840885
534,8,2,10,0.004214963119072708,0.001053740779768177,0.005268703898840885
535,3,3,6,0.0015806111696522653,0.0015806111696522653,0.0031612223393045306
536,50,42,92,0.026343519494204423,0.022128556375131715,0.04847207586933614
537,12,14,26,0.006322444678609061,0.0073761854583772385,0.0136986301369863
538,34,20,54,0.01791359325605901,0.01053740779768177,0.02845100105374078
539,6,21,27,0.0031612223393045306,0.011064278187565857,0.01422550052687039
540,32,26,58,0.01685985247629083,0.0136986301369863,0.030558482613277132
541,4,1,5,0.002107481559536354,0.0005268703898840885,0.0026343519494204425
542,56,50,106,0.029504741833508954,0.026343519494204423,0.05584826132771338
543,11,8,19,0.005795574288724973,0.004214963119072708,0.010010537407797681
544,24,12,36,0.012644889357218123,0.006322444678609061,0.018967334035827184
545,17,12,29,0.008956796628029505,0.006322444678609061,0.015279241306638566
546,23,42,65,0.012118018967334035,0.022128556375131715,0.03424657534246575
547,27,29,56,0.01422550052687039,0.015279241306638566,0.029504741833508954
548,12,6,18,0.006322444678609061,0.0031612223393045306,0.009483667017913592
549,21,14,35,0.011064278187565857,0.0073761854583772385,0.0184404636459431
550,2,0,2,0.001053740779768177,0.0,0.001053740779768177
551,4,25,29,0.002107481559536354,0.013171759747102212,0.015279241306638566
552,4,9,13,0.002107481559536354,0.004741833508956796,0.00684931506849315
553,6,3,9,0.0031612223393045306,0.0015806111696522653,0.004741833508956796
554,5,2,7,0.0026343519494204425,0.001053740779768177,0.0036880927291886192
555,20,58,78,0.01053740779768177,0.030558482613277132,0.0410958904109589
556,4,0,4,0.002107481559536354,0.0,0.002107481559536354
557,28,32,60,0.014752370916754477,0.01685985247629083,0.031612223393045306
558,1,0,1,0.0005268703898840885,0.0,0.0005268703898840885
559,4,1,5,0.002107481559536354,0.0005268703898840885,0.0026343519494204425
560,23,20,43,0.012118018967334035,0.01053740779768177,0.022655426765015804
561,32,31,63,0.01685985247629083,0.016332982086406742,0.033192834562697573
562,6,6,12,0.0031612223393045306,0.0031612223393045306,0.006322444678609061
563,5,5,10,0.0026343519494204425,0.0026343519494204425,0.005268703898840885
564,4,0,4,0.002107481559536354,0.0,0.002107481559536354
565,1,0,1,0.0005268703898840885,0.0,0.0005268703898840885
566,9,0,9,0.004741833508956796,0.0,0.004741833508956796
567,21,22,43,0.011064278187565857,0.011591148577449946,0.022655426765015804
568,3,2,5,0.0015806111696522653,0.001053740779768177,0.0026343519494204425
569,26,29,55,0.0136986301369863,0.015279241306638566,0.028977871443624865
570,11,2,13,0.005795574288724973,0.001053740779768177,0.00684931506849315
571,8,5,13,0.004214963119072708,0.0026343519494204425,0.00684931506849315
572,3,0,3,0.0015806111696522653,0.0,0.0015806111696522653
573,20,17,37,0.01053740779768177,0.008956796628029505,0.019494204425711273
574,4,5,9,0.002107481559536354,0.0026343519494204425,0.004741833508956796
575,8,2,10,0.004214963119072708,0.001053740779768177,0.005268703898840885
576,23,22,45,0.012118018967334035,0.011591148577449946,0.02370916754478398
577,4,1,5,0.002107481559536354,0.0005268703898840885,0.0026343519494204425
578,4,3,7,0.002107481559536354,0.0015806111696522653,0.0036880927291886192
579,3,0,3,0.0015806111696522653,0.0,0.0015806111696522653
580,3,1,4,0.0015806111696522653,0.0005268703898840885,0.002107481559536354
581,2,5,7,0.001053740779768177,0.0026343519494204425,0.0036880927291886192
582,11,16,27,0.005795574288724973,0.008429926238145416,0.01422550052687039
583,26,21,47,0.0136986301369863,0.011064278187565857,0.02476290832455216
584,2,0,2,0.001053740779768177,0.0,0.001053740779768177
585,5,4,9,0.0026343519494204425,0.002107481559536354,0.004741833508956796
586,40,64,104,0.02107481559536354,0.03371970495258166,0.0547945205479452
587,8,2,10,0.004214963119072708,0.001053740779768177,0.005268703898840885
588,20,14,34,0.01053740779768177,0.0073761854583772385,0.01791359325605901
589,6,3,9,0.0031612223393045306,0.0015806111696522653,0.004741833508956796
590,41,34,75,0.02160168598524763,0.01791359325605901,0.039515279241306635
591,4,2,6,0.002107481559536354,0.001053740779768177,0.0031612223393045306
592,22,17,39,0.011591148577449946,0.008956796628029505,0.02054794520547945
593,14,7,21,0.0073761854583772385,0.0036880927291886192,0.011064278187565857
594,15,19,34,0.007903055848261327,0.010010537407797681,0.01791359325605901
595,29,21,50,0.015279241306638566,0.011064278187565857,0.026343519494204423
596,37,31,68,0.019494204425711273,0.016332982086406742,0.03582718651211802
597,8,2,10,0.004214963119072708,0.001053740779768177,0.005268703898840885
598,115,77,192,0.060590094836670175,0.04056902002107481,0.10115911485774498
599,13,19,32,0.00684931506849315,0.010010537407797681,0.01685985247629083
600,4,20,24,0.002107481559536354,0.01053740779768177,0.012644889357218123
601,12,6,18,0.006322444678609061,0.0031612223393045306,0.009483667017913592
602,5,3,8,0.0026343519494204425,0.0015806111696522653,0.004214963119072708
603,15,13,28,0.007903055848261327,0.00684931506849315,0.014752370916754477
604,1,0,1,0.0005268703898840885,0.0,0.0005268703898840885
605,46,68,114,0.02423603793466807,0.03582718651211802,0.060063224446786086
606,6,8,14,0.0031612223393045306,0.004214963119072708,0.0073761854583772385
607,30,7,37,0.015806111696522653,0.0036880927291886192,0.019494204425711273
608,1,1,2,0.0005268703898840885,0.0005268703898840885,0.001053740779768177
609,34,33,67,0.01791359325605901,0.01738672286617492,0.03530031612223393
610,4,3,7,0.002107481559536354,0.0015806111696522653,0.0036880927291886192
611,3,1,4,0.0015806111696522653,0.0005268703898840885,0.002107481559536354
612,3,4,7,0.0015806111696522653,0.002107481559536354,0.0036880927291886192
613,2,0,2,0.001053740779768177,0.0,0.001053740779768177
614,2,1,3,0.001053740779768177,0.0005268703898840885,0.0015806111696522653
615,47,47,94,0.02476290832455216,0.02476290832455216,0.04952581664910432
616,21,13,34,0.011064278187565857,0.00684931506849315,0.01791359325605901
617,51,60,111,0.026870389884088512,0.031612223393045306,0.05848261327713382
618,1,1,2,0.0005268703898840885,0.0005268703898840885,0.001053740779768177
619,4,9,13,0.002107481559536354,0.004741833508956796,0.00684931506849315
620,26,21,47,0.0136986301369863,0.011064278187565857,0.02476290832455216
621,22,32,54,0.011591148577449946,0.01685985247629083,0.02845100105374078
622,3,5,8,0.0015806111696522653,0.0026343519494204425,0.004214963119072708
623,2,0,2,0.001053740779768177,0.0,0.001053740779768177
624,5,9,14,0.0026343519494204425,0.004741833508956796,0.0073761854583772385
625,9,8,17,0.004741833508956796,0.004214963119072708,0.008956796628029505
626,70,51,121,0.0368809272918862,0.026870389884088512,0.06375131717597471
627,17,13,30,0.008956796628029505,0.00684931506849315,0.015806111696522653
628,2,0,2,0.001053740779768177,0.0,0.001053740779768177
629,4,4,8,0.002107481559536354,0.002107481559536354,0.004214963119072708
630,2,0,2,0.001053740779768177,0.0,0.001053740779768177
631,0,10,10,0.0,0.005268703898840885,0.005268703898840885
632,22,9,31,0.011591148577449946,0.004741833508956796,0.016332982086406742
633,2,0,2,0.001053740779768177,0.0,0.001053740779768177
634,3,8,11,0.0015806111696522653,0.004214963119072708,0.005795574288724973
635,9,9,18,0.004741833508956796,0.004741833508956796,0.009483667017913592
636,14,8,22,0.0073761854583772385,0.004214963119072708,0.011591148577449946
637,4,0,4,0.002107481559536354,0.0,0.002107481559536354
638,119,137,256,0.06269757639620653,0.07218124341412012,0.13487881981032665
639,34,39,73,0.01791359325605901,0.02054794520547945,0.03846153846153846
640,31,30,61,0.016332982086406742,0.015806111696522653,0.032139093782929395
641,7,2,9,0.0036880927291886192,0.001053740779768177,0.004741833508956796
642,40,38,78,0.02107481559536354,0.020021074815595362,0.0410958904109589
643,6,5,11,0.0031612223393045306,0.0026343519494204425,0.005795574288724973
644,67,65,132,0.03530031612223393,0.03424657534246575,0.06954689146469968
645,23,11,34,0.012118018967334035,0.005795574288724973,0.01791359325605901
646,15,17,32,0.007903055848261327,0.008956796628029505,0.01685985247629083
647,2,1,3,0.001053740779768177,0.0005268703898840885,0.0015806111696522653
648,0,10,10,0.0,0.005268703898840885,0.005268703898840885
649,18,9,27,0.009483667017913592,0.004741833508956796,0.01422550052687039
650,4,0,4,0.002107481559536354,0.0,0.002107481559536354
651,8,3,11,0.004214963119072708,0.0015806111696522653,0.005795574288724973
652,44,58,102,0.023182297154899893,0.030558482613277132,0.053740779768177024
653,1,0,1,0.0005268703898840885,0.0,0.0005268703898840885
654,60,44,104,0.031612223393045306,0.023182297154899893,0.0547945205479452
655,1,19,20,0.0005268703898840885,0.010010537407797681,0.01053740779768177
656,1,0,1,0.0005268703898840885,0.0,0.0005268703898840885
657,6,1,7,0.0031612223393045306,0.0005268703898840885,0.0036880927291886192
658,21,12,33,0.011064278187565857,0.006322444678609061,0.01738672286617492
659,15,6,21,0.007903055848261327,0.0031612223393045306,0.011064278187565857
660,4,4,8,0.002107481559536354,0.002107481559536354,0.004214963119072708
661,2,0,2,0.001053740779768177,0.0,0.001053740779768177
662,3,1,4,0.0015806111696522653,0.0005268703898840885,0.002107481559536354
663,2,0,2,0.001053740779768177,0.0,0.001053740779768177
664,1,0,1,0.0005268703898840885,0.0,0.0005268703898840885
665,1,1,2,0.0005268703898840885,0.0005268703898840885,0.001053740779768177
666,5,5,10,0.0026343519494204425,0.0026343519494204425,0.005268703898840885
667,11,10,21,0.005795574288724973,0.005268703898840885,0.011064278187565857
668,1,0,1,0.0005268703898840885,0.0,0.0005268703898840885
669,4,1,5,0.002107481559536354,0.0005268703898840885,0.0026343519494204425
670,1,0,1,0.0005268703898840885,0.0,0.0005268703898840885
671,1,0,1,0.0005268703898840885,0.0,0.0005268703898840885
672,1,0,1,0.0005268703898840885,0.0,0.0005268703898840885
673,33,29,62,0.01738672286617492,0.015279241306638566,0.032665964172813484
674,10,18,28,0.005268703898840885,0.009483667017913592,0.014752370916754477
675,6,1,7,0.0031612223393045306,0.0005268703898840885,0.0036880927291886192
676,10,5,15,0.005268703898840885,0.0026343519494204425,0.007903055848261327
677,4,1,5,0.002107481559536354,0.0005268703898840885,0.0026343519494204425
678,8,11,19,0.004214963119072708,0.005795574288724973,0.010010537407797681
679,52,78,130,0.0273972602739726,0.0410958904109589,0.0684931506849315
680,3,2,5,0.0015806111696522653,0.001053740779768177,0.0026343519494204425
681,25,41,66,0.013171759747102212,0.02160168598524763,0.03477344573234984
682,4,0,4,0.002107481559536354,0.0,0.002107481559536354
683,24,23,47,0.012644889357218123,0.012118018967334035,0.02476290832455216
684,1,0,1,0.0005268703898840885,0.0,0.0005268703898840885
685,1,1,2,0.0005268703898840885,0.0005268703898840885,0.001053740779768177
686,24,34,58,0.012644889357218123,0.01791359325605901,0.030558482613277132
687,55,59,114,0.028977871443624865,0.03108535300316122,0.060063224446786086
688,9,4,13,0.004741833508956796,0.002107481559536354,0.00684931506849315
689,6,2,8,0.0031612223393045306,0.001053740779768177,0.004214963119072708
690,1,0,1,0.0005268703898840885,0.0,0.0005268703898840885
691,2,0,2,0.001053740779768177,0.0,0.001053740779768177
692,1,0,1,0.0005268703898840885,0.0,0.0005268703898840885
693,1,0,1,0.0005268703898840885,0.0,0.0005268703898840885
694,1,0,1,0.0005268703898840885,0.0,0.0005268703898840885
695,1,0,1,0.0005268703898840885,0.0,0.0005268703898840885
696,1,2,3,0.0005268703898840885,0.001053740779768177,0.0015806111696522653
697,67,62,129,0.03530031612223393,0.032665964172813484,0.06796628029504741
698,14,1,15,0.0073761854583772385,0.0005268703898840885,0.007903055848261327
699,12,7,19,0.006322444678609061,0.0036880927291886192,0.010010537407797681
700,11,14,25,0.005795574288724973,0.0073761854583772385,0.013171759747102212
701,41,40,81,0.02160168598524763,0.02107481559536354,0.04267650158061117
702,1,0,1,0.0005268703898840885,0.0,0.0005268703898840885
703,2,0,2,0.001053740779768177,0.0,0.001053740779768177
704,56,101,157,0.029504741833508954,0.053213909378292935,0.08271865121180189
705,2,8,10,0.001053740779768177,0.004214963119072708,0.005268703898840885
706,14,21,35,0.0073761854583772385,0.011064278187565857,0.0184404636459431
707,21,0,21,0.011064278187565857,0.0,0.011064278187565857
708,41,26,67,0.02160168598524763,0.0136986301369863,0.03530031612223393
709,1,3,4,0.0005268703898840885,0.0015806111696522653,0.002107481559536354
710,27,24,51,0.01422550052687039,0.012644889357218123,0.026870389884088512
711,48,29,77,0.025289778714436245,0.015279241306638566,0.04056902002107481
712,32,24,56,0.01685985247629083,0.012644889357218123,0.029504741833508954
713,95,148,243,0.05005268703898841,0.07797681770284509,0.1280295047418335
714,26,25,51,0.0136986301369863,0.013171759747102212,0.026870389884088512
715,2,2,4,0.001053740779768177,0.001053740779768177,0.002107481559536354
716,6,4,10,0.0031612223393045306,0.002107481559536354,0.005268703898840885
717,1,0,1,0.0005268703898840885,0.0,0.0005268703898840885
718,1,0,1,0.0005268703898840885,0.0,0.0005268703898840885
719,48,35,83,0.025289778714436245,0.0184404636459431,0.04373024236037935
720,4,3,7,0.002107481559536354,0.0015806111696522653,0.0036880927291886192
721,14,10,24,0.0073761854583772385,0.005268703898840885,0.012644889357218123
722,1,0,1,0.0005268703898840885,0.0,0.0005268703898840885
723,4,2,6,0.002107481559536354,0.001053740779768177,0.0031612223393045306
724,10,4,14,0.005268703898840885,0.002107481559536354,0.0073761854583772385
725,30,32,62,0.015806111696522653,0.01685985247629083,0.032665964172813484
726,9,8,17,0.004741833508956796,0.004214963119072708,0.008956796628029505
727,10,11,21,0.005268703898840885,0.005795574288724973,0.011064278187565857
728,9,14,23,0.004741833508956796,0.0073761854583772385,0.012118018967334035
729,3,0,3,0.0015806111696522653,0.0,0.0015806111696522653
730,1,0,1,0.0005268703898840885,0.0,0.0005268703898840885
731,5,4,9,0.0026343519494204425,0.002107481559536354,0.004741833508956796
732,7,6,13,0.0036880927291886192,0.0031612223393045306,0.00684931506849315
733,24,64,88,0.012644889357218123,0.03371970495258166,0.046364594309799785
734,12,9,21,0.006322444678609061,0.004741833508956796,0.011064278187565857
735,11,8,19,0.005795574288724973,0.004214963119072708,0.010010537407797681
736,2,1,3,0.001053740779768177,0.0005268703898840885,0.0015806111696522653
737,3,1,4,0.0015806111696522653,0.0005268703898840885,0.002107481559536354
738,15,8,23,0.007903055848261327,0.004214963119072708,0.012118018967334035
739,15,18,33,0.007903055848261327,0.009483667017913592,0.01738672286617492
740,10,5,15,0.005268703898840885,0.0026343519494204425,0.007903055848261327
741,15,15,30,0.007903055848261327,0.007903055848261327,0.015806111696522653
742,1,0,1,0.0005268703898840885,0.0,0.0005268703898840885
743,4,0,4,0.002107481559536354,0.0,0.002107481559536354
744,2,0,2,0.001053740779768177,0.0,0.001053740779768177
745,1,0,1,0.0005268703898840885,0.0,0.0005268703898840885
746,2,1,3,0.001053740779768177,0.0005268703898840885,0.0015806111696522653
747,4,2,6,0.002107481559536354,0.001053740779768177,0.0031612223393045306
748,3,0,3,0.0015806111696522653,0.0,0.0015806111696522653
749,15,17,32,0.007903055848261327,0.008956796628029505,0.01685985247629083
750,1,0,1,0.0005268703898840885,0.0,0.0005268703898840885
751,3,2,5,0.0015806111696522653,0.001053740779768177,0.0026343519494204425
752,15,12,27,0.007903055848261327,0.006322444678609061,0.01422550052687039
753,49,37,86,0.025816649104320334,0.019494204425711273,0.04531085353003161
754,9,12,21,0.004741833508956796,0.006322444678609061,0.011064278187565857
755,11,8,19,0.005795574288724973,0.004214963119072708,0.010010537407797681
756,1,0,1,0.0005268703898840885,0.0,0.0005268703898840885
757,6,3,9,0.0031612223393045306,0.0015806111696522653,0.004741833508956796
758,40,34,74,0.02107481559536354,0.01791359325605901,0.038988408851422546
759,1,0,1,0.0005268703898840885,0.0,0.0005268703898840885
760,3,9,12,0.0015806111696522653,0.004741833508956796,0.006322444678609061
761,7,6,13,0.0036880927291886192,0.0031612223393045306,0.00684931506849315
762,23,20,43,0.012118018967334035,0.01053740779768177,0.022655426765015804
763,1,0,1,0.0005268703898840885,0.0,0.0005268703898840885
764,2,0,2,0.001053740779768177,0.0,0.001053740779768177
765,35,28,63,0.0184404636459431,0.014752370916754477,0.033192834562697573
766,17,12,29,0.008956796628029505,0.006322444678609061,0.015279241306638566
767,1,4,5,0.0005268703898840885,0.002107481559536354,0.0026343519494204425
768,34,41,75,0.01791359325605901,0.02160168598524763,0.039515279241306635
769,12,0,12,0.006322444678609061,0.0,0.006322444678609061
770,22,88,110,0.011591148577449946,0.046364594309799785,0.05795574288724973
771,16,12,28,0.008429926238145416,0.006322444678609061,0.014752370916754477
772,3,0,3,0.0015806111696522653,0.0,0.0015806111696522653
773,15,1,16,0.007903055848261327,0.0005268703898840885,0.008429926238145416
774,17,4,21,0.008956796628029505,0.002107481559536354,0.011064278187565857
775,3,0,3,0.0015806111696522653,0.0,0.0015806111696522653
776,4,5,9,0.002107481559536354,0.0026343519494204425,0.004741833508956796
777,25,34,59,0.013171759747102212,0.01791359325605901,0.03108535300316122
778,17,14,31,0.008956796628029505,0.0073761854583772385,0.016332982086406742
779,18,18,36,0.009483667017913592,0.009483667017913592,0.018967334035827184
780,3,2,5,0.0015806111696522653,0.001053740779768177,0.0026343519494204425
781,27,37,64,0.01422550052687039,0.019494204425711273,0.03371970495258166
782,10,8,18,0.005268703898840885,0.004214963119072708,0.009483667017913592
783,53,41,94,0.02792413066385669,0.02160168598524763,0.04952581664910432
784,26,0,26,0.0136986301369863,0.0,0.0136986301369863
785,7,6,13,0.0036880927291886192,0.0031612223393045306,0.00684931506849315
786,1,2,3,0.0005268703898840885,0.001053740779768177,0.0015806111696522653
787,7,9,16,0.0036880927291886192,0.004741833508956796,0.008429926238145416
788,16,7,23,0.008429926238145416,0.0036880927291886192,0.012118018967334035
789,1,1,2,0.0005268703898840885,0.0005268703898840885,0.001053740779768177
790,6,3,9,0.0031612223393045306,0.0015806111696522653,0.004741833508956796
791,1,1,2,0.0005268703898840885,0.0005268703898840885,0.001053740779768177
792,20,28,48,0.01053740779768177,0.014752370916754477,0.025289778714436245
793,11,18,29,0.005795574288724973,0.009483667017913592,0.015279241306638566
794,21,14,35,0.011064278187565857,0.0073761854583772385,0.0184404636459431
795,18,7,25,0.009483667017913592,0.0036880927291886192,0.013171759747102212
796,0,1,1,0.0,0.0005268703898840885,0.0005268703898840885
797,20,38,58,0.01053740779768177,0.020021074815595362,0.030558482613277132
798,24,2,26,0.012644889357218123,0.001053740779768177,0.0136986301369863
799,19,19,38,0.010010537407797681,0.010010537407797681,0.020021074815595362
800,12,18,30,0.006322444678609061,0.009483667017913592,0.015806111696522653
801,9,11,20,0.004741833508956796,0.005795574288724973,0.01053740779768177
802,19,8,27,0.010010537407797681,0.004214963119072708,0.01422550052687039
803,1,0,1,0.0005268703898840885,0.0,0.0005268703898840885
804,2,0,2,0.001053740779768177,0.0,0.001053740779768177
805,5,10,15,0.0026343519494204425,0.005268703898840885,0.007903055848261327
806,4,1,5,0.002107481559536354,0.0005268703898840885,0.0026343519494204425
807,1,1,2,0.0005268703898840885,0.0005268703898840885,0.001053740779768177
808,5,2,7,0.0026343519494204425,0.001053740779768177,0.0036880927291886192
809,26,57,83,0.0136986301369863,0.030031612223393043,0.04373024236037935
810,13,26,39,0.00684931506849315,0.0136986301369863,0.02054794520547945
811,3,2,5,0.0015806111696522653,0.001053740779768177,0.0026343519494204425
812,8,6,14,0.004214963119072708,0.0031612223393045306,0.0073761854583772385
813,2,0,2,0.001053740779768177,0.0,0.001053740779768177
814,16,10,26,0.008429926238145416,0.005268703898840885,0.0136986301369863
815,46,18,64,0.02423603793466807,0.009483667017913592,0.03371970495258166
816,8,0,8,0.004214963119072708,0.0,0.004214963119072708
817,28,18,46,0.014752370916754477,0.009483667017913592,0.02423603793466807
818,9,8,17,0.004741833508956796,0.004214963119072708,0.008956796628029505
819,8,5,13,0.004214963119072708,0.0026343519494204425,0.00684931506849315
820,1,0,1,0.0005268703898840885,0.0,0.0005268703898840885
821,7,7,14,0.0036880927291886192,0.0036880927291886192,0.0073761854583772385
822,12,12,24,0.006322444678609061,0.006322444678609061,0.012644889357218123
823,53,50,103,0.02792413066385669,0.026343519494204423,0.05426765015806111
824,13,8,21,0.00684931506849315,0.004214963119072708,0.011064278187565857
825,7,0,7,0.0036880927291886192,0.0,0.0036880927291886192
826,1,5,6,0.0005268703898840885,0.0026343519494204425,0.0031612223393045306
827,0,1,1,0.0,0.0005268703898840885,0.0005268703898840885
828,5,2,7,0.0026343519494204425,0.001053740779768177,0.0036880927291886192
829,1,1,2,0.0005268703898840885,0.0005268703898840885,0.001053740779768177
830,26,26,52,0.0136986301369863,0.0136986301369863,0.0273972602739726
831,28,25,53,0.014752370916754477,0.013171759747102212,0.02792413066385669
832,7,1,8,0.0036880927291886192,0.0005268703898840885,0.004214963119072708
833,2,0,2,0.001053740779768177,0.0,0.001053740779768177
834,37,36,73,0.019494204425711273,0.018967334035827184,0.03846153846153846
835,28,22,50,0.014752370916754477,0.011591148577449946,0.026343519494204423
836,4,2,6,0.002107481559536354,0.001053740779768177,0.0031612223393045306
837,0,1,1,0.0,0.0005268703898840885,0.0005268703898840885
838,9,8,17,0.004741833508956796,0.004214963119072708,0.008956796628029505
839,6,0,6,0.0031612223393045306,0.0,0.0031612223393045306
840,90,55,145,0.04741833508956796,0.028977871443624865,0.07639620653319283
841,16,12,28,0.008429926238145416,0.006322444678609061,0.014752370916754477
842,2,1,3,0.001053740779768177,0.0005268703898840885,0.0015806111696522653
843,31,35,66,0.016332982086406742,0.0184404636459431,0.03477344573234984
844,6,0,6,0.0031612223393045306,0.0,0.0031612223393045306
845,0,1,1,0.0,0.0005268703898840885,0.0005268703898840885
846,4,4,8,0.002107481559536354,0.002107481559536354,0.004214963119072708
847,37,30,67,0.019494204425711273,0.015806111696522653,0.03530031612223393
848,6,2,8,0.0031612223393045306,0.001053740779768177,0.004214963119072708
849,2,0,2,0.001053740779768177,0.0,0.001053740779768177
850,1,0,1,0.0005268703898840885,0.0,0.0005268703898840885
851,6,8,14,0.0031612223393045306,0.004214963119072708,0.0073761854583772385
852,16,18,34,0.008429926238145416,0.009483667017913592,0.01791359325605901
853,11,10,21,0.005795574288724973,0.005268703898840885,0.011064278187565857
854,1,0,1,0.0005268703898840885,0.0,0.0005268703898840885
855,2,0,2,0.001053740779768177,0.0,0.001053740779768177
856,8,9,17,0.004214963119072708,0.004741833508956796,0.008956796628029505
857,3,2,5,0.0015806111696522653,0.001053740779768177,0.0026343519494204425
858,2,2,4,0.001053740779768177,0.001053740779768177,0.002107481559536354
859,16,35,51,0.008429926238145416,0.0184404636459431,0.026870389884088512
860,2,0,2,0.001053740779768177,0.0,0.001053740779768177
861,5,3,8,0.0026343519494204425,0.0015806111696522653,0.004214963119072708
862,15,0,15,0.007903055848261327,0.0,0.007903055848261327
863,4,0,4,0.002107481559536354,0.0,0.002107481559536354
864,9,8,17,0.004741833508956796,0.004214963119072708,0.008956796628029505
865,10,6,16,0.005268703898840885,0.0031612223393045306,0.008429926238145416
866,4,2,6,0.002107481559536354,0.001053740779768177,0.0031612223393045306
867,1,1,2,0.0005268703898840885,0.0005268703898840885,0.001053740779768177
868,14,8,22,0.0073761854583772385,0.004214963119072708,0.011591148577449946
869,3,2,5,0.0015806111696522653,0.001053740779768177,0.0026343519494204425
870,8,8,16,0.004214963119072708,0.004214963119072708,0.008429926238145416
871,17,75,92,0.008956796628029505,0.039515279241306635,0.04847207586933614
872,2,0,2,0.001053740779768177,0.0,0.001053740779768177
873,4,6,10,0.002107481559536354,0.0031612223393045306,0.005268703898840885
874,16,11,27,0.008429926238145416,0.005795574288724973,0.01422550052687039
875,2,0,2,0.001053740779768177,0.0,0.001053740779768177
876,1,4,5,0.0005268703898840885,0.002107481559536354,0.0026343519494204425
877,1,0,1,0.0005268703898840885,0.0,0.0005268703898840885
878,23,35,58,0.012118018967334035,0.0184404636459431,0.030558482613277132
879,1,0,1,0.0005268703898840885,0.0,0.0005268703898840885
880,1,0,1,0.0005268703898840885,0.0,0.0005268703898840885
881,14,10,24,0.0073761854583772385,0.005268703898840885,0.012644889357218123
882,11,8,19,0.005795574288724973,0.004214963119072708,0.010010537407797681
883,6,6,12,0.0031612223393045306,0.0031612223393045306,0.006322444678609061
884,16,14,30,0.008429926238145416,0.0073761854583772385,0.015806111696522653
885,4,2,6,0.002107481559536354,0.001053740779768177,0.0031612223393045306
886,10,2,12,0.005268703898840885,0.001053740779768177,0.006322444678609061
887,3,0,3,0.0015806111696522653,0.0,0.0015806111696522653
888,1,0,1,0.0005268703898840885,0.0,0.0005268703898840885
889,1,0,1,0.0005268703898840885,0.0,0.0005268703898840885
890,2,0,2,0.001053740779768177,0.0,0.001053740779768177
891,1,0,1,0.0005268703898840885,0.0,0.0005268703898840885
892,1,0,1,0.0005268703898840885,0.0,0.0005268703898840885
893,15,8,23,0.007903055848261327,0.004214963119072708,0.012118018967334035
894,1,0,1,0.0005268703898840885,0.0,0.0005268703898840885
895,1,0,1,0.0005268703898840885,0.0,0.0005268703898840885
896,1,0,1,0.0005268703898840885,0.0,0.0005268703898840885
897,1,0,1,0.0005268703898840885,0.0,0.0005268703898840885
898,6,2,8,0.0031612223393045306,0.001053740779768177,0.004214963119072708
899,13,9,22,0.00684931506849315,0.004741833508956796,0.011591148577449946
900,2,0,2,0.001053740779768177,0.0,0.001053740779768177
901,10,7,17,0.005268703898840885,0.0036880927291886192,0.008956796628029505
902,1,0,1,0.0005268703898840885,0.0,0.0005268703898840885
903,11,6,17,0.005795574288724973,0.0031612223393045306,0.008956796628029505
904,1,0,1,0.0005268703898840885,0.0,0.0005268703898840885
905,1,0,1,0.0005268703898840885,0.0,0.0005268703898840885
906,1,0,1,0.0005268703898840885,0.0,0.0005268703898840885
907,2,0,2,0.001053740779768177,0.0,0.001053740779768177
908,10,8,18,0.005268703898840885,0.004214963119072708,0.009483667017913592
909,2,0,2,0.001053740779768177,0.0,0.001053740779768177
910,1,0,1,0.0005268703898840885,0.0,0.0005268703898840885
911,1,0,1,0.0005268703898840885,0.0,0.0005268703898840885
912,12,12,24,0.006322444678609061,0.006322444678609061,0.012644889357218123
913,26,23,49,0.0136986301369863,0.012118018967334035,0.025816649104320334
914,2,0,2,0.001053740779768177,0.0,0.001053740779768177
915,16,19,35,0.008429926238145416,0.010010537407797681,0.0184404636459431
916,1,0,1,0.0005268703898840885,0.0,0.0005268703898840885
917,2,1,3,0.001053740779768177,0.0005268703898840885,0.0015806111696522653
918,0,1,1,0.0,0.0005268703898840885,0.0005268703898840885
919,24,26,50,0.012644889357218123,0.0136986301369863,0.026343519494204423
920,2,1,3,0.001053740779768177,0.0005268703898840885,0.0015806111696522653
921,3,2,5,0.0015806111696522653,0.001053740779768177,0.0026343519494204425
922,2,0,2,0.001053740779768177,0.0,0.001053740779768177
923,6,4,10,0.0031612223393045306,0.002107481559536354,0.005268703898840885
924,11,7,18,0.005795574288724973,0.0036880927291886192,0.009483667017913592
925,2,2,4,0.001053740779768177,0.001053740779768177,0.002107481559536354
926,10,7,17,0.005268703898840885,0.0036880927291886192,0.008956796628029505
927,9,1,10,0.004741833508956796,0.0005268703898840885,0.005268703898840885
928,38,36,74,0.020021074815595362,0.018967334035827184,0.038988408851422546
929,2,0,2,0.001053740779768177,0.0,0.001053740779768177
930,2,0,2,0.001053740779768177,0.0,0.001053740779768177
931,3,0,3,0.0015806111696522653,0.0,0.0015806111696522653
932,3,2,5,0.0015806111696522653,0.001053740779768177,0.0026343519494204425
933,11,10,21,0.005795574288724973,0.005268703898840885,0.011064278187565857
934,5,7,12,0.0026343519494204425,0.0036880927291886192,0.006322444678609061
935,1,1,2,0.0005268703898840885,0.0005268703898840885,0.001053740779768177
936,1,1,2,0.0005268703898840885,0.0005268703898840885,0.001053740779768177
937,1,0,1,0.0005268703898840885,0.0,0.0005268703898840885
938,27,19,46,0.01422550052687039,0.010010537407797681,0.02423603793466807
939,15,23,38,0.007903055848261327,0.012118018967334035,0.020021074815595362
940,13,14,27,0.00684931506849315,0.0073761854583772385,0.01422550052687039
941,3,2,5,0.0015806111696522653,0.001053740779768177,0.0026343519494204425
942,12,20,32,0.006322444678609061,0.01053740779768177,0.01685985247629083
943,15,7,22,0.007903055848261327,0.0036880927291886192,0.011591148577449946
944,4,13,17,0.002107481559536354,0.00684931506849315,0.008956796628029505
945,1,1,2,0.0005268703898840885,0.0005268703898840885,0.001053740779768177
946,1,0,1,0.0005268703898840885,0.0,0.0005268703898840885
947,1,0,1,0.0005268703898840885,0.0,0.0005268703898840885
948,1,0,1,0.0005268703898840885,0.0,0.0005268703898840885
949,17,15,32,0.008956796628029505,0.007903055848261327,0.01685985247629083
950,37,36,73,0.019494204425711273,0.018967334035827184,0.03846153846153846
951,1,1,2,0.0005268703898840885,0.0005268703898840885,0.001053740779768177
952,18,8,26,0.009483667017913592,0.004214963119072708,0.0136986301369863
953,5,6,11,0.0026343519494204425,0.0031612223393045306,0.005795574288724973
954,5,5,10,0.0026343519494204425,0.0026343519494204425,0.005268703898840885
955,2,0,2,0.001053740779768177,0.0,0.001053740779768177
956,2,1,3,0.001053740779768177,0.0005268703898840885,0.0015806111696522653
957,4,0,4,0.002107481559536354,0.0,0.002107481559536354
958,7,4,11,0.0036880927291886192,0.002107481559536354,0.005795574288724973
959,4,2,6,0.002107481559536354,0.001053740779768177,0.0031612223393045306
960,2,0,2,0.001053740779768177,0.0,0.001053740779768177
961,2,1,3,0.001053740779768177,0.0005268703898840885,0.0015806111696522653
962,3,3,6,0.0015806111696522653,0.0015806111696522653,0.0031612223393045306
963,12,7,19,0.006322444678609061,0.0036880927291886192,0.010010537407797681
964,17,14,31,0.008956796628029505,0.0073761854583772385,0.016332982086406742
965,2,2,4,0.001053740779768177,0.001053740779768177,0.002107481559536354
966,16,12,28,0.008429926238145416,0.006322444678609061,0.014752370916754477
967,15,15,30,0.007903055848261327,0.007903055848261327,0.015806111696522653
968,0,1,1,0.0,0.0005268703898840885,0.0005268703898840885
969,39,33,72,0.02054794520547945,0.01738672286617492,0.03793466807165437
970,13,11,24,0.00684931506849315,0.005795574288724973,0.012644889357218123
971,10,8,18,0.005268703898840885,0.004214963119072708,0.009483667017913592
972,1,1,2,0.0005268703898840885,0.0005268703898840885,0.001053740779768177
973,6,6,12,0.0031612223393045306,0.0031612223393045306,0.006322444678609061
974,15,3,18,0.007903055848261327,0.0015806111696522653,0.009483667017913592
975,27,19,46,0.01422550052687039,0.010010537407797681,0.02423603793466807
976,2,0,2,0.001053740779768177,0.0,0.001053740779768177
977,4,1,5,0.002107481559536354,0.0005268703898840885,0.0026343519494204425
978,11,7,18,0.005795574288724973,0.0036880927291886192,0.009483667017913592
979,2,1,3,0.001053740779768177,0.0005268703898840885,0.0015806111696522653
980,8,12,20,0.004214963119072708,0.006322444678609061,0.01053740779768177
981,4,3,7,0.002107481559536354,0.0015806111696522653,0.0036880927291886192
982,1,0,1,0.0005268703898840885,0.0,0.0005268703898840885
983,16,9,25,0.008429926238145416,0.004741833508956796,0.013171759747102212
984,11,7,18,0.005795574288724973,0.0036880927291886192,0.009483667017913592
985,4,3,7,0.002107481559536354,0.0015806111696522653,0.0036880927291886192
986,13,48,61,0.00684931506849315,0.025289778714436245,0.032139093782929395
987,8,0,8,0.004214963119072708,0.0,0.004214963119072708
988,10,5,15,0.005268703898840885,0.0026343519494204425,0.007903055848261327
989,2,0,2,0.001053740779768177,0.0,0.001053740779768177
990,18,12,30,0.009483667017913592,0.006322444678609061,0.015806111696522653
991,15,16,31,0.007903055848261327,0.008429926238145416,0.016332982086406742
992,24,9,33,0.012644889357218123,0.004741833508956796,0.01738672286617492
993,15,16,31,0.007903055848261327,0.008429926238145416,0.016332982086406742
994,22,23,45,0.011591148577449946,0.012118018967334035,0.02370916754478398
995,10,9,19,0.005268703898840885,0.004741833508956796,0.010010537407797681
996,6,9,15,0.0031612223393045306,0.004741833508956796,0.007903055848261327
997,12,8,20,0.006322444678609061,0.004214963119072708,0.01053740779768177
998,8,8,16,0.004214963119072708,0.004214963119072708,0.008429926238145416
999,6,6,12,0.0031612223393045306,0.0031612223393045306,0.006322444678609061
1000,17,34,51,0.008956796628029505,0.01791359325605901,0.026870389884088512
1001,3,2,5,0.0015806111696522653,0.001053740779768177,0.0026343519494204425
1002,6,5,11,0.0031612223393045306,0.0026343519494204425,0.005795574288724973
1003,2,2,4,0.001053740779768177,0.001053740779768177,0.002107481559536354
1004,25,27,52,0.013171759747102212,0.01422550052687039,0.0273972602739726
1005,10,6,16,0.005268703898840885,0.0031612223393045306,0.008429926238145416
1006,16,8,24,0.008429926238145416,0.004214963119072708,0.012644889357218123
1007,1,0,1,0.0005268703898840885,0.0,0.0005268703898840885
1008,2,2,4,0.001053740779768177,0.001053740779768177,0.002107481559536354
1009,5,8,13,0.0026343519494204425,0.004214963119072708,0.00684931506849315
1010,1,1,2,0.0005268703898840885,0.0005268703898840885,0.001053740779768177
1011,1,0,1,0.0005268703898840885,0.0,0.0005268703898840885
1012,4,0,4,0.002107481559536354,0.0,0.002107481559536354
1013,8,18,26,0.004214963119072708,0.009483667017913592,0.0136986301369863
1014,17,13,30,0.008956796628029505,0.00684931506849315,0.015806111696522653
1015,9,0,9,0.004741833508956796,0.0,0.004741833508956796
1016,2,0,2,0.001053740779768177,0.0,0.001053740779768177
1017,2,1,3,0.001053740779768177,0.0005268703898840885,0.0015806111696522653
1018,28,32,60,0.014752370916754477,0.01685985247629083,0.031612223393045306
1019,15,8,23,0.007903055848261327,0.004214963119072708,0.012118018967334035
1020,2,0,2,0.001053740779768177,0.0,0.001053740779768177
1021,36,21,57,0.018967334035827184,0.011064278187565857,0.030031612223393043
1022,3,3,6,0.0015806111696522653,0.0015806111696522653,0.0031612223393045306
1023,12,11,23,0.006322444678609061,0.005795574288724973,0.012118018967334035
1024,4,0,4,0.002107481559536354,0.0,0.002107481559536354
1025,2,2,4,0.001053740779768177,0.001053740779768177,0.002107481559536354
1026,32,21,53,0.01685985247629083,0.011064278187565857,0.02792413066385669
1027,1,0,1,0.0005268703898840885,0.0,0.0005268703898840885
1028,2,2,4,0.001053740779768177,0.001053740779768177,0.002107481559536354
1029,14,15,29,0.0073761854583772385,0.007903055848261327,0.015279241306638566
1030,0,1,1,0.0,0.0005268703898840885,0.0005268703898840885
1031,6,10,16,0.0031612223393045306,0.005268703898840885,0.008429926238145416
1032,18,8,26,0.009483667017913592,0.004214963119072708,0.0136986301369863
1033,34,42,76,0.01791359325605901,0.022128556375131715,0.040042149631190724
1034,25,18,43,0.013171759747102212,0.009483667017913592,0.022655426765015804
1035,2,1,3,0.001053740779768177,0.0005268703898840885,0.0015806111696522653
1036,19,16,35,0.010010537407797681,0.008429926238145416,0.0184404636459431
1037,9,15,24,0.004741833508956796,0.007903055848261327,0.012644889357218123
1038,4,13,17,0.002107481559536354,0.00684931506849315,0.008956796628029505
1039,32,14,46,0.01685985247629083,0.0073761854583772385,0.02423603793466807
1040,5,4,9,0.0026343519494204425,0.002107481559536354,0.004741833508956796
1041,9,6,15,0.004741833508956796,0.0031612223393045306,0.007903055848261327
1042,35,41,76,0.0184404636459431,0.02160168598524763,0.040042149631190724
1043,11,9,20,0.005795574288724973,0.004741833508956796,0.01053740779768177
1044,5,4,9,0.0026343519494204425,0.002107481559536354,0.004741833508956796
1045,6,6,12,0.0031612223393045306,0.0031612223393045306,0.006322444678609061
1046,3,1,4,0.0015806111696522653,0.0005268703898840885,0.002107481559536354
1047,4,1,5,0.002107481559536354,0.0005268703898840885,0.0026343519494204425
1048,1,0,1,0.0005268703898840885,0.0,0.0005268703898840885
1049,14,8,22,0.0073761854583772385,0.004214963119072708,0.011591148577449946
1050,21,9,30,0.011064278187565857,0.004741833508956796,0.015806111696522653
1051,10,1,11,0.005268703898840885,0.0005268703898840885,0.005795574288724973
1052,17,26,43,0.008956796628029505,0.0136986301369863,0.022655426765015804
1053,7,0,7,0.0036880927291886192,0.0,0.0036880927291886192
1054,6,5,11,0.0031612223393045306,0.0026343519494204425,0.005795574288724973
1055,1,0,1,0.0005268703898840885,0.0,0.0005268703898840885
1056,22,11,33,0.011591148577449946,0.005795574288724973,0.01738672286617492
1057,1,0,1,0.0005268703898840885,0.0,0.0005268703898840885
1058,3,2,5,0.0015806111696522653,0.001053740779768177,0.0026343519494204425
1059,7,7,14,0.0036880927291886192,0.0036880927291886192,0.0073761854583772385
1060,15,10,25,0.007903055848261327,0.005268703898840885,0.013171759747102212
1061,0,1,1,0.0,0.0005268703898840885,0.0005268703898840885
1062,10,11,21,0.005268703898840885,0.005795574288724973,0.011064278187565857
1063,7,1,8,0.0036880927291886192,0.0005268703898840885,0.004214963119072708
1064,1,6,7,0.0005268703898840885,0.0031612223393045306,0.0036880927291886192
1065,4,4,8,0.002107481559536354,0.002107481559536354,0.004214963119072708
1066,9,8,17,0.004741833508956796,0.004214963119072708,0.008956796628029505
1067,1,0,1,0.0005268703898840885,0.0,0.0005268703898840885
1068,21,11,32,0.011064278187565857,0.005795574288724973,0.01685985247629083
1069,13,20,33,0.00684931506849315,0.01053740779768177,0.01738672286617492
1070,5,3,8,0.0026343519494204425,0.0015806111696522653,0.004214963119072708
1071,6,3,9,0.0031612223393045306,0.0015806111696522653,0.004741833508956796
1072,45,23,68,0.02370916754478398,0.012118018967334035,0.03582718651211802
1073,1,0,1,0.0005268703898840885,0.0,0.0005268703898840885
1074,3,2,5,0.0015806111696522653,0.001053740779768177,0.0026343519494204425
1075,6,5,11,0.0031612223393045306,0.0026343519494204425,0.005795574288724973
1076,2,4,6,0.001053740779768177,0.002107481559536354,0.0031612223393045306
1077,3,1,4,0.0015806111696522653,0.0005268703898840885,0.002107481559536354
1078,3,2,5,0.0015806111696522653,0.001053740779768177,0.0026343519494204425
1079,11,13,24,0.005795574288724973,0.00684931506849315,0.012644889357218123
1080,7,3,10,0.0036880927291886192,0.0015806111696522653,0.005268703898840885
1081,3,2,5,0.0015806111696522653,0.001053740779768177,0.0026343519494204425
1082,1,1,2,0.0005268703898840885,0.0005268703898840885,0.001053740779768177
1083,12,11,23,0.006322444678609061,0.005795574288724973,0.012118018967334035
1084,1,0,1,0.0005268703898840885,0.0,0.0005268703898840885
1085,1,0,1,0.0005268703898840885,0.0,0.0005268703898840885
1086,1,0,1,0.0005268703898840885,0.0,0.0005268703898840885
1087,0,13,13,0.0,0.00684931506849315,0.00684931506849315
1088,1,0,1,0.0005268703898840885,0.0,0.0005268703898840885
1089,0,6,6,0.0,0.0031612223393045306,0.0031612223393045306
1090,2,1,3,0.001053740779768177,0.0005268703898840885,0.0015806111696522653
1091,6,1,7,0.0031612223393045306,0.0005268703898840885,0.0036880927291886192
1092,4,0,4,0.002107481559536354,0.0,0.002107481559536354
1093,12,11,23,0.006322444678609061,0.005795574288724973,0.012118018967334035
1094,2,1,3,0.001053740779768177,0.0005268703898840885,0.0015806111696522653
1095,1,0,1,0.0005268703898840885,0.0,0.0005268703898840885
1096,1,0,1,0.0005268703898840885,0.0,0.0005268703898840885
1097,20,17,37,0.01053740779768177,0.008956796628029505,0.019494204425711273
1098,1,0,1,0.0005268703898840885,0.0,0.0005268703898840885
1099,4,1,5,0.002107481559536354,0.0005268703898840885,0.0026343519494204425
1100,12,5,17,0.006322444678609061,0.0026343519494204425,0.008956796628029505
1101,6,15,21,0.0031612223393045306,0.007903055848261327,0.011064278187565857
1102,4,1,5,0.002107481559536354,0.0005268703898840885,0.0026343519494204425
1103,32,10,42,0.01685985247629083,0.005268703898840885,0.022128556375131715
1104,6,3,9,0.0031612223393045306,0.0015806111696522653,0.004741833508956796
1105,10,9,19,0.005268703898840885,0.004741833508956796,0.010010537407797681
1106,1,0,1,0.0005268703898840885,0.0,0.0005268703898840885
1107,5,3,8,0.0026343519494204425,0.0015806111696522653,0.004214963119072708
1108,3,0,3,0.0015806111696522653,0.0,0.0015806111696522653
1109,1,0,1,0.0005268703898840885,0.0,0.0005268703898840885
1110,5,10,15,0.0026343519494204425,0.005268703898840885,0.007903055848261327
1111,14,8,22,0.0073761854583772385,0.004214963119072708,0.011591148577449946
1112,1,0,1,0.0005268703898840885,0.0,0.0005268703898840885
1113,29,69,98,0.015279241306638566,0.03635405690200211,0.05163329820864067
1114,3,4,7,0.0015806111696522653,0.002107481559536354,0.0036880927291886192
1115,1,0,1,0.0005268703898840885,0.0,0.0005268703898840885
1116,2,0,2,0.001053740779768177,0.0,0.001053740779768177
1117,22,13,35,0.011591148577449946,0.00684931506849315,0.0184404636459431
1118,30,36,66,0.015806111696522653,0.018967334035827184,0.03477344573234984
1119,0,1,1,0.0,0.0005268703898840885,0.0005268703898840885
1120,1,4,5,0.0005268703898840885,0.002107481559536354,0.0026343519494204425
1121,5,3,8,0.0026343519494204425,0.0015806111696522653,0.004214963119072708
1122,4,0,4,0.002107481559536354,0.0,0.002107481559536354
1123,5,3,8,0.0026343519494204425,0.0015806111696522653,0.004214963119072708
1124,5,2,7,0.0026343519494204425,0.001053740779768177,0.0036880927291886192
1125,2,0,2,0.001053740779768177,0.0,0.001053740779768177
1126,4,4,8,0.002107481559536354,0.002107481559536354,0.004214963119072708
1127,42,61,103,0.022128556375131715,0.032139093782929395,0.05426765015806111
1128,1,1,2,0.0005268703898840885,0.0005268703898840885,0.001053740779768177
1129,3,1,4,0.0015806111696522653,0.0005268703898840885,0.002107481559536354
1130,18,8,26,0.009483667017913592,0.004214963119072708,0.0136986301369863
1131,14,4,18,0.0073761854583772385,0.002107481559536354,0.009483667017913592
1132,19,17,36,0.010010537407797681,0.008956796628029505,0.018967334035827184
1133,1,0,1,0.0005268703898840885,0.0,0.0005268703898840885
1134,1,0,1,0.0005268703898840885,0.0,0.0005268703898840885
1135,1,0,1,0.0005268703898840885,0.0,0.0005268703898840885
1136,23,31,54,0.012118018967334035,0.016332982086406742,0.02845100105374078
1137,7,3,10,0.0036880927291886192,0.0015806111696522653,0.005268703898840885
1138,18,15,33,0.009483667017913592,0.007903055848261327,0.01738672286617492
1139,7,0,7,0.0036880927291886192,0.0,0.0036880927291886192
1140,0,1,1,0.0,0.0005268703898840885,0.0005268703898840885
1141,2,0,2,0.001053740779768177,0.0,0.001053740779768177
1142,24,24,48,0.012644889357218123,0.012644889357218123,0.025289778714436245
1143,1,0,1,0.0005268703898840885,0.0,0.0005268703898840885
1144,2,0,2,0.001053740779768177,0.0,0.001053740779768177
1145,2,0,2,0.001053740779768177,0.0,0.001053740779768177
1146,4,2,6,0.002107481559536354,0.001053740779768177,0.0031612223393045306
1147,1,0,1,0.0005268703898840885,0.0,0.0005268703898840885
1148,1,0,1,0.0005268703898840885,0.0,0.0005268703898840885
1149,2,0,2,0.001053740779768177,0.0,0.001053740779768177
1150,1,0,1,0.0005268703898840885,0.0,0.0005268703898840885
1151,1,0,1,0.0005268703898840885,0.0,0.0005268703898840885
1152,1,0,1,0.0005268703898840885,0.0,0.0005268703898840885
1153,6,6,12,0.0031612223393045306,0.0031612223393045306,0.006322444678609061
1154,4,3,7,0.002107481559536354,0.0015806111696522653,0.0036880927291886192
1155,0,1,1,0.0,0.0005268703898840885,0.0005268703898840885
1156,2,0,2,0.001053740779768177,0.0,0.001053740779768177
1157,3,0,3,0.0015806111696522653,0.0,0.0015806111696522653
1158,24,27,51,0.012644889357218123,0.01422550052687039,0.026870389884088512
1159,0,1,1,0.0,0.0005268703898840885,0.0005268703898840885
1160,1,0,1,0.0005268703898840885,0.0,0.0005268703898840885
1161,6,2,8,0.0031612223393045306,0.001053740779768177,0.004214963119072708
1162,2,3,5,0.001053740779768177,0.0015806111696522653,0.0026343519494204425
1163,5,2,7,0.0026343519494204425,0.001053740779768177,0.0036880927291886192
1164,1,0,1,0.0005268703898840885,0.0,0.0005268703898840885
1165,2,4,6,0.001053740779768177,0.002107481559536354,0.0031612223393045306
1166,1,1,2,0.0005268703898840885,0.0005268703898840885,0.001053740779768177
1167,19,20,39,0.010010537407797681,0.01053740779768177,0.02054794520547945
1168,21,19,40,0.011064278187565857,0.010010537407797681,0.02107481559536354
1169,9,8,17,0.004741833508956796,0.004214963119072708,0.008956796628029505
1170,1,0,1,0.0005268703898840885,0.0,0.0005268703898840885
1171,5,2,7,0.0026343519494204425,0.001053740779768177,0.0036880927291886192
1172,1,1,2,0.0005268703898840885,0.0005268703898840885,0.001053740779768177
1173,14,10,24,0.0073761854583772385,0.005268703898840885,0.012644889357218123
1174,10,6,16,0.005268703898840885,0.0031612223393045306,0.008429926238145416
1175,4,3,7,0.002107481559536354,0.0015806111696522653,0.0036880927291886192
1176,5,4,9,0.0026343519494204425,0.002107481559536354,0.004741833508956796
1177,2,1,3,0.001053740779768177,0.0005268703898840885,0.0015806111696522653
1178,7,17,24,0.0036880927291886192,0.008956796628029505,0.012644889357218123
1179,3,3,6,0.0015806111696522653,0.0015806111696522653,0.0031612223393045306
1180,6,6,12,0.0031612223393045306,0.0031612223393045306,0.006322444678609061
1181,29,27,56,0.015279241306638566,0.01422550052687039,0.029504741833508954
1182,6,3,9,0.0031612223393045306,0.0015806111696522653,0.004741833508956796
1183,27,24,51,0.01422550052687039,0.012644889357218123,0.026870389884088512
1184,22,23,45,0.011591148577449946,0.012118018967334035,0.02370916754478398
1185,38,56,94,0.020021074815595362,0.029504741833508954,0.04952581664910432
1186,10,9,19,0.005268703898840885,0.004741833508956796,0.010010537407797681
1187,14,9,23,0.0073761854583772385,0.004741833508956796,0.012118018967334035
1188,5,1,6,0.0026343519494204425,0.0005268703898840885,0.0031612223393045306
1189,71,89,160,0.03740779768177028,0.046891464699683874,0.08429926238145416
1190,25,33,58,0.013171759747102212,0.01738672286617492,0.030558482613277132
1191,4,0,4,0.002107481559536354,0.0,0.002107481559536354
1192,2,0,2,0.001053740779768177,0.0,0.001053740779768177
1193,2,0,2,0.001053740779768177,0.0,0.001053740779768177
1194,2,1,3,0.001053740779768177,0.0005268703898840885,0.0015806111696522653
1195,4,4,8,0.002107481559536354,0.002107481559536354,0.004214963119072708
1196,8,8,16,0.004214963119072708,0.004214963119072708,0.008429926238145416
1197,1,0,1,0.0005268703898840885,0.0,0.0005268703898840885
1198,4,5,9,0.002107481559536354,0.0026343519494204425,0.004741833508956796
1199,4,7,11,0.002107481559536354,0.0036880927291886192,0.005795574288724973
1200,1,0,1,0.0005268703898840885,0.0,0.0005268703898840885
1201,1,0,1,0.0005268703898840885,0.0,0.0005268703898840885
1202,2,1,3,0.001053740779768177,0.0005268703898840885,0.0015806111696522653
1203,1,1,2,0.0005268703898840885,0.0005268703898840885,0.001053740779768177
1204,2,0,2,0.001053740779768177,0.0,0.001053740779768177
1205,0,1,1,0.0,0.0005268703898840885,0.0005268703898840885
1206,5,1,6,0.0026343519494204425,0.0005268703898840885,0.0031612223393045306
1207,4,3,7,0.002107481559536354,0.0015806111696522653,0.0036880927291886192
1208,10,0,10,0.005268703898840885,0.0,0.005268703898840885
1209,4,3,7,0.002107481559536354,0.0015806111696522653,0.0036880927291886192
1210,2,0,2,0.001053740779768177,0.0,0.001053740779768177
1211,11,8,19,0.005795574288724973,0.004214963119072708,0.010010537407797681
1212,1,0,1,0.0005268703898840885,0.0,0.0005268703898840885
1213,8,14,22,0.004214963119072708,0.0073761854583772385,0.011591148577449946
1214,6,12,18,0.0031612223393045306,0.006322444678609061,0.009483667017913592
1215,15,27,42,0.007903055848261327,0.01422550052687039,0.022128556375131715
1216,12,3,15,0.006322444678609061,0.0015806111696522653,0.007903055848261327
1217,26,12,38,0.0136986301369863,0.006322444678609061,0.020021074815595362
1218,2,1,3,0.001053740779768177,0.0005268703898840885,0.0015806111696522653
1219,4,4,8,0.002107481559536354,0.002107481559536354,0.004214963119072708
1220,2,1,3,0.001053740779768177,0.0005268703898840885,0.0015806111696522653
1221,1,0,1,0.0005268703898840885,0.0,0.0005268703898840885
1222,1,0,1,0.0005268703898840885,0.0,0.0005268703898840885
1223,3,2,5,0.0015806111696522653,0.001053740779768177,0.0026343519494204425
1224,9,8,17,0.004741833508956796,0.004214963119072708,0.008956796628029505
1225,2,2,4,0.001053740779768177,0.001053740779768177,0.002107481559536354
1226,3,2,5,0.0015806111696522653,0.001053740779768177,0.0026343519494204425
1227,18,13,31,0.009483667017913592,0.00684931506849315,0.016332982086406742
1228,2,2,4,0.001053740779768177,0.001053740779768177,0.002107481559536354
1229,1,0,1,0.0005268703898840885,0.0,0.0005268703898840885
1230,4,0,4,0.002107481559536354,0.0,0.002107481559536354
1231,32,28,60,0.01685985247629083,0.014752370916754477,0.031612223393045306
1232,2,0,2,0.001053740779768177,0.0,0.001053740779768177
1233,1,4,5,0.0005268703898840885,0.002107481559536354,0.0026343519494204425
1234,10,11,21,0.005268703898840885,0.005795574288724973,0.011064278187565857
1235,5,8,13,0.0026343519494204425,0.004214963119072708,0.00684931506849315
1236,23,76,99,0.012118018967334035,0.040042149631190724,0.05216016859852476
1237,12,13,25,0.006322444678609061,0.00684931506849315,0.013171759747102212
1238,11,9,20,0.005795574288724973,0.004741833508956796,0.01053740779768177
1239,3,2,5,0.0015806111696522653,0.001053740779768177,0.0026343519494204425
1240,2,3,5,0.001053740779768177,0.0015806111696522653,0.0026343519494204425
1241,7,4,11,0.0036880927291886192,0.002107481559536354,0.005795574288724973
1242,1,1,2,0.0005268703898840885,0.0005268703898840885,0.001053740779768177
1243,2,1,3,0.001053740779768177,0.0005268703898840885,0.0015806111696522653
1244,26,13,39,0.0136986301369863,0.00684931506849315,0.02054794520547945
1245,1,1,2,0.0005268703898840885,0.0005268703898840885,0.001053740779768177
1246,32,28,60,0.01685985247629083,0.014752370916754477,0.031612223393045306
1247,3,2,5,0.0015806111696522653,0.001053740779768177,0.0026343519494204425
1248,23,23,46,0.012118018967334035,0.012118018967334035,0.02423603793466807
1249,3,2,5,0.0015806111696522653,0.001053740779768177,0.0026343519494204425
1250,1,0,1,0.0005268703898840885,0.0,0.0005268703898840885
1251,5,0,5,0.0026343519494204425,0.0,0.0026343519494204425
1252,7,4,11,0.0036880927291886192,0.002107481559536354,0.005795574288724973
1253,30,37,67,0.015806111696522653,0.019494204425711273,0.03530031612223393
1254,2,1,3,0.001053740779768177,0.0005268703898840885,0.0015806111696522653
1255,63,54,117,0.033192834562697573,0.02845100105374078,0.06164383561643835
1256,7,6,13,0.0036880927291886192,0.0031612223393045306,0.00684931506849315
1257,1,0,1,0.0005268703898840885,0.0,0.0005268703898840885
1258,1,1,2,0.0005268703898840885,0.0005268703898840885,0.001053740779768177
1259,1,1,2,0.0005268703898840885,0.0005268703898840885,0.001053740779768177
1260,33,16,49,0.01738672286617492,0.008429926238145416,0.025816649104320334
1261,5,1,6,0.0026343519494204425,0.0005268703898840885,0.0031612223393045306
1262,7,4,11,0.0036880927291886192,0.002107481559536354,0.005795574288724973
1263,1,1,2,0.0005268703898840885,0.0005268703898840885,0.001053740779768177
1264,3,3,6,0.0015806111696522653,0.0015806111696522653,0.0031612223393045306
1265,5,2,7,0.0026343519494204425,0.001053740779768177,0.0036880927291886192
1266,1,0,1,0.0005268703898840885,0.0,0.0005268703898840885
1267,2,3,5,0.001053740779768177,0.0015806111696522653,0.0026343519494204425
1268,7,8,15,0.0036880927291886192,0.004214963119072708,0.007903055848261327
1269,20,43,63,0.01053740779768177,0.022655426765015804,0.033192834562697573
1270,12,9,21,0.006322444678609061,0.004741833508956796,0.011064278187565857
1271,7,6,13,0.0036880927291886192,0.0031612223393045306,0.00684931506849315
1272,10,21,31,0.005268703898840885,0.011064278187565857,0.016332982086406742
1273,4,2,6,0.002107481559536354,0.001053740779768177,0.0031612223393045306
1274,7,6,13,0.0036880927291886192,0.0031612223393045306,0.00684931506849315
1275,1,0,1,0.0005268703898840885,0.0,0.0005268703898840885
1276,2,0,2,0.001053740779768177,0.0,0.001053740779768177
1277,1,0,1,0.0005268703898840885,0.0,0.0005268703898840885
1278,1,0,1,0.0005268703898840885,0.0,0.0005268703898840885
1279,8,4,12,0.004214963119072708,0.002107481559536354,0.006322444678609061
1280,44,46,90,0.023182297154899893,0.02423603793466807,0.04741833508956796
1281,64,100,164,0.03371970495258166,0.052687038988408846,0.08640674394099052
1282,10,10,20,0.005268703898840885,0.005268703898840885,0.01053740779768177
1283,96,125,221,0.05057955742887249,0.06585879873551106,0.11643835616438356
1284,28,25,53,0.014752370916754477,0.013171759747102212,0.02792413066385669
1285,35,43,78,0.0184404636459431,0.022655426765015804,0.0410958904109589
1286,3,8,11,0.0015806111696522653,0.004214963119072708,0.005795574288724973
1287,11,7,18,0.005795574288724973,0.0036880927291886192,0.009483667017913592
1288,1,1,2,0.0005268703898840885,0.0005268703898840885,0.001053740779768177
1289,6,3,9,0.0031612223393045306,0.0015806111696522653,0.004741833508956796
1290,2,5,7,0.001053740779768177,0.0026343519494204425,0.0036880927291886192
1291,12,10,22,0.006322444678609061,0.005268703898840885,0.011591148577449946
1292,6,7,13,0.0031612223393045306,0.0036880927291886192,0.00684931506849315
1293,1,0,1,0.0005268703898840885,0.0,0.0005268703898840885
1294,7,2,9,0.0036880927291886192,0.001053740779768177,0.004741833508956796
1295,9,7,16,0.004741833508956796,0.0036880927291886192,0.008429926238145416
1296,7,0,7,0.0036880927291886192,0.0,0.0036880927291886192
1297,10,10,20,0.005268703898840885,0.005268703898840885,0.01053740779768177
1298,5,4,9,0.0026343519494204425,0.002107481559536354,0.004741833508956796
1299,11,1,12,0.005795574288724973,0.0005268703898840885,0.006322444678609061
1300,1,1,2,0.0005268703898840885,0.0005268703898840885,0.001053740779768177
1301,2,0,2,0.001053740779768177,0.0,0.001053740779768177
1302,21,13,34,0.011064278187565857,0.00684931506849315,0.01791359325605901
1303,1,1,2,0.0005268703898840885,0.0005268703898840885,0.001053740779768177
1304,6,3,9,0.0031612223393045306,0.0015806111696522653,0.004741833508956796
1305,1,1,2,0.0005268703898840885,0.0005268703898840885,0.001053740779768177
1306,3,3,6,0.0015806111696522653,0.0015806111696522653,0.0031612223393045306
1307,1,0,1,0.0005268703898840885,0.0,0.0005268703898840885
1308,9,6,15,0.004741833508956796,0.0031612223393045306,0.007903055848261327
1309,1,0,1,0.0005268703898840885,0.0,0.0005268703898840885
1310,12,9,21,0.006322444678609061,0.004741833508956796,0.011064278187565857
1311,1,1,2,0.0005268703898840885,0.0005268703898840885,0.001053740779768177
1312,26,26,52,0.0136986301369863,0.0136986301369863,0.0273972602739726
1313,26,25,51,0.0136986301369863,0.013171759747102212,0.026870389884088512
1314,4,3,7,0.002107481559536354,0.0015806111696522653,0.0036880927291886192
1315,5,4,9,0.0026343519494204425,0.002107481559536354,0.004741833508956796
1316,8,7,15,0.004214963119072708,0.0036880927291886192,0.007903055848261327
1317,18,15,33,0.009483667017913592,0.007903055848261327,0.01738672286617492
1318,1,0,1,0.0005268703898840885,0.0,0.0005268703898840885
1319,4,5,9,0.002107481559536354,0.0026343519494204425,0.004741833508956796
1320,2,2,4,0.001053740779768177,0.001053740779768177,0.002107481559536354
1321,3,2,5,0.0015806111696522653,0.001053740779768177,0.0026343519494204425
1322,2,0,2,0.001053740779768177,0.0,0.001053740779768177
1323,5,3,8,0.0026343519494204425,0.0015806111696522653,0.004214963119072708
1324,2,0,2,0.001053740779768177,0.0,0.001053740779768177
1325,8,8,16,0.004214963119072708,0.004214963119072708,0.008429926238145416
1326,15,17,32,0.007903055848261327,0.008956796628029505,0.01685985247629083
1327,1,2,3,0.0005268703898840885,0.001053740779768177,0.0015806111696522653
1328,6,14,20,0.0031612223393045306,0.0073761854583772385,0.01053740779768177
1329,11,6,17,0.005795574288724973,0.0031612223393045306,0.008956796628029505
1330,1,0,1,0.0005268703898840885,0.0,0.0005268703898840885
1331,0,3,3,0.0,0.0015806111696522653,0.0015806111696522653
1332,25,34,59,0.013171759747102212,0.01791359325605901,0.03108535300316122
1333,0,1,1,0.0,0.0005268703898840885,0.0005268703898840885
1334,4,3,7,0.002107481559536354,0.0015806111696522653,0.0036880927291886192
1335,13,7,20,0.00684931506849315,0.0036880927291886192,0.01053740779768177
1336,5,1,6,0.0026343519494204425,0.0005268703898840885,0.0031612223393045306
1337,2,0,2,0.001053740779768177,0.0,0.001053740779768177
1338,26,29,55,0.0136986301369863,0.015279241306638566,0.028977871443624865
1339,32,40,72,0.01685985247629083,0.02107481559536354,0.03793466807165437
1340,15,12,27,0.007903055848261327,0.006322444678609061,0.01422550052687039
1341,1,0,1,0.0005268703898840885,0.0,0.0005268703898840885
1342,15,8,23,0.007903055848261327,0.004214963119072708,0.012118018967334035
1343,27,28,55,0.01422550052687039,0.014752370916754477,0.028977871443624865
1344,17,16,33,0.008956796628029505,0.008429926238145416,0.01738672286617492
1345,1,0,1,0.0005268703898840885,0.0,0.0005268703898840885
1346,35,26,61,0.0184404636459431,0.0136986301369863,0.032139093782929395
1347,1,0,1,0.0005268703898840885,0.0,0.0005268703898840885
1348,2,0,2,0.001053740779768177,0.0,0.001053740779768177
1349,15,9,24,0.007903055848261327,0.004741833508956796,0.012644889357218123
1350,8,3,11,0.004214963119072708,0.0015806111696522653,0.005795574288724973
1351,3,0,3,0.0015806111696522653,0.0,0.0015806111696522653
1352,5,3,8,0.0026343519494204425,0.0015806111696522653,0.004214963119072708
1353,5,2,7,0.0026343519494204425,0.001053740779768177,0.0036880927291886192
1354,7,5,12,0.0036880927291886192,0.0026343519494204425,0.006322444678609061
1355,4,3,7,0.002107481559536354,0.0015806111696522653,0.0036880927291886192
1356,9,7,16,0.004741833508956796,0.0036880927291886192,0.008429926238145416
1357,1,0,1,0.0005268703898840885,0.0,0.0005268703898840885
1358,3,13,16,0.0015806111696522653,0.00684931506849315,0.008429926238145416
1359,15,13,28,0.007903055848261327,0.00684931506849315,0.014752370916754477
1360,1,0,1,0.0005268703898840885,0.0,0.0005268703898840885
1361,2,1,3,0.001053740779768177,0.0005268703898840885,0.0015806111696522653
1362,19,14,33,0.010010537407797681,0.0073761854583772385,0.01738672286617492
1363,4,0,4,0.002107481559536354,0.0,0.002107481559536354
1364,3,3,6,0.0015806111696522653,0.0015806111696522653,0.0031612223393045306
1365,16,13,29,0.008429926238145416,0.00684931506849315,0.015279241306638566
1366,1,0,1,0.0005268703898840885,0.0,0.0005268703898840885
1367,6,5,11,0.0031612223393045306,0.0026343519494204425,0.005795574288724973
1368,2,3,5,0.001053740779768177,0.0015806111696522653,0.0026343519494204425
1369,2,2,4,0.001053740779768177,0.001053740779768177,0.002107481559536354
1370,2,2,4,0.001053740779768177,0.001053740779768177,0.002107481559536354
1371,3,1,4,0.0015806111696522653,0.0005268703898840885,0.002107481559536354
1372,8,0,8,0.004214963119072708,0.0,0.004214963119072708
1373,16,25,41,0.008429926238145416,0.013171759747102212,0.02160168598524763
1374,5,1,6,0.0026343519494204425,0.0005268703898840885,0.0031612223393045306
1375,6,11,17,0.0031612223393045306,0.005795574288724973,0.008956796628029505
1376,5,1,6,0.0026343519494204425,0.0005268703898840885,0.0031612223393045306
1377,10,4,14,0.005268703898840885,0.002107481559536354,0.0073761854583772385
1378,3,2,5,0.0015806111696522653,0.001053740779768177,0.0026343519494204425
1379,13,13,26,0.00684931506849315,0.00684931506849315,0.0136986301369863
1380,4,1,5,0.002107481559536354,0.0005268703898840885,0.0026343519494204425
1381,17,17,34,0.008956796628029505,0.008956796628029505,0.01791359325605901
1382,2,2,4,0.001053740779768177,0.001053740779768177,0.002107481559536354
1383,11,14,25,0.005795574288724973,0.0073761854583772385,0.013171759747102212
1384,9,3,12,0.004741833508956796,0.0015806111696522653,0.006322444678609061
1385,3,0,3,0.0015806111696522653,0.0,0.0015806111696522653
1386,4,2,6,0.002107481559536354,0.001053740779768177,0.0031612223393045306
1387,14,17,31,0.0073761854583772385,0.008956796628029505,0.016332982086406742
1388,1,0,1,0.0005268703898840885,0.0,0.0005268703898840885
1389,1,0,1,0.0005268703898840885,0.0,0.0005268703898840885
1390,2,0,2,0.001053740779768177,0.0,0.001053740779768177
1391,5,1,6,0.0026343519494204425,0.0005268703898840885,0.0031612223393045306
1392,2,0,2,0.001053740779768177,0.0,0.001053740779768177
1393,11,13,24,0.005795574288724973,0.00684931506849315,0.012644889357218123
1394,2,0,2,0.001053740779768177,0.0,0.001053740779768177
1395,15,13,28,0.007903055848261327,0.00684931506849315,0.014752370916754477
1396,1,3,4,0.0005268703898840885,0.0015806111696522653,0.002107481559536354
1397,9,9,18,0.004741833508956796,0.004741833508956796,0.009483667017913592
1398,4,4,8,0.002107481559536354,0.002107481559536354,0.004214963119072708
1399,2,3,5,0.001053740779768177,0.0015806111696522653,0.0026343519494204425
1400,4,4,8,0.002107481559536354,0.002107481559536354,0.004214963119072708
1401,5,4,9,0.0026343519494204425,0.002107481559536354,0.004741833508956796
1402,59,59,118,0.03108535300316122,0.03108535300316122,0.06217070600632244
1403,17,15,32,0.008956796628029505,0.007903055848261327,0.01685985247629083
1404,0,2,2,0.0,0.001053740779768177,0.001053740779768177
1405,1,2,3,0.0005268703898840885,0.001053740779768177,0.0015806111696522653
1406,24,34,58,0.012644889357218123,0.01791359325605901,0.030558482613277132
1407,2,1,3,0.001053740779768177,0.0005268703898840885,0.0015806111696522653
1408,6,4,10,0.0031612223393045306,0.002107481559536354,0.005268703898840885
1409,4,4,8,0.002107481559536354,0.002107481559536354,0.004214963119072708
1410,2,2,4,0.001053740779768177,0.001053740779768177,0.002107481559536354
1411,1,0,1,0.0005268703898840885,0.0,0.0005268703898840885
1412,10,4,14,0.005268703898840885,0.002107481559536354,0.0073761854583772385
1413,17,16,33,0.008956796628029505,0.008429926238145416,0.01738672286617492
1414,2,1,3,0.001053740779768177,0.0005268703898840885,0.0015806111696522653
1415,8,6,14,0.004214963119072708,0.0031612223393045306,0.0073761854583772385
1416,3,12,15,0.0015806111696522653,0.006322444678609061,0.007903055848261327
1417,17,4,21,0.008956796628029505,0.002107481559536354,0.011064278187565857
1418,1,0,1,0.0005268703898840885,0.0,0.0005268703898840885
1419,8,1,9,0.004214963119072708,0.0005268703898840885,0.004741833508956796
1420,11,3,14,0.005795574288724973,0.0015806111696522653,0.0073761854583772385
1421,12,7,19,0.006322444678609061,0.0036880927291886192,0.010010537407797681
1422,2,2,4,0.001053740779768177,0.001053740779768177,0.002107481559536354
1423,13,10,23,0.00684931506849315,0.005268703898840885,0.012118018967334035
1424,5,4,9,0.0026343519494204425,0.002107481559536354,0.004741833508956796
1425,7,6,13,0.0036880927291886192,0.0031612223393045306,0.00684931506849315
1426,11,5,16,0.005795574288724973,0.0026343519494204425,0.008429926238145416
1427,4,2,6,0.002107481559536354,0.001053740779768177,0.0031612223393045306
1428,1,0,1,0.0005268703898840885,0.0,0.0005268703898840885
1429,2,2,4,0.001053740779768177,0.001053740779768177,0.002107481559536354
1430,3,0,3,0.0015806111696522653,0.0,0.0015806111696522653
1431,5,4,9,0.0026343519494204425,0.002107481559536354,0.004741833508956796
1432,1,0,1,0.0005268703898840885,0.0,0.0005268703898840885
1433,8,10,18,0.004214963119072708,0.005268703898840885,0.009483667017913592
1434,19,30,49,0.010010537407797681,0.015806111696522653,0.025816649104320334
1435,3,2,5,0.0015806111696522653,0.001053740779768177,0.0026343519494204425
1436,18,16,34,0.009483667017913592,0.008429926238145416,0.01791359325605901
1437,3,3,6,0.0015806111696522653,0.0015806111696522653,0.0031612223393045306
1438,4,5,9,0.002107481559536354,0.0026343519494204425,0.004741833508956796
1439,0,1,1,0.0,0.0005268703898840885,0.0005268703898840885
1440,18,18,36,0.009483667017913592,0.009483667017913592,0.018967334035827184
1441,4,3,7,0.002107481559536354,0.0015806111696522653,0.0036880927291886192
1442,2,2,4,0.001053740779768177,0.001053740779768177,0.002107481559536354
1443,3,2,5,0.0015806111696522653,0.001053740779768177,0.0026343519494204425
1444,10,6,16,0.005268703898840885,0.0031612223393045306,0.008429926238145416
1445,4,0,4,0.002107481559536354,0.0,0.002107481559536354
1446,2,1,3,0.001053740779768177,0.0005268703898840885,0.0015806111696522653
1447,4,3,7,0.002107481559536354,0.0015806111696522653,0.0036880927291886192
1448,3,0,3,0.0015806111696522653,0.0,0.0015806111696522653
1449,20,7,27,0.01053740779768177,0.0036880927291886192,0.01422550052687039
1450,1,0,1,0.0005268703898840885,0.0,0.0005268703898840885
1451,2,0,2,0.001053740779768177,0.0,0.001053740779768177
1452,4,3,7,0.002107481559536354,0.0015806111696522653,0.0036880927291886192
1453,5,0,5,0.0026343519494204425,0.0,0.0026343519494204425
1454,3,1,4,0.0015806111696522653,0.0005268703898840885,0.002107481559536354
1455,1,0,1,0.0005268703898840885,0.0,0.0005268703898840885
1456,1,0,1,0.0005268703898840885,0.0,0.0005268703898840885
1457,1,0,1,0.0005268703898840885,0.0,0.0005268703898840885
1458,1,0,1,0.0005268703898840885,0.0,0.0005268703898840885
1459,1,0,1,0.0005268703898840885,0.0,0.0005268703898840885
1460,1,0,1,0.0005268703898840885,0.0,0.0005268703898840885
1461,3,1,4,0.0015806111696522653,0.0005268703898840885,0.002107481559536354
1462,1,0,1,0.0005268703898840885,0.0,0.0005268703898840885
1463,11,10,21,0.005795574288724973,0.005268703898840885,0.011064278187565857
1464,1,0,1,0.0005268703898840885,0.0,0.0005268703898840885
1465,1,0,1,0.0005268703898840885,0.0,0.0005268703898840885
1466,2,0,2,0.001053740779768177,0.0,0.001053740779768177
1467,5,2,7,0.0026343519494204425,0.001053740779768177,0.0036880927291886192
1468,7,7,14,0.0036880927291886192,0.0036880927291886192,0.0073761854583772385
1469,1,0,1,0.0005268703898840885,0.0,0.0005268703898840885
1470,4,0,4,0.002107481559536354,0.0,0.002107481559536354
1471,1,0,1,0.0005268703898840885,0.0,0.0005268703898840885
1472,20,19,39,0.01053740779768177,0.010010537407797681,0.02054794520547945
1473,1,0,1,0.0005268703898840885,0.0,0.0005268703898840885
1474,5,5,10,0.0026343519494204425,0.0026343519494204425,0.005268703898840885
1475,2,2,4,0.001053740779768177,0.001053740779768177,0.002107481559536354
1476,2,2,4,0.001053740779768177,0.001053740779768177,0.002107481559536354
1477,1,0,1,0.0005268703898840885,0.0,0.0005268703898840885
1478,3,0,3,0.0015806111696522653,0.0,0.0015806111696522653
1479,3,2,5,0.0015806111696522653,0.001053740779768177,0.0026343519494204425
1480,3,2,5,0.0015806111696522653,0.001053740779768177,0.0026343519494204425
1481,1,0,1,0.0005268703898840885,0.0,0.0005268703898840885
1482,2,0,2,0.001053740779768177,0.0,0.001053740779768177
1483,1,0,1,0.0005268703898840885,0.0,0.0005268703898840885
1484,1,0,1,0.0005268703898840885,0.0,0.0005268703898840885
1485,11,4,15,0.005795574288724973,0.002107481559536354,0.007903055848261327
1486,1,1,2,0.0005268703898840885,0.0005268703898840885,0.001053740779768177
1487,17,19,36,0.008956796628029505,0.010010537407797681,0.018967334035827184
1488,9,18,27,0.004741833508956796,0.009483667017913592,0.01422550052687039
1489,19,22,41,0.010010537407797681,0.011591148577449946,0.02160168598524763
1490,1,1,2,0.0005268703898840885,0.0005268703898840885,0.001053740779768177
1491,8,4,12,0.004214963119072708,0.002107481559536354,0.006322444678609061
1492,2,1,3,0.001053740779768177,0.0005268703898840885,0.0015806111696522653
1493,10,9,19,0.005268703898840885,0.004741833508956796,0.010010537407797681
1494,2,0,2,0.001053740779768177,0.0,0.001053740779768177
1495,1,0,1,0.0005268703898840885,0.0,0.0005268703898840885
1496,6,2,8,0.0031612223393045306,0.001053740779768177,0.004214963119072708
1497,20,3,23,0.01053740779768177,0.0015806111696522653,0.012118018967334035
1498,1,0,1,0.0005268703898840885,0.0,0.0005268703898840885
1499,1,0,1,0.0005268703898840885,0.0,0.0005268703898840885
1500,6,5,11,0.0031612223393045306,0.0026343519494204425,0.005795574288724973
1501,5,1,6,0.0026343519494204425,0.0005268703898840885,0.0031612223393045306
1502,3,5,8,0.0015806111696522653,0.0026343519494204425,0.004214963119072708
1503,2,1,3,0.001053740779768177,0.0005268703898840885,0.0015806111696522653
1504,2,1,3,0.001053740779768177,0.0005268703898840885,0.0015806111696522653
1505,7,0,7,0.0036880927291886192,0.0,0.0036880927291886192
1506,1,0,1,0.0005268703898840885,0.0,0.0005268703898840885
1507,7,8,15,0.0036880927291886192,0.004214963119072708,0.007903055848261327
1508,10,10,20,0.005268703898840885,0.005268703898840885,0.01053740779768177
1509,14,23,37,0.0073761854583772385,0.012118018967334035,0.019494204425711273
1510,9,4,13,0.004741833508956796,0.002107481559536354,0.00684931506849315
1511,2,0,2,0.001053740779768177,0.0,0.001053740779768177
1512,1,0,1,0.0005268703898840885,0.0,0.0005268703898840885
1513,7,5,12,0.0036880927291886192,0.0026343519494204425,0.006322444678609061
1514,4,3,7,0.002107481559536354,0.0015806111696522653,0.0036880927291886192
1515,2,0,2,0.001053740779768177,0.0,0.001053740779768177
1516,2,1,3,0.001053740779768177,0.0005268703898840885,0.0015806111696522653
1517,17,14,31,0.008956796628029505,0.0073761854583772385,0.016332982086406742
1518,7,4,11,0.0036880927291886192,0.002107481559536354,0.005795574288724973
1519,1,0,1,0.0005268703898840885,0.0,0.0005268703898840885
1520,12,19,31,0.006322444678609061,0.010010537407797681,0.016332982086406742
1521,5,9,14,0.0026343519494204425,0.004741833508956796,0.0073761854583772385
1522,11,17,28,0.005795574288724973,0.008956796628029505,0.014752370916754477
1523,2,3,5,0.001053740779768177,0.0015806111696522653,0.0026343519494204425
1524,1,0,1,0.0005268703898840885,0.0,0.0005268703898840885
1525,2,0,2,0.001053740779768177,0.0,0.001053740779768177
1526,12,2,14,0.006322444678609061,0.001053740779768177,0.0073761854583772385
1527,1,1,2,0.0005268703898840885,0.0005268703898840885,0.001053740779768177
1528,2,1,3,0.001053740779768177,0.0005268703898840885,0.0015806111696522653
1529,2,0,2,0.001053740779768177,0.0,0.001053740779768177
1530,1,1,2,0.0005268703898840885,0.0005268703898840885,0.001053740779768177
1531,1,0,1,0.0005268703898840885,0.0,0.0005268703898840885
1532,0,1,1,0.0,0.0005268703898840885,0.0005268703898840885
1533,1,2,3,0.0005268703898840885,0.001053740779768177,0.0015806111696522653
1534,3,2,5,0.0015806111696522653,0.001053740779768177,0.0026343519494204425
1535,4,6,10,0.002107481559536354,0.0031612223393045306,0.005268703898840885
1536,1,0,1,0.0005268703898840885,0.0,0.0005268703898840885
1537,2,2,4,0.001053740779768177,0.001053740779768177,0.002107481559536354
1538,2,0,2,0.001053740779768177,0.0,0.001053740779768177
1539,15,65,80,0.007903055848261327,0.03424657534246575,0.04214963119072708
1540,29,35,64,0.015279241306638566,0.0184404636459431,0.03371970495258166
1541,3,0,3,0.0015806111696522653,0.0,0.0015806111696522653
1542,14,13,27,0.0073761854583772385,0.00684931506849315,0.01422550052687039
1543,41,98,139,0.02160168598524763,0.05163329820864067,0.0732349841938883
1544,1,0,1,0.0005268703898840885,0.0,0.0005268703898840885
1545,9,14,23,0.004741833508956796,0.0073761854583772385,0.012118018967334035
1546,14,14,28,0.0073761854583772385,0.0073761854583772385,0.014752370916754477
1547,2,0,2,0.001053740779768177,0.0,0.001053740779768177
1548,8,8,16,0.004214963119072708,0.004214963119072708,0.008429926238145416
1549,1,0,1,0.0005268703898840885,0.0,0.0005268703898840885
1550,2,1,3,0.001053740779768177,0.0005268703898840885,0.0015806111696522653
1551,5,4,9,0.0026343519494204425,0.002107481559536354,0.004741833508956796
1552,1,2,3,0.0005268703898840885,0.001053740779768177,0.0015806111696522653
1553,4,2,6,0.002107481559536354,0.001053740779768177,0.0031612223393045306
1554,9,9,18,0.004741833508956796,0.004741833508956796,0.009483667017913592
1555,2,2,4,0.001053740779768177,0.001053740779768177,0.002107481559536354
1556,8,20,28,0.004214963119072708,0.01053740779768177,0.014752370916754477
1557,9,6,15,0.004741833508956796,0.0031612223393045306,0.007903055848261327
1558,3,0,3,0.0015806111696522653,0.0,0.0015806111696522653
1559,1,0,1,0.0005268703898840885,0.0,0.0005268703898840885
1560,1,0,1,0.0005268703898840885,0.0,0.0005268703898840885
1561,4,3,7,0.002107481559536354,0.0015806111696522653,0.0036880927291886192
1562,8,17,25,0.004214963119072708,0.008956796628029505,0.013171759747102212
1563,2,0,2,0.001053740779768177,0.0,0.001053740779768177
1564,1,3,4,0.0005268703898840885,0.0015806111696522653,0.002107481559536354
1565,36,26,62,0.018967334035827184,0.0136986301369863,0.032665964172813484
1566,4,1,5,0.002107481559536354,0.0005268703898840885,0.0026343519494204425
1567,1,0,1,0.0005268703898840885,0.0,0.0005268703898840885
1568,15,10,25,0.007903055848261327,0.005268703898840885,0.013171759747102212
1569,1,1,2,0.0005268703898840885,0.0005268703898840885,0.001053740779768177
1570,1,1,2,0.0005268703898840885,0.0005268703898840885,0.001053740779768177
1571,1,0,1,0.0005268703898840885,0.0,0.0005268703898840885
1572,2,2,4,0.001053740779768177,0.001053740779768177,0.002107481559536354
1573,16,5,21,0.008429926238145416,0.0026343519494204425,0.011064278187565857
1574,1,0,1,0.0005268703898840885,0.0,0.0005268703898840885
1575,3,3,6,0.0015806111696522653,0.0015806111696522653,0.0031612223393045306
1576,6,9,15,0.0031612223393045306,0.004741833508956796,0.007903055848261327
1577,5,3,8,0.0026343519494204425,0.0015806111696522653,0.004214963119072708
1578,6,5,11,0.0031612223393045306,0.0026343519494204425,0.005795574288724973
1579,6,9,15,0.0031612223393045306,0.004741833508956796,0.007903055848261327
1580,19,19,38,0.010010537407797681,0.010010537407797681,0.020021074815595362
1581,1,0,1,0.0005268703898840885,0.0,0.0005268703898840885
1582,11,7,18,0.005795574288724973,0.0036880927291886192,0.009483667017913592
1583,2,1,3,0.001053740779768177,0.0005268703898840885,0.0015806111696522653
1584,1,1,2,0.0005268703898840885,0.0005268703898840885,0.001053740779768177
1585,34,25,59,0.01791359325605901,0.013171759747102212,0.03108535300316122
1586,3,5,8,0.0015806111696522653,0.0026343519494204425,0.004214963119072708
1587,12,2,14,0.006322444678609061,0.001053740779768177,0.0073761854583772385
1588,4,4,8,0.002107481559536354,0.002107481559536354,0.004214963119072708
1589,1,0,1,0.0005268703898840885,0.0,0.0005268703898840885
1590,0,1,1,0.0,0.0005268703898840885,0.0005268703898840885
1591,2,0,2,0.001053740779768177,0.0,0.001053740779768177
1592,2,1,3,0.001053740779768177,0.0005268703898840885,0.0015806111696522653
1593,1,0,1,0.0005268703898840885,0.0,0.0005268703898840885
1594,5,6,11,0.0026343519494204425,0.0031612223393045306,0.005795574288724973
1595,1,0,1,0.0005268703898840885,0.0,0.0005268703898840885
1596,0,2,2,0.0,0.001053740779768177,0.001053740779768177
1597,3,0,3,0.0015806111696522653,0.0,0.0015806111696522653
1598,18,90,108,0.009483667017913592,0.04741833508956796,0.05690200210748156
1599,1,0,1,0.0005268703898840885,0.0,0.0005268703898840885
1600,1,0,1,0.0005268703898840885,0.0,0.0005268703898840885
1601,23,43,66,0.012118018967334035,0.022655426765015804,0.03477344573234984
1602,1,2,3,0.0005268703898840885,0.001053740779768177,0.0015806111696522653
1603,20,10,30,0.01053740779768177,0.005268703898840885,0.015806111696522653
1604,1,0,1,0.0005268703898840885,0.0,0.0005268703898840885
1605,2,1,3,0.001053740779768177,0.0005268703898840885,0.0015806111696522653
1606,1,2,3,0.0005268703898840885,0.001053740779768177,0.0015806111696522653
1607,1,0,1,0.0005268703898840885,0.0,0.0005268703898840885
1608,7,4,11,0.0036880927291886192,0.002107481559536354,0.005795574288724973
1609,1,0,1,0.0005268703898840885,0.0,0.0005268703898840885
1610,1,0,1,0.0005268703898840885,0.0,0.0005268703898840885
1611,1,1,2,0.0005268703898840885,0.0005268703898840885,0.001053740779768177
1612,1,0,1,0.0005268703898840885,0.0,0.0005268703898840885
1613,1,0,1,0.0005268703898840885,0.0,0.0005268703898840885
1614,0,1,1,0.0,0.0005268703898840885,0.0005268703898840885
1615,1,0,1,0.0005268703898840885,0.0,0.0005268703898840885
1616,19,12,31,0.010010537407797681,0.006322444678609061,0.016332982086406742
1617,2,2,4,0.001053740779768177,0.001053740779768177,0.002107481559536354
1618,5,0,5,0.0026343519494204425,0.0,0.0026343519494204425
1619,11,21,32,0.005795574288724973,0.011064278187565857,0.01685985247629083
1620,2,0,2,0.001053740779768177,0.0,0.001053740779768177
1621,3,2,5,0.0015806111696522653,0.001053740779768177,0.0026343519494204425
1622,4,0,4,0.002107481559536354,0.0,0.002107481559536354
1623,4,3,7,0.002107481559536354,0.0015806111696522653,0.0036880927291886192
1624,74,87,161,0.038988408851422546,0.045837723919915696,0.08482613277133824
1625,2,2,4,0.001053740779768177,0.001053740779768177,0.002107481559536354
1626,6,4,10,0.0031612223393045306,0.002107481559536354,0.005268703898840885
1627,3,1,4,0.0015806111696522653,0.0005268703898840885,0.002107481559536354
1628,1,0,1,0.0005268703898840885,0.0,0.0005268703898840885
1629,10,7,17,0.005268703898840885,0.0036880927291886192,0.008956796628029505
1630,2,2,4,0.001053740779768177,0.001053740779768177,0.002107481559536354
1631,1,0,1,0.0005268703898840885,0.0,0.0005268703898840885
1632,2,1,3,0.001053740779768177,0.0005268703898840885,0.0015806111696522653
1633,2,0,2,0.001053740779768177,0.0,0.001053740779768177
1634,1,0,1,0.0005268703898840885,0.0,0.0005268703898840885
1635,2,0,2,0.001053740779768177,0.0,0.001053740779768177
1636,5,2,7,0.0026343519494204425,0.001053740779768177,0.0036880927291886192
1637,5,2,7,0.0026343519494204425,0.001053740779768177,0.0036880927291886192
1638,1,4,5,0.0005268703898840885,0.002107481559536354,0.0026343519494204425
1639,4,2,6,0.002107481559536354,0.001053740779768177,0.0031612223393045306
1640,2,0,2,0.001053740779768177,0.0,0.001053740779768177
1641,14,8,22,0.0073761854583772385,0.004214963119072708,0.011591148577449946
1642,8,9,17,0.004214963119072708,0.004741833508956796,0.008956796628029505
1643,2,0,2,0.001053740779768177,0.0,0.001053740779768177
1644,41,42,83,0.02160168598524763,0.022128556375131715,0.04373024236037935
1645,3,0,3,0.0015806111696522653,0.0,0.0015806111696522653
1646,9,4,13,0.004741833508956796,0.002107481559536354,0.00684931506849315
1647,31,36,67,0.016332982086406742,0.018967334035827184,0.03530031612223393
1648,17,20,37,0.008956796628029505,0.01053740779768177,0.019494204425711273
1649,6,1,7,0.0031612223393045306,0.0005268703898840885,0.0036880927291886192
1650,1,0,1,0.0005268703898840885,0.0,0.0005268703898840885
1651,1,0,1,0.0005268703898840885,0.0,0.0005268703898840885
1652,3,1,4,0.0015806111696522653,0.0005268703898840885,0.002107481559536354
1653,2,2,4,0.001053740779768177,0.001053740779768177,0.002107481559536354
1654,1,0,1,0.0005268703898840885,0.0,0.0005268703898840885
1655,15,11,26,0.007903055848261327,0.005795574288724973,0.0136986301369863
1656,3,2,5,0.0015806111696522653,0.001053740779768177,0.0026343519494204425
1657,14,20,34,0.0073761854583772385,0.01053740779768177,0.01791359325605901
1658,0,2,2,0.0,0.001053740779768177,0.001053740779768177
1659,1,0,1,0.0005268703898840885,0.0,0.0005268703898840885
1660,1,0,1,0.0005268703898840885,0.0,0.0005268703898840885
1661,1,2,3,0.0005268703898840885,0.001053740779768177,0.0015806111696522653
1662,2,0,2,0.001053740779768177,0.0,0.001053740779768177
1663,1,1,2,0.0005268703898840885,0.0005268703898840885,0.001053740779768177
1664,1,0,1,0.0005268703898840885,0.0,0.0005268703898840885
1665,21,14,35,0.011064278187565857,0.0073761854583772385,0.0184404636459431
1666,1,0,1,0.0005268703898840885,0.0,0.0005268703898840885
1667,17,31,48,0.008956796628029505,0.016332982086406742,0.025289778714436245
1668,6,5,11,0.0031612223393045306,0.0026343519494204425,0.005795574288724973
1669,13,24,37,0.00684931506849315,0.012644889357218123,0.019494204425711273
1670,1,1,2,0.0005268703898840885,0.0005268703898840885,0.001053740779768177
1671,1,1,2,0.0005268703898840885,0.0005268703898840885,0.001053740779768177
1672,0,1,1,0.0,0.0005268703898840885,0.0005268703898840885
1673,6,5,11,0.0031612223393045306,0.0026343519494204425,0.005795574288724973
1674,1,0,1,0.0005268703898840885,0.0,0.0005268703898840885
1675,12,14,26,0.006322444678609061,0.0073761854583772385,0.0136986301369863
1676,9,7,16,0.004741833508956796,0.0036880927291886192,0.008429926238145416
1677,1,2,3,0.0005268703898840885,0.001053740779768177,0.0015806111696522653
1678,6,7,13,0.0031612223393045306,0.0036880927291886192,0.00684931506849315
1679,4,3,7,0.002107481559536354,0.0015806111696522653,0.0036880927291886192
1680,3,1,4,0.0015806111696522653,0.0005268703898840885,0.002107481559536354
1681,5,3,8,0.0026343519494204425,0.0015806111696522653,0.004214963119072708
1682,2,0,2,0.001053740779768177,0.0,0.001053740779768177
1683,2,0,2,0.001053740779768177,0.0,0.001053740779768177
1684,1,0,1,0.0005268703898840885,0.0,0.0005268703898840885
1685,1,0,1,0.0005268703898840885,0.0,0.0005268703898840885
1686,13,17,30,0.00684931506849315,0.008956796628029505,0.015806111696522653
1687,1,0,1,0.0005268703898840885,0.0,0.0005268703898840885
1688,6,6,12,0.0031612223393045306,0.0031612223393045306,0.006322444678609061
1689,3,0,3,0.0015806111696522653,0.0,0.0015806111696522653
1690,3,3,6,0.0015806111696522653,0.0015806111696522653,0.0031612223393045306
1691,1,0,1,0.0005268703898840885,0.0,0.0005268703898840885
1692,3,0,3,0.0015806111696522653,0.0,0.0015806111696522653
1693,1,0,1,0.0005268703898840885,0.0,0.0005268703898840885
1694,3,3,6,0.0015806111696522653,0.0015806111696522653,0.0031612223393045306
1695,1,0,1,0.0005268703898840885,0.0,0.0005268703898840885
1696,1,0,1,0.0005268703898840885,0.0,0.0005268703898840885
1697,1,0,1,0.0005268703898840885,0.0,0.0005268703898840885
1698,4,2,6,0.002107481559536354,0.001053740779768177,0.0031612223393045306
1699,3,0,3,0.0015806111696522653,0.0,0.0015806111696522653
1700,5,6,11,0.0026343519494204425,0.0031612223393045306,0.005795574288724973
1701,6,0,6,0.0031612223393045306,0.0,0.0031612223393045306
1702,1,0,1,0.0005268703898840885,0.0,0.0005268703898840885
1703,1,0,1,0.0005268703898840885,0.0,0.0005268703898840885
1704,1,2,3,0.0005268703898840885,0.001053740779768177,0.0015806111696522653
1705,1,0,1,0.0005268703898840885,0.0,0.0005268703898840885
1706,2,0,2,0.001053740779768177,0.0,0.001053740779768177
1707,1,0,1,0.0005268703898840885,0.0,0.0005268703898840885
1708,1,0,1,0.0005268703898840885,0.0,0.0005268703898840885
1709,1,0,1,0.0005268703898840885,0.0,0.0005268703898840885
1710,1,0,1,0.0005268703898840885,0.0,0.0005268703898840885
1711,1,0,1,0.0005268703898840885,0.0,0.0005268703898840885
1712,2,3,5,0.001053740779768177,0.0015806111696522653,0.0026343519494204425
1713,74,108,182,0.038988408851422546,0.05690200210748156,0.0958904109589041
1714,1,0,1,0.0005268703898840885,0.0,0.0005268703898840885
1715,3,0,3,0.0015806111696522653,0.0,0.0015806111696522653
1716,5,6,11,0.0026343519494204425,0.0031612223393045306,0.005795574288724973
1717,5,7,12,0.0026343519494204425,0.0036880927291886192,0.006322444678609061
1718,1,0,1,0.0005268703898840885,0.0,0.0005268703898840885
1719,2,0,2,0.001053740779768177,0.0,0.001053740779768177
1720,2,2,4,0.001053740779768177,0.001053740779768177,0.002107481559536354
1721,1,1,2,0.0005268703898840885,0.0005268703898840885,0.001053740779768177
1722,1,0,1,0.0005268703898840885,0.0,0.0005268703898840885
1723,1,1,2,0.0005268703898840885,0.0005268703898840885,0.001053740779768177
1724,22,22,44,0.011591148577449946,0.011591148577449946,0.023182297154899893
1725,3,3,6,0.0015806111696522653,0.0015806111696522653,0.0031612223393045306
1726,1,0,1,0.0005268703898840885,0.0,0.0005268703898840885
1727,6,15,21,0.0031612223393045306,0.007903055848261327,0.011064278187565857
1728,4,2,6,0.002107481559536354,0.001053740779768177,0.0031612223393045306
1729,1,0,1,0.0005268703898840885,0.0,0.0005268703898840885
1730,10,11,21,0.005268703898840885,0.005795574288724973,0.011064278187565857
1731,8,3,11,0.004214963119072708,0.0015806111696522653,0.005795574288724973
1732,2,2,4,0.001053740779768177,0.001053740779768177,0.002107481559536354
1733,1,1,2,0.0005268703898840885,0.0005268703898840885,0.001053740779768177
1734,3,2,5,0.0015806111696522653,0.001053740779768177,0.0026343519494204425
1735,1,0,1,0.0005268703898840885,0.0,0.0005268703898840885
1736,1,2,3,0.0005268703898840885,0.001053740779768177,0.0015806111696522653
1737,8,12,20,0.004214963119072708,0.006322444678609061,0.01053740779768177
1738,6,4,10,0.0031612223393045306,0.002107481559536354,0.005268703898840885
1739,6,3,9,0.0031612223393045306,0.0015806111696522653,0.004741833508956796
1740,1,1,2,0.0005268703898840885,0.0005268703898840885,0.001053740779768177
1741,7,30,37,0.0036880927291886192,0.015806111696522653,0.019494204425711273
1742,8,1,9,0.004214963119072708,0.0005268703898840885,0.004741833508956796
1743,2,0,2,0.001053740779768177,0.0,0.001053740779768177
1744,5,4,9,0.0026343519494204425,0.002107481559536354,0.004741833508956796
1745,2,0,2,0.001053740779768177,0.0,0.001053740779768177
1746,4,3,7,0.002107481559536354,0.0015806111696522653,0.0036880927291886192
1747,1,0,1,0.0005268703898840885,0.0,0.0005268703898840885
1748,15,14,29,0.007903055848261327,0.0073761854583772385,0.015279241306638566
1749,12,7,19,0.006322444678609061,0.0036880927291886192,0.010010537407797681
1750,8,11,19,0.004214963119072708,0.005795574288724973,0.010010537407797681
1751,1,0,1,0.0005268703898840885,0.0,0.0005268703898840885
1752,3,2,5,0.0015806111696522653,0.001053740779768177,0.0026343519494204425
1753,2,0,2,0.001053740779768177,0.0,0.001053740779768177
1754,2,1,3,0.001053740779768177,0.0005268703898840885,0.0015806111696522653
1755,1,1,2,0.0005268703898840885,0.0005268703898840885,0.001053740779768177
1756,23,31,54,0.012118018967334035,0.016332982086406742,0.02845100105374078
1757,1,0,1,0.0005268703898840885,0.0,0.0005268703898840885
1758,5,6,11,0.0026343519494204425,0.0031612223393045306,0.005795574288724973
1759,1,0,1,0.0005268703898840885,0.0,0.0005268703898840885
1760,2,0,2,0.001053740779768177,0.0,0.001053740779768177
1761,1,0,1,0.0005268703898840885,0.0,0.0005268703898840885
1762,3,4,7,0.0015806111696522653,0.002107481559536354,0.0036880927291886192
1763,2,1,3,0.001053740779768177,0.0005268703898840885,0.0015806111696522653
1764,1,0,1,0.0005268703898840885,0.0,0.0005268703898840885
1765,2,2,4,0.001053740779768177,0.001053740779768177,0.002107481559536354
1766,1,0,1,0.0005268703898840885,0.0,0.0005268703898840885
1767,2,0,2,0.001053740779768177,0.0,0.001053740779768177
1768,4,0,4,0.002107481559536354,0.0,0.002107481559536354
1769,1,0,1,0.0005268703898840885,0.0,0.0005268703898840885
1770,1,0,1,0.0005268703898840885,0.0,0.0005268703898840885
1771,10,11,21,0.005268703898840885,0.005795574288724973,0.011064278187565857
1772,3,3,6,0.0015806111696522653,0.0015806111696522653,0.0031612223393045306
1773,4,4,8,0.002107481559536354,0.002107481559536354,0.004214963119072708
1774,1,0,1,0.0005268703898840885,0.0,0.0005268703898840885
1775,5,5,10,0.0026343519494204425,0.0026343519494204425,0.005268703898840885
1776,1,0,1,0.0005268703898840885,0.0,0.0005268703898840885
1777,1,0,1,0.0005268703898840885,0.0,0.0005268703898840885
1778,1,1,2,0.0005268703898840885,0.0005268703898840885,0.001053740779768177
1779,1,0,1,0.0005268703898840885,0.0,0.0005268703898840885
1780,0,1,1,0.0,0.0005268703898840885,0.0005268703898840885
1781,16,16,32,0.008429926238145416,0.008429926238145416,0.01685985247629083
1782,1,0,1,0.0005268703898840885,0.0,0.0005268703898840885
1783,24,33,57,0.012644889357218123,0.01738672286617492,0.030031612223393043
1784,1,1,2,0.0005268703898840885,0.0005268703898840885,0.001053740779768177
1785,1,2,3,0.0005268703898840885,0.001053740779768177,0.0015806111696522653
1786,8,13,21,0.004214963119072708,0.00684931506849315,0.011064278187565857
1787,1,0,1,0.0005268703898840885,0.0,0.0005268703898840885
1788,5,1,6,0.0026343519494204425,0.0005268703898840885,0.0031612223393045306
1789,11,11,22,0.005795574288724973,0.005795574288724973,0.011591148577449946
1790,1,0,1,0.0005268703898840885,0.0,0.0005268703898840885
1791,2,3,5,0.001053740779768177,0.0015806111696522653,0.0026343519494204425
1792,18,16,34,0.009483667017913592,0.008429926238145416,0.01791359325605901
1793,2,1,3,0.001053740779768177,0.0005268703898840885,0.0015806111696522653
1794,1,0,1,0.0005268703898840885,0.0,0.0005268703898840885
1795,1,0,1,0.0005268703898840885,0.0,0.0005268703898840885
1796,18,13,31,0.009483667017913592,0.00684931506849315,0.016332982086406742
1797,1,1,2,0.0005268703898840885,0.0005268703898840885,0.001053740779768177
1798,1,1,2,0.0005268703898840885,0.0005268703898840885,0.001053740779768177
1799,2,2,4,0.001053740779768177,0.001053740779768177,0.002107481559536354
1800,2,2,4,0.001053740779768177,0.001053740779768177,0.002107481559536354
1801,2,2,4,0.001053740779768177,0.001053740779768177,0.002107481559536354
1802,1,1,2,0.0005268703898840885,0.0005268703898840885,0.001053740779768177
1803,1,0,1,0.0005268703898840885,0.0,0.0005268703898840885
1804,1,1,2,0.0005268703898840885,0.0005268703898840885,0.001053740779768177
1805,1,0,1,0.0005268703898840885,0.0,0.0005268703898840885
1806,2,0,2,0.001053740779768177,0.0,0.001053740779768177
1807,4,4,8,0.002107481559536354,0.002107481559536354,0.004214963119072708
1808,5,3,8,0.0026343519494204425,0.0015806111696522653,0.004214963119072708
1809,2,0,2,0.001053740779768177,0.0,0.001053740779768177
1810,1,0,1,0.0005268703898840885,0.0,0.0005268703898840885
1811,3,3,6,0.0015806111696522653,0.0015806111696522653,0.0031612223393045306
1812,0,1,1,0.0,0.0005268703898840885,0.0005268703898840885
1813,1,0,1,0.0005268703898840885,0.0,0.0005268703898840885
1814,3,4,7,0.0015806111696522653,0.002107481559536354,0.0036880927291886192
1815,1,1,2,0.0005268703898840885,0.0005268703898840885,0.001053740779768177
1816,1,0,1,0.0005268703898840885,0.0,0.0005268703898840885
1817,1,0,1,0.0005268703898840885,0.0,0.0005268703898840885
1818,1,0,1,0.0005268703898840885,0.0,0.0005268703898840885
1819,1,0,1,0.0005268703898840885,0.0,0.0005268703898840885
1820,1,0,1,0.0005268703898840885,0.0,0.0005268703898840885
1821,1,0,1,0.0005268703898840885,0.0,0.0005268703898840885
1822,1,0,1,0.0005268703898840885,0.0,0.0005268703898840885
1823,1,0,1,0.0005268703898840885,0.0,0.0005268703898840885
1824,1,0,1,0.0005268703898840885,0.0,0.0005268703898840885
1825,1,0,1,0.0005268703898840885,0.0,0.0005268703898840885
1826,1,0,1,0.0005268703898840885,0.0,0.0005268703898840885
1827,1,0,1,0.0005268703898840885,0.0,0.0005268703898840885
1828,1,0,1,0.0005268703898840885,0.0,0.0005268703898840885
1829,1,0,1,0.0005268703898840885,0.0,0.0005268703898840885
1830,1,0,1,0.0005268703898840885,0.0,0.0005268703898840885
1831,8,7,15,0.004214963119072708,0.0036880927291886192,0.007903055848261327
1832,1,0,1,0.0005268703898840885,0.0,0.0005268703898840885
1833,1,0,1,0.0005268703898840885,0.0,0.0005268703898840885
1834,1,0,1,0.0005268703898840885,0.0,0.0005268703898840885
1835,1,0,1,0.0005268703898840885,0.0,0.0005268703898840885
1836,8,17,25,0.004214963119072708,0.008956796628029505,0.013171759747102212
1837,2,0,2,0.001053740779768177,0.0,0.001053740779768177
1838,1,0,1,0.0005268703898840885,0.0,0.0005268703898840885
1839,9,7,16,0.004741833508956796,0.0036880927291886192,0.008429926238145416
1840,2,0,2,0.001053740779768177,0.0,0.001053740779768177
1841,1,0,1,0.0005268703898840885,0.0,0.0005268703898840885
1842,1,0,1,0.0005268703898840885,0.0,0.0005268703898840885
1843,2,0,2,0.001053740779768177,0.0,0.001053740779768177
1844,0,3,3,0.0,0.0015806111696522653,0.0015806111696522653
1845,2,0,2,0.001053740779768177,0.0,0.001053740779768177
1846,1,0,1,0.0005268703898840885,0.0,0.0005268703898840885
1847,5,0,5,0.0026343519494204425,0.0,0.0026343519494204425
1848,3,2,5,0.0015806111696522653,0.001053740779768177,0.0026343519494204425
1849,1,0,1,0.0005268703898840885,0.0,0.0005268703898840885
1850,1,0,1,0.0005268703898840885,0.0,0.0005268703898840885
1851,1,0,1,0.0005268703898840885,0.0,0.0005268703898840885
1852,6,6,12,0.0031612223393045306,0.0031612223393045306,0.006322444678609061
1853,1,0,1,0.0005268703898840885,0.0,0.0005268703898840885
1854,1,1,2,0.0005268703898840885,0.0005268703898840885,0.001053740779768177
1855,1,0,1,0.0005268703898840885,0.0,0.0005268703898840885
1856,1,0,1,0.0005268703898840885,0.0,0.0005268703898840885
1857,1,0,1,0.0005268703898840885,0.0,0.0005268703898840885
1858,1,0,1,0.0005268703898840885,0.0,0.0005268703898840885
1859,3,3,6,0.0015806111696522653,0.0015806111696522653,0.0031612223393045306
1860,2,3,5,0.001053740779768177,0.0015806111696522653,0.0026343519494204425
1861,1,0,1,0.0005268703898840885,0.0,0.0005268703898840885
1862,3,3,6,0.0015806111696522653,0.0015806111696522653,0.0031612223393045306
1863,1,0,1,0.0005268703898840885,0.0,0.0005268703898840885
1864,3,3,6,0.0015806111696522653,0.0015806111696522653,0.0031612223393045306
1865,9,3,12,0.004741833508956796,0.0015806111696522653,0.006322444678609061
1866,6,9,15,0.0031612223393045306,0.004741833508956796,0.007903055848261327
1867,1,0,1,0.0005268703898840885,0.0,0.0005268703898840885
1868,7,8,15,0.0036880927291886192,0.004214963119072708,0.007903055848261327
1869,1,1,2,0.0005268703898840885,0.0005268703898840885,0.001053740779768177
1870,2,1,3,0.001053740779768177,0.0005268703898840885,0.0015806111696522653
1871,1,1,2,0.0005268703898840885,0.0005268703898840885,0.001053740779768177
1872,3,2,5,0.0015806111696522653,0.001053740779768177,0.0026343519494204425
1873,1,0,1,0.0005268703898840885,0.0,0.0005268703898840885
1874,0,1,1,0.0,0.0005268703898840885,0.0005268703898840885
1875,3,1,4,0.0015806111696522653,0.0005268703898840885,0.002107481559536354
1876,3,8,11,0.0015806111696522653,0.004214963119072708,0.005795574288724973
1877,2,0,2,0.001053740779768177,0.0,0.001053740779768177
1878,5,9,14,0.0026343519494204425,0.004741833508956796,0.0073761854583772385
1879,3,2,5,0.0015806111696522653,0.001053740779768177,0.0026343519494204425
1880,1,0,1,0.0005268703898840885,0.0,0.0005268703898840885
1881,5,5,10,0.0026343519494204425,0.0026343519494204425,0.005268703898840885
1882,2,0,2,0.001053740779768177,0.0,0.001053740779768177
1883,1,0,1,0.0005268703898840885,0.0,0.0005268703898840885
1884,1,0,1,0.0005268703898840885,0.0,0.0005268703898840885
1885,1,0,1,0.0005268703898840885,0.0,0.0005268703898840885
1886,1,0,1,0.0005268703898840885,0.0,0.0005268703898840885
1887,1,0,1,0.0005268703898840885,0.0,0.0005268703898840885
1888,1,1,2,0.0005268703898840885,0.0005268703898840885,0.001053740779768177
1889,2,0,2,0.001053740779768177,0.0,0.001053740779768177
1890,1,0,1,0.0005268703898840885,0.0,0.0005268703898840885
1891,1,0,1,0.0005268703898840885,0.0,0.0005268703898840885
1892,1,1,2,0.0005268703898840885,0.0005268703898840885,0.001053740779768177
1893,1,2,3,0.0005268703898840885,0.001053740779768177,0.0015806111696522653
1894,1,0,1,0.0005268703898840885,0.0,0.0005268703898840885
1895,0,1,1,0.0,0.0005268703898840885,0.0005268703898840885
1896,0,1,1,0.0,0.0005268703898840885,0.0005268703898840885
1897,1,1,2,0.0005268703898840885,0.0005268703898840885,0.001053740779768177
1898,1,1,2,0.0005268703898840885,0.0005268703898840885,0.001053740779768177
1899,0,26,26,0.0,0.0136986301369863,0.0136986301369863
